job_id,product_type,quantity,priority,due_time,process_step,process_id,machine_id,load_type,start_time,end_time,setup_time_min,processing_time_min,total_time_min,operation_energy_kWh_est,uci_energy_kWh,uci_energy_cost,uci_peak_overlap_slots,uci_co2_kg
J027,A,106,1,2026-09-22 03:00:00,1,A-CUT,M01,Medium,2026-09-21 06:00:00,2026-09-21 07:30:00,0,90,90,108.0,108.0,9720.0,0,48.6
J027,A,106,1,2026-09-22 03:00:00,2,A-PRS,M04,Maximum,2026-09-21 07:30:00,2026-09-21 09:45:00,0,135,135,281.25,352.969,45493.75,0,211.781
J027,A,106,1,2026-09-22 03:00:00,3,A-INS,M05,Light,2026-09-21 09:45:00,2026-09-21 11:00:00,0,75,75,40.0,34.0,6936.0,4,11.9
J034,C,264,2,2026-09-23 03:00:00,1,C-ASM,M02,Medium,2026-09-21 06:00:00,2026-09-21 10:30:00,0,270,270,247.5,247.5,31350.0,2,111.375
J034,C,264,2,2026-09-23 03:00:00,2,C-HT,M03,Maximum,2026-09-21 10:30:00,2026-09-21 17:15:00,0,405,405,978.75,1228.331,197442.87,7,736.999
J034,C,264,2,2026-09-23 03:00:00,3,C-INS,M05,Light,2026-09-22 08:00:00,2026-09-22 10:55:00,10,165,175,89.067,79.333,13222.22,4,27.767
J070,B,152,3,2026-09-23 08:15:00,1,B-CUT,M01,Medium,2026-09-22 07:15:00,2026-09-22 09:35:00,20,120,140,148.8,168.0,21000.0,0,75.6
J070,B,152,3,2026-09-23 08:15:00,2,B-HT,M03,Maximum,2026-09-22 09:45:00,2026-09-22 14:20:00,35,240,275,596.917,834.052,144861.68,8,500.431
J070,B,152,3,2026-09-23 08:15:00,3,B-ASM,M02,Medium,2026-09-22 14:30:00,2026-09-22 17:30:00,15,165,180,154.0,165.0,25300.0,2,74.25
J052,C,298,2,2026-09-23 08:30:00,1,C-ASM,M02,Medium,2026-09-21 10:30:00,2026-09-21 15:45:00,15,300,315,277.75,288.75,47025.0,6,129.938
J052,C,298,2,2026-09-23 08:30:00,2,C-HT,M03,Maximum,2026-09-21 17:15:00,2026-09-22 01:20:00,35,450,485,1104.417,1470.965,213958.48,11,882.579
J052,C,298,2,2026-09-23 08:30:00,3,C-INS,M05,Light,2026-09-22 11:00:00,2026-09-22 14:00:00,0,180,180,96.0,81.6,13600.0,4,28.56
J008,A,219,3,2026-09-23 08:30:00,1,A-CUT,M01,Medium,2026-09-22 09:45:00,2026-09-22 12:50:00,20,165,185,202.8,222.0,42009.23,8,99.9
J008,A,219,3,2026-09-23 08:30:00,2,A-PRS,M04,Maximum,2026-09-22 13:00:00,2026-09-22 17:30:00,0,270,270,562.5,705.937,105106.25,2,423.562
J008,A,219,3,2026-09-23 08:30:00,3,A-INS,M05,Light,2026-09-22 17:30:00,2026-09-22 19:55:00,10,135,145,73.067,65.733,14461.33,10,23.007
J018,B,187,2,2026-09-23 14:30:00,1,B-CUT,M01,Medium,2026-09-22 13:00:00,2026-09-22 15:50:00,20,150,170,184.8,204.0,28560.0,0,91.8
J018,B,187,2,2026-09-23 14:30:00,2,B-HT,M03,Maximum,2026-09-22 16:00:00,2026-09-22 21:20:00,35,285,320,705.667,970.533,178225.21,12,582.32
J018,B,187,2,2026-09-23 14:30:00,3,B-ASM,M02,Medium,2026-09-23 06:00:00,2026-09-23 09:30:00,15,195,210,181.5,192.5,21450.0,0,86.625
J022,C,274,3,2026-09-23 18:15:00,1,C-ASM,M02,Medium,2026-09-23 09:30:00,2026-09-23 14:30:00,15,285,300,264.0,275.0,47300.0,8,123.75
J022,C,274,3,2026-09-23 18:15:00,2,C-HT,M03,Maximum,2026-09-23 14:30:00,2026-09-23 22:05:00,35,420,455,1031.917,1379.977,233705.8,12,827.986
J022,C,274,3,2026-09-23 18:15:00,3,C-INS,M05,Light,2026-09-24 08:00:00,2026-09-24 10:55:00,10,165,175,89.067,79.333,13222.22,4,27.767
J016,A,62,2,2026-09-23 20:15:00,1,A-CUT,M01,Medium,2026-09-21 14:15:00,2026-09-21 15:35:00,20,60,80,76.8,96.0,13440.0,0,43.2
J016,A,62,2,2026-09-23 20:15:00,2,A-PRS,M04,Maximum,2026-09-21 15:45:00,2026-09-21 17:00:00,0,75,75,156.25,196.094,27453.12,0,117.656
J016,A,62,2,2026-09-23 20:15:00,3,A-INS,M05,Light,2026-09-21 17:00:00,2026-09-21 17:55:00,10,45,55,25.067,24.933,5485.33,4,8.727
J037,B,98,1,2026-09-23 21:15:00,1,B-CUT,M01,Medium,2026-09-22 16:00:00,2026-09-22 17:35:00,20,75,95,94.8,114.0,19868.57,3,51.3
J037,B,98,1,2026-09-23 21:15:00,2,B-HT,M03,Maximum,2026-09-22 21:30:00,2026-09-23 00:35:00,35,150,185,379.417,561.09,54814.14,0,336.654
J037,B,98,1,2026-09-23 21:15:00,3,B-ASM,M02,Medium,2026-09-23 14:30:00,2026-09-23 16:30:00,15,105,120,99.0,110.0,15400.0,0,49.5
J042,B,167,2,2026-09-23 23:00:00,1,B-CUT,M01,Medium,2026-09-22 17:45:00,2026-09-22 20:00:00,0,135,135,162.0,162.0,35640.0,9,72.9
J042,B,167,2,2026-09-23 23:00:00,2,B-HT,M03,Maximum,2026-09-23 00:45:00,2026-09-23 05:00:00,0,255,255,616.25,773.394,69605.44,0,464.036
J042,B,167,2,2026-09-23 23:00:00,3,B-ASM,M02,Medium,2026-09-23 16:30:00,2026-09-23 19:30:00,0,180,180,165.0,165.0,34100.0,10,74.25
J005,A,245,1,2026-09-24 01:00:00,1,A-CUT,M01,Medium,2026-09-23 06:00:00,2026-09-23 09:35:00,20,195,215,238.8,258.0,29240.0,0,116.1
J005,A,245,1,2026-09-24 01:00:00,2,A-PRS,M04,Maximum,2026-09-23 09:45:00,2026-09-23 14:45:00,0,300,300,625.0,784.375,134912.5,8,470.625
J005,A,245,1,2026-09-24 01:00:00,3,A-INS,M05,Light,2026-09-23 14:45:00,2026-09-23 17:15:00,0,150,150,80.0,68.0,10064.0,1,23.8
J059,C,134,2,2026-09-24 05:00:00,1,C-ASM,M02,Medium,2026-09-21 15:45:00,2026-09-21 18:15:00,15,135,150,126.5,137.5,24750.0,5,61.875
J059,C,134,2,2026-09-24 05:00:00,2,C-HT,M03,Maximum,2026-09-22 01:30:00,2026-09-22 05:35:00,35,210,245,524.417,743.065,66875.81,0,445.839
J059,C,134,2,2026-09-24 05:00:00,3,C-INS,M05,Light,2026-09-22 14:00:00,2026-09-22 15:40:00,10,90,100,49.067,45.333,6346.67,0,15.867
J012,A,130,3,2026-09-24 06:30:00,1,A-CUT,M01,Medium,2026-09-23 09:45:00,2026-09-23 11:30:00,0,105,105,126.0,126.0,26280.0,6,56.7
J012,A,130,3,2026-09-24 06:30:00,2,A-PRS,M04,Maximum,2026-09-23 14:45:00,2026-09-23 17:30:00,0,165,165,343.75,431.406,66671.87,2,258.844
J012,A,130,3,2026-09-24 06:30:00,3,A-INS,M05,Light,2026-09-23 17:30:00,2026-09-23 19:10:00,10,90,100,49.067,45.333,9973.33,7,15.867
J032,A,99,1,2026-09-24 06:45:00,1,A-CUT,M01,Medium,2026-09-22 06:00:00,2026-09-22 07:15:00,0,75,75,90.0,90.0,8100.0,0,40.5
J032,A,99,1,2026-09-24 06:45:00,2,A-PRS,M04,Maximum,2026-09-22 07:15:00,2026-09-22 09:15:00,0,120,120,250.0,313.75,38042.19,0,188.25
J032,A,99,1,2026-09-24 06:45:00,3,A-INS,M05,Light,2026-09-22 15:45:00,2026-09-22 16:45:00,0,60,60,32.0,27.2,3808.0,0,9.52
J055,B,221,2,2026-09-24 08:30:00,1,B-CUT,M01,Medium,2026-09-23 11:30:00,2026-09-23 14:50:00,20,180,200,220.8,240.0,36342.86,2,108.0
J055,B,221,2,2026-09-24 08:30:00,2,B-HT,M03,Maximum,2026-09-23 22:15:00,2026-09-24 04:35:00,35,345,380,850.667,1152.508,103725.75,0,691.505
J055,B,221,2,2026-09-24 08:30:00,3,B-ASM,M02,Medium,2026-09-24 06:00:00,2026-09-24 10:00:00,15,225,240,209.0,220.0,25300.0,0,99.0
J068,B,73,1,2026-09-24 09:30:00,1,B-CUT,M01,Medium,2026-09-22 20:00:00,2026-09-22 21:00:00,0,60,60,72.0,72.0,10080.0,0,32.4
J068,B,73,1,2026-09-24 09:30:00,2,B-HT,M03,Maximum,2026-09-23 05:00:00,2026-09-23 07:00:00,0,120,120,290.0,363.95,32755.5,0,218.37
J068,B,73,1,2026-09-24 09:30:00,3,B-ASM,M02,Medium,2026-09-23 19:30:00,2026-09-23 20:45:00,0,75,75,68.75,68.75,11825.0,2,30.938
J057,C,108,2,2026-09-24 10:00:00,1,C-ASM,M02,Medium,2026-09-22 06:00:00,2026-09-22 08:15:00,15,120,135,112.75,123.75,11825.0,0,55.688
J057,C,108,2,2026-09-24 10:00:00,2,C-HT,M03,Maximum,2026-09-23 07:00:00,2026-09-23 10:20:00,35,165,200,415.667,606.583,83188.57,2,363.95
J057,C,108,2,2026-09-24 10:00:00,3,C-INS,M05,Light,2026-09-23 10:30:00,2026-09-23 11:55:00,10,75,85,41.067,38.533,8477.33,6,13.487
J051,B,87,2,2026-09-24 11:15:00,1,B-CUT,M01,Medium,2026-09-23 15:00:00,2026-09-23 16:15:00,0,75,75,90.0,90.0,12600.0,0,40.5
J051,B,87,2,2026-09-24 11:15:00,2,B-HT,M03,Maximum,2026-09-24 04:45:00,2026-09-24 07:35:00,35,135,170,343.167,515.596,46403.62,0,309.357
J051,B,87,2,2026-09-24 11:15:00,3,B-ASM,M02,Medium,2026-09-24 10:00:00,2026-09-24 11:45:00,15,90,105,85.25,96.25,21175.0,7,43.312
J001,B,56,3,2026-09-24 13:15:00,1,B-CUT,M01,Medium,2026-09-22 21:00:00,2026-09-22 22:00:00,0,60,60,72.0,72.0,10080.0,0,32.4
J001,B,56,3,2026-09-24 13:15:00,2,B-HT,M03,Maximum,2026-09-23 10:30:00,2026-09-23 12:00:00,0,90,90,217.5,272.962,60051.75,6,163.777
J001,B,56,3,2026-09-24 13:15:00,3,B-ASM,M02,Medium,2026-09-23 20:45:00,2026-09-23 21:45:00,0,60,60,55.0,55.0,7700.0,0,24.75
J028,A,134,1,2026-09-24 16:15:00,1,A-CUT,M01,Medium,2026-09-21 09:15:00,2026-09-21 11:20:00,20,105,125,130.8,150.0,29000.0,6,67.5
J028,A,134,1,2026-09-24 16:15:00,2,A-PRS,M04,Maximum,2026-09-21 11:30:00,2026-09-21 14:15:00,0,165,165,343.75,431.406,66671.87,2,258.844
J028,A,134,1,2026-09-24 16:15:00,3,A-INS,M05,Light,2026-09-21 14:15:00,2026-09-21 15:55:00,10,90,100,49.067,45.333,6346.67,0,15.867
J014,B,86,2,2026-09-24 17:15:00,1,B-CUT,M01,Medium,2026-09-23 16:15:00,2026-09-23 17:50:00,20,75,95,94.8,114.0,21171.43,4,51.3
J014,B,86,2,2026-09-24 17:15:00,2,B-HT,M03,Maximum,2026-09-24 07:45:00,2026-09-24 10:00:00,0,135,135,326.25,409.444,55047.44,0,245.666
J014,B,86,2,2026-09-24 17:15:00,3,B-ASM,M02,Medium,2026-09-24 11:45:00,2026-09-24 13:15:00,0,90,90,82.5,82.5,12650.0,1,37.125
J024,C,92,3,2026-09-24 17:45:00,1,C-ASM,M02,Medium,2026-09-22 09:45:00,2026-09-22 11:45:00,15,105,120,99.0,110.0,23100.0,7,49.5
J024,C,92,3,2026-09-24 17:45:00,2,C-HT,M03,Maximum,2026-09-24 10:00:00,2026-09-24 13:05:00,35,150,185,379.417,561.09,106175.41,8,336.654
J024,C,92,3,2026-09-24 17:45:00,3,C-INS,M05,Light,2026-09-24 13:15:00,2026-09-24 14:25:00,10,60,70,33.067,31.733,4442.67,0,11.107
J060,C,59,2,2026-09-24 18:45:00,1,C-ASM,M02,Medium,2026-09-21 18:15:00,2026-09-21 19:15:00,0,60,60,55.0,55.0,12100.0,4,24.75
J060,C,59,2,2026-09-24 18:45:00,2,C-HT,M03,Maximum,2026-09-22 05:45:00,2026-09-22 07:15:00,0,90,90,217.5,272.962,24566.62,0,163.777
J060,C,59,2,2026-09-24 18:45:00,3,C-INS,M05,Light,2026-09-22 16:45:00,2026-09-22 17:30:00,0,45,45,24.0,20.4,3944.0,2,7.14
J064,B,153,2,2026-09-24 19:15:00,1,B-CUT,M01,Medium,2026-09-23 18:00:00,2026-09-23 20:00:00,0,120,120,144.0,144.0,31680.0,8,64.8
J064,B,153,2,2026-09-24 19:15:00,2,B-HT,M03,Maximum,2026-09-24 13:15:00,2026-09-24 17:50:00,35,240,275,596.917,834.052,130814.48,4,500.431
J064,B,153,2,2026-09-24 19:15:00,3,B-ASM,M02,Medium,2026-09-24 18:00:00,2026-09-24 21:00:00,15,165,180,154.0,165.0,31900.0,8,74.25
J038,A,62,1,2026-09-24 21:15:00,1,A-CUT,M01,Medium,2026-09-23 20:00:00,2026-09-23 21:20:00,20,60,80,76.8,96.0,13440.0,0,43.2
J038,A,62,1,2026-09-24 21:15:00,2,A-PRS,M04,Maximum,2026-09-24 06:00:00,2026-09-24 07:15:00,0,75,75,156.25,196.094,17648.44,0,117.656
J038,A,62,1,2026-09-24 21:15:00,3,A-INS,M05,Light,2026-09-24 11:00:00,2026-09-24 11:55:00,10,45,55,25.067,24.933,5485.33,4,8.727
J071,A,255,1,2026-09-25 02:45:00,1,A-CUT,M01,Medium,2026-09-24 06:00:00,2026-09-24 09:15:00,0,195,195,234.0,234.0,25560.0,0,105.3
J071,A,255,1,2026-09-25 02:45:00,2,A-PRS,M04,Maximum,2026-09-24 09:15:00,2026-09-24 14:30:00,0,315,315,656.25,823.594,140403.12,8,494.156
J071,A,255,1,2026-09-25 02:45:00,3,A-INS,M05,Light,2026-09-24 14:30:00,2026-09-24 17:15:00,0,165,165,88.0,74.8,11016.0,1,26.18
J078,B,281,3,2026-09-25 02:45:00,1,B-CUT,M01,Medium,2026-09-21 15:45:00,2026-09-21 19:50:00,20,225,245,274.8,294.0,57762.35,12,132.3
J078,B,281,3,2026-09-25 02:45:00,2,B-HT,M03,Maximum,2026-09-24 20:00:00,2026-09-25 03:15:00,0,435,435,1051.25,1319.319,136936.19,0,791.591
J078,B,281,3,2026-09-25 02:45:00,3,B-ASM,M02,Medium,2026-09-25 06:00:00,2026-09-25 10:45:00,0,285,285,261.25,261.25,34375.0,3,117.562
J080,B,149,3,2026-09-25 02:45:00,1,B-CUT,M01,Medium,2026-09-24 09:15:00,2026-09-24 11:15:00,0,120,120,144.0,144.0,27360.0,5,64.8
J080,B,149,3,2026-09-25 02:45:00,2,B-HT,M03,Maximum,2026-09-25 03:15:00,2026-09-25 07:00:00,0,225,225,543.75,682.406,61416.56,0,409.444
J080,B,149,3,2026-09-25 02:45:00,3,B-ASM,M02,Medium,2026-09-25 10:45:00,2026-09-25 13:15:00,0,150,150,137.5,137.5,24750.0,5,61.875
J026,B,113,2,2026-09-25 04:00:00,1,B-CUT,M01,Medium,2026-09-24 11:15:00,2026-09-24 12:45:00,0,90,90,108.0,108.0,19440.0,3,48.6
J026,B,113,2,2026-09-25 04:00:00,2,B-HT,M03,Maximum,2026-09-25 07:00:00,2026-09-25 10:00:00,0,180,180,435.0,545.925,67330.75,0,327.555
J026,B,113,2,2026-09-25 04:00:00,3,B-ASM,M02,Medium,2026-09-25 13:15:00,2026-09-25 15:15:00,0,120,120,110.0,110.0,15400.0,0,49.5
J067,A,171,2,2026-09-25 05:00:00,1,A-CUT,M01,Medium,2026-09-24 12:45:00,2026-09-24 15:20:00,20,135,155,166.8,186.0,26040.0,0,83.7
J067,A,171,2,2026-09-25 05:00:00,2,A-PRS,M04,Maximum,2026-09-24 15:30:00,2026-09-24 19:00:00,0,210,210,437.5,549.062,101968.75,8,329.438
J067,A,171,2,2026-09-25 05:00:00,3,A-INS,M05,Light,2026-09-25 08:00:00,2026-09-25 09:45:00,0,105,105,56.0,47.6,6664.0,0,16.66
J004,B,257,2,2026-09-25 05:15:00,1,B-CUT,M01,Medium,2026-09-24 15:30:00,2026-09-24 19:05:00,20,195,215,238.8,258.0,48504.0,9,116.1
J004,B,257,2,2026-09-25 05:15:00,2,B-HT,M03,Maximum,2026-09-25 10:00:00,2026-09-25 16:30:00,0,390,390,942.5,1182.837,194713.25,8,709.702
J004,B,257,2,2026-09-25 05:15:00,3,B-ASM,M02,Medium,2026-09-25 16:30:00,2026-09-25 21:00:00,0,270,270,247.5,247.5,47850.0,12,111.375
J015,C,159,2,2026-09-25 05:30:00,1,C-ASM,M02,Medium,2026-09-24 13:15:00,2026-09-24 16:15:00,15,165,180,154.0,165.0,23100.0,0,74.25
J015,C,159,2,2026-09-25 05:30:00,2,C-HT,M03,Maximum,2026-09-25 16:30:00,2026-09-25 21:05:00,35,240,275,596.917,834.052,158908.87,12,500.431
J015,C,159,2,2026-09-25 05:30:00,3,C-INS,M05,Light,2026-09-26 08:00:00,2026-09-26 09:55:00,10,105,115,57.067,52.133,6203.87,0,18.247
J053,B,193,3,2026-09-25 06:15:00,1,B-CUT,M01,Medium,2026-09-24 19:15:00,2026-09-24 21:45:00,0,150,150,180.0,180.0,29520.0,3,81.0
J053,B,193,3,2026-09-25 06:15:00,2,B-HT,M03,Maximum,2026-09-25 21:15:00,2026-09-26 02:50:00,35,300,335,741.917,1016.027,90647.29,0,609.616
J053,B,193,3,2026-09-25 06:15:00,3,B-ASM,M02,Medium,2026-09-26 06:00:00,2026-09-26 09:30:00,15,195,210,181.5,192.5,18177.5,0,86.625
J035,B,271,1,2026-09-25 09:00:00,1,B-CUT,M01,Medium,2026-09-25 06:00:00,2026-09-25 09:30:00,0,210,210,252.0,252.0,28080.0,0,113.4
J035,B,271,1,2026-09-25 09:00:00,2,B-HT,M03,Maximum,2026-09-26 03:00:00,2026-09-26 10:00:00,0,420,420,1015.0,1273.825,112460.55,0,764.295
J035,B,271,1,2026-09-25 09:00:00,3,B-ASM,M02,Medium,2026-09-26 10:00:00,2026-09-26 14:45:00,0,285,285,261.25,261.25,38568.75,8,117.562
J054,C,275,3,2026-09-25 09:00:00,1,C-ASM,M02,Medium,2026-09-26 14:45:00,2026-09-26 19:45:00,15,285,300,264.0,275.0,43010.0,11,123.75
J054,C,275,3,2026-09-25 09:00:00,2,C-HT,M03,Maximum,2026-09-26 19:45:00,2026-09-27 03:20:00,35,420,455,1031.917,1379.977,125132.76,1,827.986
J054,C,275,3,2026-09-25 09:00:00,3,C-INS,M05,Light,2026-09-27 08:00:00,2026-09-27 10:45:00,0,165,165,88.0,74.8,10288.4,3,26.18
J039,A,202,3,2026-09-25 09:15:00,1,A-CUT,M01,Medium,2026-09-25 09:30:00,2026-09-25 12:35:00,20,165,185,202.8,222.0,42009.23,8,99.9
J039,A,202,3,2026-09-25 09:15:00,2,A-PRS,M04,Maximum,2026-09-25 12:45:00,2026-09-25 17:00:00,0,255,255,531.25,666.719,93340.62,0,400.031
J039,A,202,3,2026-09-25 09:15:00,3,A-INS,M05,Light,2026-09-25 17:00:00,2026-09-25 19:25:00,10,135,145,73.067,65.733,14461.33,10,23.007
J044,A,67,2,2026-09-25 09:30:00,1,A-CUT,M01,Medium,2026-09-25 12:45:00,2026-09-25 13:45:00,0,60,60,72.0,72.0,10080.0,0,32.4
J044,A,67,2,2026-09-25 09:30:00,2,A-PRS,M04,Maximum,2026-09-25 20:00:00,2026-09-25 21:30:00,0,90,90,187.5,235.312,32943.75,0,141.187
J044,A,67,2,2026-09-25 09:30:00,3,A-INS,M05,Light,2026-09-26 10:00:00,2026-09-26 10:45:00,0,45,45,24.0,20.4,3814.8,3,7.14
J048,C,266,1,2026-09-25 10:00:00,1,C-ASM,M02,Medium,2026-09-22 17:30:00,2026-09-22 22:00:00,0,270,270,247.5,247.5,45650.0,10,111.375
J048,C,266,1,2026-09-25 10:00:00,2,C-HT,M03,Maximum,2026-09-26 10:00:00,2026-09-26 16:45:00,0,405,405,978.75,1228.331,170920.02,8,736.999
J048,C,266,1,2026-09-25 10:00:00,3,C-INS,M05,Light,2026-09-26 16:45:00,2026-09-26 19:40:00,10,165,175,89.067,79.333,14385.78,11,27.767
J069,A,171,3,2026-09-25 12:45:00,1,A-CUT,M01,Medium,2026-09-21 11:30:00,2026-09-21 13:45:00,0,135,135,162.0,162.0,25560.0,2,72.9
J069,A,171,3,2026-09-25 12:45:00,2,A-PRS,M04,Maximum,2026-09-21 17:00:00,2026-09-21 20:30:00,0,210,210,437.5,549.062,114518.75,12,329.438
J069,A,171,3,2026-09-25 12:45:00,3,A-INS,M05,Light,2026-09-23 08:00:00,2026-09-23 09:55:00,10,105,115,57.067,52.133,7298.67,0,18.247
J040,B,198,2,2026-09-25 13:00:00,1,B-CUT,M01,Medium,2026-09-25 13:45:00,2026-09-25 16:35:00,20,150,170,184.8,204.0,28560.0,0,91.8
J040,B,198,2,2026-09-25 13:00:00,2,B-HT,M03,Maximum,2026-09-27 03:30:00,2026-09-27 09:05:00,35,300,335,741.917,1016.027,86715.7,0,609.616
J040,B,198,2,2026-09-25 13:00:00,3,B-ASM,M02,Medium,2026-09-27 09:15:00,2026-09-27 13:00:00,15,210,225,195.25,206.25,32023.75,8,92.812
J031,A,217,3,2026-09-25 17:00:00,1,A-CUT,M01,Medium,2026-09-25 16:45:00,2026-09-25 19:50:00,20,165,185,202.8,222.0,47473.85,12,99.9
J031,A,217,3,2026-09-25 17:00:00,2,A-PRS,M04,Maximum,2026-09-26 06:00:00,2026-09-26 10:30:00,0,270,270,562.5,705.937,75849.06,2,423.562
J031,A,217,3,2026-09-25 17:00:00,3,A-INS,M05,Light,2026-09-26 10:45:00,2026-09-26 13:00:00,0,135,135,72.0,61.2,9594.8,5,21.42
J075,A,69,2,2026-09-25 17:15:00,1,A-CUT,M01,Medium,2026-09-25 20:00:00,2026-09-25 21:00:00,0,60,60,72.0,72.0,10080.0,0,32.4
J075,A,69,2,2026-09-25 17:15:00,2,A-PRS,M04,Maximum,2026-09-26 10:30:00,2026-09-26 12:00:00,0,90,90,187.5,235.312,44003.44,6,141.187
J075,A,69,2,2026-09-25 17:15:00,3,A-INS,M05,Light,2026-09-26 13:00:00,2026-09-26 13:45:00,0,45,45,24.0,20.4,2427.6,0,7.14
J076,B,85,3,2026-09-25 21:15:00,1,B-CUT,M01,Medium,2026-09-21 20:00:00,2026-09-21 21:35:00,20,75,95,94.8,114.0,15960.0,0,51.3
J076,B,85,3,2026-09-25 21:15:00,2,B-HT,M03,Maximum,2026-09-22 07:15:00,2026-09-22 09:30:00,0,135,135,326.25,409.444,50498.06,0,245.666
J076,B,85,3,2026-09-25 21:15:00,3,B-ASM,M02,Medium,2026-09-22 11:45:00,2026-09-22 13:15:00,0,90,90,82.5,82.5,12650.0,1,37.125
J020,A,213,3,2026-09-25 21:15:00,1,A-CUT,M01,Medium,2026-09-26 06:00:00,2026-09-26 09:05:00,20,165,185,202.8,222.0,20543.54,0,99.9
J020,A,213,3,2026-09-25 21:15:00,2,A-PRS,M04,Maximum,2026-09-26 12:00:00,2026-09-26 16:30:00,0,270,270,562.5,705.937,84006.56,0,423.562
J020,A,213,3,2026-09-25 21:15:00,3,A-INS,M05,Light,2026-09-27 10:45:00,2026-09-27 13:00:00,0,135,135,72.0,61.2,9594.8,5,21.42
J041,A,221,1,2026-09-25 22:15:00,1,A-CUT,M01,Medium,2026-09-26 09:15:00,2026-09-26 12:15:00,0,180,180,216.0,216.0,35496.0,8,97.2
J041,A,221,1,2026-09-25 22:15:00,2,A-PRS,M04,Maximum,2026-09-26 16:30:00,2026-09-26 21:00:00,0,270,270,562.5,705.937,116009.06,12,423.562
J041,A,221,1,2026-09-25 22:15:00,3,A-INS,M05,Light,2026-09-27 13:00:00,2026-09-27 15:15:00,0,135,135,72.0,61.2,7282.8,0,21.42
J025,B,232,3,2026-09-25 22:45:00,1,B-CUT,M01,Medium,2026-09-26 12:15:00,2026-09-26 15:35:00,20,180,200,220.8,240.0,28560.0,0,108.0
J025,B,232,3,2026-09-25 22:45:00,2,B-HT,M03,Maximum,2026-09-27 09:15:00,2026-09-27 15:15:00,0,360,360,870.0,1091.85,154678.75,8,655.11
J025,B,232,3,2026-09-25 22:45:00,3,B-ASM,M02,Medium,2026-09-27 15:15:00,2026-09-27 19:15:00,0,240,240,220.0,220.0,34595.0,9,99.0
J063,B,134,2,2026-09-26 00:00:00,1,B-CUT,M01,Medium,2026-09-26 15:45:00,2026-09-26 17:30:00,0,105,105,126.0,126.0,17442.0,2,56.7
J063,B,134,2,2026-09-26 00:00:00,2,B-HT,M03,Maximum,2026-09-27 15:15:00,2026-09-27 18:45:00,0,210,210,507.5,636.912,97447.61,7,382.147
J063,B,134,2,2026-09-26 00:00:00,3,B-ASM,M02,Medium,2026-09-27 19:15:00,2026-09-27 21:30:00,0,135,135,123.75,123.75,17531.25,3,55.688
J061,C,79,3,2026-09-26 01:15:00,1,C-ASM,M02,Medium,2026-09-24 16:15:00,2026-09-24 18:00:00,15,90,105,85.25,96.25,17875.0,4,43.312
J061,C,79,3,2026-09-26 01:15:00,2,C-HT,M03,Maximum,2026-09-26 16:45:00,2026-09-26 19:20:00,35,120,155,306.917,470.102,85003.0,10,282.061
J061,C,79,3,2026-09-26 01:15:00,3,C-INS,M05,Light,2026-09-27 15:15:00,2026-09-27 16:25:00,10,60,70,33.067,31.733,3776.27,0,11.107
J009,B,166,1,2026-09-26 03:15:00,1,B-CUT,M01,Medium,2026-09-26 17:30:00,2026-09-26 19:45:00,0,135,135,162.0,162.0,30294.0,9,72.9
J009,B,166,1,2026-09-26 03:15:00,2,B-HT,M03,Maximum,2026-09-27 18:45:00,2026-09-27 23:35:00,35,255,290,633.167,879.546,106381.07,5,527.727
J009,B,166,1,2026-09-26 03:15:00,3,B-ASM,M02,Medium,2026-09-28 06:00:00,2026-09-28 09:15:00,15,180,195,167.75,178.75,25025.0,0,80.438
J047,B,233,2,2026-09-26 03:15:00,1,B-CUT,M01,Medium,2026-09-27 06:00:00,2026-09-27 09:00:00,0,180,180,216.0,216.0,19512.0,0,97.2
J047,B,233,2,2026-09-26 03:15:00,2,B-HT,M03,Maximum,2026-09-27 23:45:00,2026-09-28 05:45:00,0,360,360,870.0,1091.85,82980.6,0,655.11
J047,B,233,2,2026-09-26 03:15:00,3,B-ASM,M02,Medium,2026-09-28 09:15:00,2026-09-28 13:15:00,0,240,240,220.0,220.0,30800.0,0,99.0
J065,B,241,3,2026-09-26 06:30:00,1,B-CUT,M01,Medium,2026-09-27 09:00:00,2026-09-27 12:15:00,0,195,195,234.0,234.0,37638.0,8,105.3
J065,B,241,3,2026-09-26 06:30:00,2,B-HT,M03,Maximum,2026-09-28 05:45:00,2026-09-28 12:00:00,0,375,375,906.25,1137.344,159228.12,0,682.406
J065,B,241,3,2026-09-26 06:30:00,3,B-ASM,M02,Medium,2026-09-28 13:15:00,2026-09-28 17:30:00,0,255,255,233.75,233.75,32725.0,0,105.188
J003,A,179,1,2026-09-26 09:15:00,1,A-CUT,M01,Medium,2026-09-27 12:15:00,2026-09-27 14:50:00,20,135,155,166.8,186.0,22134.0,0,83.7
J003,A,179,1,2026-09-26 09:15:00,2,A-PRS,M04,Maximum,2026-09-27 15:00:00,2026-09-27 18:45:00,0,225,225,468.75,588.281,88673.59,7,352.969
J003,A,179,1,2026-09-26 09:15:00,3,A-INS,M05,Light,2026-09-28 08:00:00,2026-09-28 10:10:00,10,120,130,65.067,58.933,8250.67,0,20.627
J056,A,170,2,2026-09-26 09:15:00,1,A-CUT,M01,Medium,2026-09-26 19:45:00,2026-09-26 22:00:00,0,135,135,162.0,162.0,20502.0,1,72.9
J056,A,170,2,2026-09-26 09:15:00,2,A-PRS,M04,Maximum,2026-09-27 06:00:00,2026-09-27 09:30:00,0,210,210,437.5,549.062,51847.19,0,329.438
J056,A,170,2,2026-09-26 09:15:00,3,A-INS,M05,Light,2026-09-27 16:30:00,2026-09-27 18:15:00,0,105,105,56.0,47.6,7976.4,5,16.66
J050,B,78,3,2026-09-26 09:15:00,1,B-CUT,M01,Medium,2026-09-27 15:00:00,2026-09-27 16:20:00,20,60,80,76.8,96.0,11424.0,0,43.2
J050,B,78,3,2026-09-26 09:15:00,2,B-HT,M03,Maximum,2026-09-28 12:00:00,2026-09-28 14:00:00,0,120,120,290.0,363.95,50953.0,0,218.37
J050,B,78,3,2026-09-26 09:15:00,3,B-ASM,M02,Medium,2026-09-28 17:30:00,2026-09-28 19:00:00,0,90,90,82.5,82.5,11550.0,0,37.125
J033,B,273,1,2026-09-26 10:45:00,1,B-CUT,M01,Medium,2026-09-27 16:30:00,2026-09-27 20:00:00,0,210,210,252.0,252.0,44676.0,12,113.4
J033,B,273,1,2026-09-26 10:45:00,2,B-HT,M03,Maximum,2026-09-28 14:00:00,2026-09-28 21:00:00,0,420,420,1015.0,1273.825,178335.5,0,764.295
J033,B,273,1,2026-09-26 10:45:00,3,B-ASM,M02,Medium,2026-09-29 06:00:00,2026-09-29 10:45:00,0,285,285,261.25,261.25,36575.0,0,117.562
J010,A,289,1,2026-09-26 12:15:00,1,A-CUT,M01,Medium,2026-09-28 06:00:00,2026-09-28 10:05:00,20,225,245,274.8,294.0,41160.0,0,132.3
J010,A,289,1,2026-09-26 12:15:00,2,A-PRS,M04,Maximum,2026-09-28 10:15:00,2026-09-28 16:15:00,0,360,360,750.0,941.25,131775.0,0,564.75
J010,A,289,1,2026-09-26 12:15:00,3,A-INS,M05,Light,2026-09-28 16:15:00,2026-09-28 19:15:00,0,180,180,96.0,81.6,11424.0,0,28.56
J043,B,75,1,2026-09-26 13:15:00,1,B-CUT,M01,Medium,2026-09-27 20:00:00,2026-09-27 21:20:00,20,60,80,76.8,96.0,11424.0,0,43.2
J043,B,75,1,2026-09-26 13:15:00,2,B-HT,M03,Maximum,2026-09-28 21:00:00,2026-09-28 23:00:00,0,120,120,290.0,363.95,50953.0,0,218.37
J043,B,75,1,2026-09-26 13:15:00,3,B-ASM,M02,Medium,2026-09-29 10:45:00,2026-09-29 12:00:00,0,75,75,68.75,68.75,9625.0,0,30.938
J046,C,117,2,2026-09-26 16:00:00,1,C-ASM,M02,Medium,2026-09-21 19:15:00,2026-09-21 21:30:00,15,120,135,112.75,123.75,20625.0,3,55.688
J046,C,117,2,2026-09-26 16:00:00,2,C-HT,M03,Maximum,2026-09-28 23:00:00,2026-09-29 02:35:00,35,180,215,451.917,652.077,91290.79,0,391.246
J046,C,117,2,2026-09-26 16:00:00,3,C-INS,M05,Light,2026-09-29 08:00:00,2026-09-29 09:25:00,10,75,85,41.067,38.533,5394.67,0,13.487
J006,C,204,1,2026-09-26 17:00:00,1,C-ASM,M02,Medium,2026-09-29 12:00:00,2026-09-29 15:30:00,0,210,210,192.5,192.5,26950.0,0,86.625
J006,C,204,1,2026-09-26 17:00:00,2,C-HT,M03,Maximum,2026-09-29 15:30:00,2026-09-29 20:45:00,0,315,315,761.25,955.369,133751.62,0,573.221
J006,C,204,1,2026-09-26 17:00:00,3,C-INS,M05,Light,2026-09-30 08:00:00,2026-09-30 10:15:00,0,135,135,72.0,61.2,8568.0,0,21.42
J049,A,83,3,2026-09-26 17:15:00,1,A-CUT,M01,Medium,2026-09-28 10:15:00,2026-09-28 11:50:00,20,75,95,94.8,114.0,15960.0,0,51.3
J049,A,83,3,2026-09-26 17:15:00,2,A-PRS,M04,Maximum,2026-09-28 16:15:00,2026-09-28 18:00:00,0,105,105,218.75,274.531,38434.38,0,164.719
J049,A,83,3,2026-09-26 17:15:00,3,A-INS,M05,Light,2026-09-29 09:30:00,2026-09-29 10:40:00,10,60,70,33.067,31.733,4442.67,0,11.107
J077,A,154,1,2026-09-26 18:45:00,1,A-CUT,M01,Medium,2026-09-28 12:00:00,2026-09-28 14:00:00,0,120,120,144.0,144.0,20160.0,0,64.8
J077,A,154,1,2026-09-26 18:45:00,2,A-PRS,M04,Maximum,2026-09-28 18:00:00,2026-09-28 21:15:00,0,195,195,406.25,509.844,71378.12,0,305.906
J077,A,154,1,2026-09-26 18:45:00,3,A-INS,M05,Light,2026-09-29 10:45:00,2026-09-29 12:30:00,0,105,105,56.0,47.6,6664.0,0,16.66
J013,B,233,3,2026-09-26 22:15:00,1,B-CUT,M01,Medium,2026-09-28 14:00:00,2026-09-28 17:20:00,20,180,200,220.8,240.0,33600.0,0,108.0
J013,B,233,3,2026-09-26 22:15:00,2,B-HT,M03,Maximum,2026-09-29 02:45:00,2026-09-29 09:20:00,35,360,395,886.917,1198.002,167720.29,0,718.801
J013,B,233,3,2026-09-26 22:15:00,3,B-ASM,M02,Medium,2026-09-29 15:30:00,2026-09-29 19:45:00,15,240,255,222.75,233.75,32725.0,0,105.188
J011,B,286,1,2026-09-26 23:15:00,1,B-CUT,M01,Medium,2026-09-28 17:30:00,2026-09-28 21:15:00,0,225,225,270.0,270.0,37800.0,0,121.5
J011,B,286,1,2026-09-26 23:15:00,2,B-HT,M03,Maximum,2026-09-29 20:45:00,2026-09-30 04:00:00,0,435,435,1051.25,1319.319,184704.62,0,791.591
J011,B,286,1,2026-09-26 23:15:00,3,B-ASM,M02,Medium,2026-09-30 06:00:00,2026-09-30 11:00:00,0,300,300,275.0,275.0,38500.0,0,123.75
J072,C,166,2,2026-09-27 01:45:00,1,C-ASM,M02,Medium,2026-09-27 06:00:00,2026-09-27 09:15:00,15,180,195,167.75,178.75,16541.25,0,80.438
J072,C,166,2,2026-09-27 01:45:00,2,C-HT,M03,Maximum,2026-09-29 09:30:00,2026-09-29 14:20:00,35,255,290,633.167,879.546,123136.42,0,527.727
J072,C,166,2,2026-09-27 01:45:00,3,C-INS,M05,Light,2026-09-29 14:30:00,2026-09-29 16:25:00,10,105,115,57.067,52.133,7298.67,0,18.247
J062,A,286,1,2026-09-27 02:15:00,1,A-CUT,M01,Medium,2026-09-29 06:00:00,2026-09-29 10:05:00,20,225,245,274.8,294.0,41160.0,0,132.3
J062,A,286,1,2026-09-27 02:15:00,2,A-PRS,M04,Maximum,2026-09-29 10:15:00,2026-09-29 16:00:00,0,345,345,718.75,902.031,126284.37,0,541.219
J062,A,286,1,2026-09-27 02:15:00,3,A-INS,M05,Light,2026-09-29 16:30:00,2026-09-29 19:40:00,10,180,190,97.067,86.133,12058.67,0,30.147
J030,A,160,3,2026-09-27 04:45:00,1,A-CUT,M01,Medium,2026-09-29 10:15:00,2026-09-29 12:15:00,0,120,120,144.0,144.0,20160.0,0,64.8
J030,A,160,3,2026-09-27 04:45:00,2,A-PRS,M04,Maximum,2026-09-29 16:00:00,2026-09-29 19:15:00,0,195,195,406.25,509.844,71378.12,0,305.906
J030,A,160,3,2026-09-27 04:45:00,3,A-INS,M05,Light,2026-09-30 10:15:00,2026-09-30 12:00:00,0,105,105,56.0,47.6,6664.0,0,16.66
J079,A,149,2,2026-09-27 08:15:00,1,A-CUT,M01,Medium,2026-09-29 12:15:00,2026-09-29 14:15:00,0,120,120,144.0,144.0,20160.0,0,64.8
J079,A,149,2,2026-09-27 08:15:00,2,A-PRS,M04,Maximum,2026-09-30 06:00:00,2026-09-30 09:00:00,0,180,180,375.0,470.625,65887.5,0,282.375
J079,A,149,2,2026-09-27 08:15:00,3,A-INS,M05,Light,2026-09-30 12:00:00,2026-09-30 13:30:00,0,90,90,48.0,40.8,5712.0,0,14.28
J019,B,294,3,2026-09-27 10:15:00,1,B-CUT,M01,Medium,2026-09-29 14:15:00,2026-09-29 18:20:00,20,225,245,274.8,294.0,41160.0,0,132.3
J019,B,294,3,2026-09-27 10:15:00,2,B-HT,M03,Maximum,2026-09-30 04:00:00,2026-09-30 12:05:00,35,450,485,1104.417,1470.965,205935.04,0,882.579
J019,B,294,3,2026-09-27 10:15:00,3,B-ASM,M02,Medium,2026-09-30 12:15:00,2026-09-30 17:30:00,15,300,315,277.75,288.75,40425.0,0,129.938
J045,B,127,1,2026-09-27 12:00:00,1,B-CUT,M01,Medium,2026-09-29 18:30:00,2026-09-29 20:15:00,0,105,105,126.0,126.0,17640.0,0,56.7
J045,B,127,1,2026-09-27 12:00:00,2,B-HT,M03,Maximum,2026-09-30 12:15:00,2026-09-30 15:30:00,0,195,195,471.25,591.419,82798.62,0,354.851
J045,B,127,1,2026-09-27 12:00:00,3,B-ASM,M02,Medium,2026-09-30 17:30:00,2026-09-30 19:45:00,0,135,135,123.75,123.75,17325.0,0,55.688
J017,B,202,3,2026-09-27 12:00:00,1,B-CUT,M01,Medium,2026-09-30 06:00:00,2026-09-30 08:45:00,0,165,165,198.0,198.0,27720.0,0,89.1
J017,B,202,3,2026-09-27 12:00:00,2,B-HT,M03,Maximum,2026-09-30 15:30:00,2026-09-30 20:45:00,0,315,315,761.25,955.369,133751.62,0,573.221
J017,B,202,3,2026-09-27 12:00:00,3,B-ASM,M02,Medium,2026-10-01 06:00:00,2026-10-01 09:30:00,0,210,210,192.5,192.5,26950.0,0,86.625
J007,C,70,1,2026-09-27 13:00:00,1,C-ASM,M02,Medium,2026-09-26 19:45:00,2026-09-26 21:15:00,15,75,90,71.5,82.5,10752.5,1,37.125
J007,C,70,1,2026-09-27 13:00:00,2,C-HT,M03,Maximum,2026-09-30 20:45:00,2026-09-30 23:05:00,35,105,140,270.667,424.608,59445.17,0,254.765
J007,C,70,1,2026-09-27 13:00:00,3,C-INS,M05,Light,2026-10-01 08:00:00,2026-10-01 08:55:00,10,45,55,25.067,24.933,3490.67,0,8.727
J074,B,116,2,2026-09-27 14:30:00,1,B-CUT,M01,Medium,2026-09-29 20:15:00,2026-09-29 21:45:00,0,90,90,108.0,108.0,15120.0,0,48.6
J074,B,116,2,2026-09-27 14:30:00,2,B-HT,M03,Maximum,2026-09-30 23:15:00,2026-10-01 02:50:00,35,180,215,451.917,652.077,91290.79,0,391.246
J074,B,116,2,2026-09-27 14:30:00,3,B-ASM,M02,Medium,2026-10-01 09:30:00,2026-10-01 11:45:00,15,120,135,112.75,123.75,17325.0,0,55.688
J066,A,103,2,2026-09-27 14:30:00,1,A-CUT,M01,Medium,2026-09-30 08:45:00,2026-09-30 10:35:00,20,90,110,112.8,132.0,18480.0,0,59.4
J066,A,103,2,2026-09-27 14:30:00,2,A-PRS,M04,Maximum,2026-09-30 10:45:00,2026-09-30 13:00:00,0,135,135,281.25,352.969,49415.62,0,211.781
J066,A,103,2,2026-09-27 14:30:00,3,A-INS,M05,Light,2026-09-30 13:30:00,2026-09-30 14:55:00,10,75,85,41.067,38.533,5394.67,0,13.487
J021,B,249,1,2026-09-27 15:00:00,1,B-CUT,M01,Medium,2026-09-30 10:45:00,2026-09-30 14:20:00,20,195,215,238.8,258.0,36120.0,0,116.1
J021,B,249,1,2026-09-27 15:00:00,2,B-HT,M03,Maximum,2026-10-01 03:00:00,2026-10-01 09:15:00,0,375,375,906.25,1137.344,159228.12,0,682.406
J021,B,249,1,2026-09-27 15:00:00,3,B-ASM,M02,Medium,2026-10-01 11:45:00,2026-10-01 16:00:00,0,255,255,233.75,233.75,32725.0,0,105.188
J058,C,297,2,2026-09-27 17:30:00,1,C-ASM,M02,Medium,2026-10-01 16:00:00,2026-10-01 21:15:00,15,300,315,277.75,288.75,40425.0,0,129.938
J058,C,297,2,2026-09-27 17:30:00,2,C-HT,M03,Maximum,2026-10-01 21:15:00,2026-10-02 05:20:00,35,450,485,1104.417,1470.965,205935.04,0,882.579
J058,C,297,2,2026-09-27 17:30:00,3,C-INS,M05,Light,2026-10-02 08:00:00,2026-10-02 11:10:00,10,180,190,97.067,86.133,12058.67,0,30.147
J029,A,289,1,2026-09-27 18:15:00,1,A-CUT,M01,Medium,2026-09-30 14:30:00,2026-09-30 18:35:00,20,225,245,274.8,294.0,41160.0,0,132.3
J029,A,289,1,2026-09-27 18:15:00,2,A-PRS,M04,Maximum,2026-10-01 06:00:00,2026-10-01 12:00:00,0,360,360,750.0,941.25,131775.0,0,564.75
J029,A,289,1,2026-09-27 18:15:00,3,A-INS,M05,Light,2026-10-01 12:00:00,2026-10-01 15:10:00,10,180,190,97.067,86.133,12058.67,0,30.147
J036,B,287,2,2026-09-27 18:30:00,1,B-CUT,M01,Medium,2026-10-01 06:00:00,2026-10-01 10:05:00,20,225,245,274.8,294.0,41160.0,0,132.3
J036,B,287,2,2026-09-27 18:30:00,2,B-HT,M03,Maximum,2026-10-01 10:15:00,2026-10-01 18:05:00,35,435,470,1068.167,1425.471,199565.92,0,855.282
J036,B,287,2,2026-09-27 18:30:00,3,B-ASM,M02,Medium,2026-10-02 06:00:00,2026-10-02 11:15:00,15,300,315,277.75,288.75,40425.0,0,129.938
J023,C,71,2,2026-09-27 20:00:00,1,C-ASM,M02,Medium,2026-09-27 13:00:00,2026-09-27 14:30:00,15,75,90,71.5,82.5,9817.5,0,37.125
J023,C,71,2,2026-09-27 20:00:00,2,C-HT,M03,Maximum,2026-10-01 18:15:00,2026-10-01 20:50:00,35,120,155,306.917,470.102,65814.29,0,282.061
J023,C,71,2,2026-09-27 20:00:00,3,C-INS,M05,Light,2026-10-02 11:15:00,2026-10-02 12:10:00,10,45,55,25.067,24.933,3490.67,0,8.727
J073,C,278,3,2026-09-27 20:00:00,1,C-ASM,M02,Medium,2026-10-02 11:15:00,2026-10-02 16:00:00,0,285,285,261.25,261.25,36575.0,0,117.562
J073,C,278,3,2026-09-27 20:00:00,2,C-HT,M03,Maximum,2026-10-02 16:00:00,2026-10-02 23:00:00,0,420,420,1015.0,1273.825,178335.5,0,764.295
J073,C,278,3,2026-09-27 20:00:00,3,C-INS,M05,Light,2026-10-03 08:00:00,2026-10-03 11:00:00,0,180,180,96.0,81.6,11424.0,0,28.56
J002,B,278,1,2026-09-27 22:00:00,1,B-CUT,M01,Medium,2026-10-01 10:15:00,2026-10-01 13:45:00,0,210,210,252.0,252.0,35280.0,0,113.4
J002,B,278,1,2026-09-27 22:00:00,2,B-HT,M03,Maximum,2026-10-02 05:30:00,2026-10-02 13:05:00,35,420,455,1031.917,1379.977,193196.79,0,827.986
J002,B,278,1,2026-09-27 22:00:00,3,B-ASM,M02,Medium,2026-10-02 16:00:00,2026-10-02 21:00:00,15,285,300,264.0,275.0,38500.0,0,123.75
