job_id,product_type,quantity,priority,release_time,due_time,process_step,process_id,machine_id,load_type,start_time,end_time,setup_time_min,processing_time_min,total_time_min,operation_energy_kWh_est,uci_energy_kWh,uci_energy_cost,uci_peak_overlap_slots,uci_co2_kg
J027,A,106,1,2026-09-21 00:00:00,2026-09-22 03:00:00,1,A-CUT,M01,Medium,2026-09-21 06:00:00,2026-09-21 07:30:00,0,90,90,108.0,108.0,9720.0,0,48.6
J027,A,106,1,2026-09-21 00:00:00,2026-09-22 03:00:00,2,A-PRS,M04,Maximum,2026-09-21 07:30:00,2026-09-21 09:45:00,0,135,135,281.25,352.969,45493.75,0,211.781
J027,A,106,1,2026-09-21 00:00:00,2026-09-22 03:00:00,3,A-INS,M05,Light,2026-09-21 09:45:00,2026-09-21 11:00:00,0,75,75,40.0,34.0,6936.0,4,11.9
J004,B,257,2,2026-09-21 00:15:00,2026-09-25 05:15:00,1,B-CUT,M01,Medium,2026-09-21 07:30:00,2026-09-21 11:05:00,20,195,215,238.8,258.0,41280.0,5,116.1
J004,B,257,2,2026-09-21 00:15:00,2026-09-25 05:15:00,2,B-HT,M03,Maximum,2026-09-21 11:15:00,2026-09-21 17:45:00,0,390,390,942.5,1182.837,187434.25,6,709.702
J004,B,257,2,2026-09-21 00:15:00,2026-09-25 05:15:00,3,B-ASM,M02,Medium,2026-09-22 06:00:00,2026-09-22 10:30:00,0,270,270,247.5,247.5,31350.0,2,111.375
J034,C,264,2,2026-09-21 01:00:00,2026-09-23 03:00:00,1,C-ASM,M02,Medium,2026-09-21 06:00:00,2026-09-21 10:45:00,15,270,285,250.25,261.25,34375.0,3,117.562
J034,C,264,2,2026-09-21 01:00:00,2026-09-23 03:00:00,2,C-HT,M03,Maximum,2026-09-21 17:45:00,2026-09-22 01:05:00,35,405,440,995.667,1334.483,189941.46,9,800.69
J034,C,264,2,2026-09-21 01:00:00,2026-09-23 03:00:00,3,C-INS,M05,Light,2026-09-22 08:00:00,2026-09-22 10:55:00,10,165,175,89.067,79.333,13222.22,4,27.767
J078,B,281,3,2026-09-21 02:45:00,2026-09-25 02:45:00,1,B-CUT,M01,Medium,2026-09-21 11:15:00,2026-09-21 15:00:00,0,225,225,270.0,270.0,42120.0,3,121.5
J078,B,281,3,2026-09-21 02:45:00,2026-09-25 02:45:00,2,B-HT,M03,Maximum,2026-09-22 01:15:00,2026-09-22 09:05:00,35,435,470,1068.167,1425.471,139428.87,0,855.282
J078,B,281,3,2026-09-21 02:45:00,2026-09-25 02:45:00,3,B-ASM,M02,Medium,2026-09-22 10:30:00,2026-09-22 15:30:00,15,285,300,264.0,275.0,45100.0,6,123.75
J059,C,134,2,2026-09-21 03:00:00,2026-09-24 05:00:00,1,C-ASM,M02,Medium,2026-09-21 10:45:00,2026-09-21 13:15:00,15,135,150,126.5,137.5,24750.0,5,61.875
J059,C,134,2,2026-09-21 03:00:00,2026-09-24 05:00:00,2,C-HT,M03,Maximum,2026-09-22 09:15:00,2026-09-22 13:20:00,35,210,245,524.417,743.065,132003.24,8,445.839
J059,C,134,2,2026-09-21 03:00:00,2026-09-24 05:00:00,3,C-INS,M05,Light,2026-09-22 13:30:00,2026-09-22 15:00:00,0,90,90,48.0,40.8,5712.0,0,14.28
J003,A,179,1,2026-09-21 03:15:00,2026-09-26 09:15:00,1,A-CUT,M01,Medium,2026-09-21 15:00:00,2026-09-21 17:35:00,20,135,155,166.8,186.0,30098.18,3,83.7
J003,A,179,1,2026-09-21 03:15:00,2026-09-26 09:15:00,2,A-PRS,M04,Maximum,2026-09-21 17:45:00,2026-09-21 21:30:00,0,225,225,468.75,588.281,110596.88,9,352.969
J003,A,179,1,2026-09-21 03:15:00,2026-09-26 09:15:00,3,A-INS,M05,Light,2026-09-22 11:00:00,2026-09-22 13:10:00,10,120,130,65.067,58.933,10346.07,4,20.627
J040,B,198,2,2026-09-21 05:00:00,2026-09-25 13:00:00,1,B-CUT,M01,Medium,2026-09-21 17:45:00,2026-09-21 20:35:00,20,150,170,184.8,204.0,40800.0,9,91.8
J040,B,198,2,2026-09-21 05:00:00,2026-09-25 13:00:00,2,B-HT,M03,Maximum,2026-09-22 13:30:00,2026-09-22 19:05:00,35,300,335,741.917,1016.027,174049.86,9,609.616
J040,B,198,2,2026-09-21 05:00:00,2026-09-25 13:00:00,3,B-ASM,M02,Medium,2026-09-23 06:00:00,2026-09-23 09:45:00,15,210,225,195.25,206.25,23375.0,0,92.812
J052,C,298,2,2026-09-21 05:30:00,2026-09-23 08:30:00,1,C-ASM,M02,Medium,2026-09-21 13:15:00,2026-09-21 18:30:00,15,300,315,277.75,288.75,47025.0,6,129.938
J052,C,298,2,2026-09-21 05:30:00,2026-09-23 08:30:00,2,C-HT,M03,Maximum,2026-09-22 19:15:00,2026-09-23 03:20:00,35,450,485,1104.417,1470.965,167600.81,3,882.579
J052,C,298,2,2026-09-21 05:30:00,2026-09-23 08:30:00,3,C-INS,M05,Light,2026-09-23 08:00:00,2026-09-23 11:10:00,10,180,190,97.067,86.133,14708.92,5,30.147
J048,C,266,1,2026-09-21 06:00:00,2026-09-25 10:00:00,1,C-ASM,M02,Medium,2026-09-22 15:30:00,2026-09-22 20:00:00,0,270,270,247.5,247.5,47850.0,12,111.375
J048,C,266,1,2026-09-21 06:00:00,2026-09-25 10:00:00,2,C-HT,M03,Maximum,2026-09-23 03:30:00,2026-09-23 10:15:00,0,405,405,978.75,1228.331,134661.5,1,736.999
J048,C,266,1,2026-09-21 06:00:00,2026-09-25 10:00:00,3,C-INS,M05,Light,2026-09-23 11:15:00,2026-09-23 14:00:00,0,165,165,88.0,74.8,12104.0,3,26.18
J039,A,202,3,2026-09-21 08:15:00,2026-09-25 09:15:00,1,A-CUT,M01,Medium,2026-09-22 06:00:00,2026-09-22 09:05:00,20,165,185,202.8,222.0,24249.23,0,99.9
J039,A,202,3,2026-09-21 08:15:00,2026-09-25 09:15:00,2,A-PRS,M04,Maximum,2026-09-22 09:15:00,2026-09-22 13:30:00,0,255,255,531.25,666.719,118440.62,8,400.031
J039,A,202,3,2026-09-21 08:15:00,2026-09-25 09:15:00,3,A-INS,M05,Light,2026-09-22 15:00:00,2026-09-22 17:25:00,10,135,145,73.067,65.733,10254.4,2,23.007
J010,A,289,1,2026-09-21 09:15:00,2026-09-26 12:15:00,1,A-CUT,M01,Medium,2026-09-22 09:15:00,2026-09-22 13:00:00,0,225,225,270.0,270.0,49320.0,8,121.5
J010,A,289,1,2026-09-21 09:15:00,2026-09-26 12:15:00,2,A-PRS,M04,Maximum,2026-09-22 13:30:00,2026-09-22 19:30:00,0,360,360,750.0,941.25,163150.0,10,564.75
J010,A,289,1,2026-09-21 09:15:00,2026-09-26 12:15:00,3,A-INS,M05,Light,2026-09-23 14:00:00,2026-09-23 17:00:00,0,180,180,96.0,81.6,11424.0,0,28.56
J028,A,134,1,2026-09-21 09:15:00,2026-09-24 16:15:00,1,A-CUT,M01,Medium,2026-09-22 13:00:00,2026-09-22 14:45:00,0,105,105,126.0,126.0,17640.0,0,56.7
J028,A,134,1,2026-09-21 09:15:00,2026-09-24 16:15:00,2,A-PRS,M04,Maximum,2026-09-23 06:00:00,2026-09-23 08:45:00,0,165,165,343.75,431.406,44709.37,0,258.844
J028,A,134,1,2026-09-21 09:15:00,2026-09-24 16:15:00,3,A-INS,M05,Light,2026-09-23 17:00:00,2026-09-23 18:30:00,0,90,90,48.0,40.8,8976.0,6,14.28
J043,B,75,1,2026-09-21 09:15:00,2026-09-26 13:15:00,1,B-CUT,M01,Medium,2026-09-22 14:45:00,2026-09-22 16:05:00,20,60,80,76.8,96.0,13440.0,0,43.2
J043,B,75,1,2026-09-21 09:15:00,2026-09-26 13:15:00,2,B-HT,M03,Maximum,2026-09-23 10:15:00,2026-09-23 12:50:00,35,120,155,306.917,470.102,89746.76,7,282.061
J043,B,75,1,2026-09-21 09:15:00,2026-09-26 13:15:00,3,B-ASM,M02,Medium,2026-09-23 13:00:00,2026-09-23 14:30:00,15,75,90,71.5,82.5,11550.0,0,37.125
J050,B,78,3,2026-09-21 09:15:00,2026-09-26 09:15:00,1,B-CUT,M01,Medium,2026-09-21 20:45:00,2026-09-21 21:45:00,0,60,60,72.0,72.0,10080.0,0,32.4
J050,B,78,3,2026-09-21 09:15:00,2026-09-26 09:15:00,2,B-HT,M03,Maximum,2026-09-23 13:00:00,2026-09-23 15:00:00,0,120,120,290.0,363.95,50953.0,0,218.37
J050,B,78,3,2026-09-21 09:15:00,2026-09-26 09:15:00,3,B-ASM,M02,Medium,2026-09-23 15:00:00,2026-09-23 16:30:00,0,90,90,82.5,82.5,11550.0,0,37.125
J033,B,273,1,2026-09-21 09:45:00,2026-09-26 10:45:00,1,B-CUT,M01,Medium,2026-09-22 16:15:00,2026-09-22 19:45:00,0,210,210,252.0,252.0,51120.0,11,113.4
J033,B,273,1,2026-09-21 09:45:00,2026-09-26 10:45:00,2,B-HT,M03,Maximum,2026-09-23 15:00:00,2026-09-23 22:00:00,0,420,420,1015.0,1273.825,222009.5,12,764.295
J033,B,273,1,2026-09-21 09:45:00,2026-09-26 10:45:00,3,B-ASM,M02,Medium,2026-09-24 06:00:00,2026-09-24 10:45:00,0,285,285,261.25,261.25,34375.0,3,117.562
J069,A,171,3,2026-09-21 09:45:00,2026-09-25 12:45:00,1,A-CUT,M01,Medium,2026-09-23 06:00:00,2026-09-23 08:35:00,20,135,155,166.8,186.0,19276.36,0,83.7
J069,A,171,3,2026-09-21 09:45:00,2026-09-25 12:45:00,2,A-PRS,M04,Maximum,2026-09-23 08:45:00,2026-09-23 12:15:00,0,210,210,437.5,549.062,101968.75,8,329.438
J069,A,171,3,2026-09-21 09:45:00,2026-09-25 12:45:00,3,A-INS,M05,Light,2026-09-24 08:00:00,2026-09-24 09:45:00,0,105,105,56.0,47.6,6664.0,0,16.66
J031,A,217,3,2026-09-21 12:00:00,2026-09-25 17:00:00,1,A-CUT,M01,Medium,2026-09-23 08:45:00,2026-09-23 11:30:00,0,165,165,198.0,198.0,36360.0,6,89.1
J031,A,217,3,2026-09-21 12:00:00,2026-09-25 17:00:00,2,A-PRS,M04,Maximum,2026-09-23 12:15:00,2026-09-23 16:45:00,0,270,270,562.5,705.937,98831.25,0,423.562
J031,A,217,3,2026-09-21 12:00:00,2026-09-25 17:00:00,3,A-INS,M05,Light,2026-09-24 09:45:00,2026-09-24 12:00:00,0,135,135,72.0,61.2,12920.0,8,21.42
J060,C,59,2,2026-09-21 13:45:00,2026-09-24 18:45:00,1,C-ASM,M02,Medium,2026-09-21 18:30:00,2026-09-21 19:45:00,15,60,75,57.75,68.75,15125.0,5,30.938
J060,C,59,2,2026-09-21 13:45:00,2026-09-24 18:45:00,2,C-HT,M03,Maximum,2026-09-23 22:00:00,2026-09-24 00:05:00,35,90,125,234.417,379.115,34120.31,0,227.469
J060,C,59,2,2026-09-21 13:45:00,2026-09-24 18:45:00,3,C-INS,M05,Light,2026-09-24 12:00:00,2026-09-24 12:55:00,10,45,55,25.067,24.933,3490.67,0,8.727
J046,C,117,2,2026-09-21 14:00:00,2026-09-26 16:00:00,1,C-ASM,M02,Medium,2026-09-21 19:45:00,2026-09-21 21:45:00,0,120,120,110.0,110.0,16500.0,1,49.5
J046,C,117,2,2026-09-21 14:00:00,2026-09-26 16:00:00,2,C-HT,M03,Maximum,2026-09-24 00:15:00,2026-09-24 03:15:00,0,180,180,435.0,545.925,49133.25,0,327.555
J046,C,117,2,2026-09-21 14:00:00,2026-09-26 16:00:00,3,C-INS,M05,Light,2026-09-24 13:00:00,2026-09-24 14:15:00,0,75,75,40.0,34.0,4760.0,0,11.9
J016,A,62,2,2026-09-21 14:15:00,2026-09-23 20:15:00,1,A-CUT,M01,Medium,2026-09-22 19:45:00,2026-09-22 20:45:00,0,60,60,72.0,72.0,11520.0,1,32.4
J016,A,62,2,2026-09-21 14:15:00,2026-09-23 20:15:00,2,A-PRS,M04,Maximum,2026-09-22 20:45:00,2026-09-22 22:00:00,0,75,75,156.25,196.094,27453.12,0,117.656
J016,A,62,2,2026-09-21 14:15:00,2026-09-23 20:15:00,3,A-INS,M05,Light,2026-09-23 18:30:00,2026-09-23 19:25:00,10,45,55,25.067,24.933,5485.33,4,8.727
J072,C,166,2,2026-09-21 17:45:00,2026-09-27 01:45:00,1,C-ASM,M02,Medium,2026-09-23 09:45:00,2026-09-23 12:45:00,0,180,180,165.0,165.0,31900.0,8,74.25
J072,C,166,2,2026-09-21 17:45:00,2026-09-27 01:45:00,2,C-HT,M03,Maximum,2026-09-24 03:15:00,2026-09-24 07:30:00,0,255,255,616.25,773.394,69605.44,0,464.036
J072,C,166,2,2026-09-21 17:45:00,2026-09-27 01:45:00,3,C-INS,M05,Light,2026-09-24 14:15:00,2026-09-24 16:10:00,10,105,115,57.067,52.133,7298.67,0,18.247
J076,B,85,3,2026-09-21 19:15:00,2026-09-25 21:15:00,1,B-CUT,M01,Medium,2026-09-23 11:30:00,2026-09-23 13:05:00,20,75,95,94.8,114.0,18565.71,2,51.3
J076,B,85,3,2026-09-21 19:15:00,2026-09-25 21:15:00,2,B-HT,M03,Maximum,2026-09-24 07:30:00,2026-09-24 10:20:00,35,135,170,343.167,515.596,74761.4,2,309.357
J076,B,85,3,2026-09-21 19:15:00,2026-09-25 21:15:00,3,B-ASM,M02,Medium,2026-09-24 10:45:00,2026-09-24 12:30:00,15,90,105,85.25,96.25,18975.0,5,43.312
J067,A,171,2,2026-09-21 21:00:00,2026-09-25 05:00:00,1,A-CUT,M01,Medium,2026-09-23 13:15:00,2026-09-23 15:50:00,20,135,155,166.8,186.0,26040.0,0,83.7
J067,A,171,2,2026-09-21 21:00:00,2026-09-25 05:00:00,2,A-PRS,M04,Maximum,2026-09-23 16:45:00,2026-09-23 20:15:00,0,210,210,437.5,549.062,114518.75,12,329.438
J067,A,171,2,2026-09-21 21:00:00,2026-09-25 05:00:00,3,A-INS,M05,Light,2026-09-24 16:15:00,2026-09-24 18:10:00,10,105,115,57.067,52.133,9905.33,5,18.247
J065,B,241,3,2026-09-21 22:30:00,2026-09-26 06:30:00,1,B-CUT,M01,Medium,2026-09-23 16:00:00,2026-09-23 19:35:00,20,195,215,238.8,258.0,51256.0,11,116.1
J065,B,241,3,2026-09-21 22:30:00,2026-09-26 06:30:00,2,B-HT,M03,Maximum,2026-09-24 10:30:00,2026-09-24 16:45:00,0,375,375,906.25,1137.344,181065.12,6,682.406
J065,B,241,3,2026-09-21 22:30:00,2026-09-26 06:30:00,3,B-ASM,M02,Medium,2026-09-24 16:45:00,2026-09-24 21:00:00,0,255,255,233.75,233.75,45925.0,12,105.188
J032,A,99,1,2026-09-22 00:45:00,2026-09-24 06:45:00,1,A-CUT,M01,Medium,2026-09-23 19:45:00,2026-09-23 21:20:00,20,75,95,94.8,114.0,17262.86,1,51.3
J032,A,99,1,2026-09-22 00:45:00,2026-09-24 06:45:00,2,A-PRS,M04,Maximum,2026-09-24 06:00:00,2026-09-24 08:00:00,0,120,120,250.0,313.75,28237.5,0,188.25
J032,A,99,1,2026-09-22 00:45:00,2026-09-24 06:45:00,3,A-INS,M05,Light,2026-09-24 18:15:00,2026-09-24 19:15:00,0,60,60,32.0,27.2,5984.0,4,9.52
J026,B,113,2,2026-09-22 04:00:00,2026-09-25 04:00:00,1,B-CUT,M01,Medium,2026-09-24 06:00:00,2026-09-24 07:50:00,20,90,110,112.8,132.0,11880.0,0,59.4
J026,B,113,2,2026-09-22 04:00:00,2026-09-25 04:00:00,2,B-HT,M03,Maximum,2026-09-24 20:00:00,2026-09-24 23:00:00,0,180,180,435.0,545.925,67330.75,0,327.555
J026,B,113,2,2026-09-22 04:00:00,2026-09-25 04:00:00,3,B-ASM,M02,Medium,2026-09-25 06:00:00,2026-09-25 08:00:00,0,120,120,110.0,110.0,9900.0,0,49.5
J057,C,108,2,2026-09-22 04:00:00,2026-09-24 10:00:00,1,C-ASM,M02,Medium,2026-09-23 16:30:00,2026-09-23 18:45:00,15,120,135,112.75,123.75,25025.0,7,55.688
J057,C,108,2,2026-09-22 04:00:00,2026-09-24 10:00:00,2,C-HT,M03,Maximum,2026-09-24 23:00:00,2026-09-25 02:20:00,35,165,200,415.667,606.583,54592.5,0,363.95
J057,C,108,2,2026-09-22 04:00:00,2026-09-24 10:00:00,3,C-INS,M05,Light,2026-09-25 08:00:00,2026-09-25 09:25:00,10,75,85,41.067,38.533,5394.67,0,13.487
J056,A,170,2,2026-09-22 04:15:00,2026-09-26 09:15:00,1,A-CUT,M01,Medium,2026-09-24 08:00:00,2026-09-24 10:35:00,20,135,155,166.8,186.0,30098.18,3,83.7
J056,A,170,2,2026-09-22 04:15:00,2026-09-26 09:15:00,2,A-PRS,M04,Maximum,2026-09-24 10:45:00,2026-09-24 14:15:00,0,210,210,437.5,549.062,92556.25,5,329.438
J056,A,170,2,2026-09-22 04:15:00,2026-09-26 09:15:00,3,A-INS,M05,Light,2026-09-25 09:30:00,2026-09-25 11:25:00,10,105,115,57.067,52.133,10426.67,6,18.247
J008,A,219,3,2026-09-22 05:30:00,2026-09-23 08:30:00,1,A-CUT,M01,Medium,2026-09-24 10:45:00,2026-09-24 13:30:00,0,165,165,198.0,198.0,34920.0,5,89.1
J008,A,219,3,2026-09-22 05:30:00,2026-09-23 08:30:00,2,A-PRS,M04,Maximum,2026-09-24 14:15:00,2026-09-24 18:45:00,0,270,270,562.5,705.937,120793.75,7,423.562
J008,A,219,3,2026-09-22 05:30:00,2026-09-23 08:30:00,3,A-INS,M05,Light,2026-09-25 11:30:00,2026-09-25 13:45:00,0,135,135,72.0,61.2,9656.0,2,21.42
J068,B,73,1,2026-09-22 06:30:00,2026-09-24 09:30:00,1,B-CUT,M01,Medium,2026-09-24 13:30:00,2026-09-24 14:50:00,20,60,80,76.8,96.0,13440.0,0,43.2
J068,B,73,1,2026-09-22 06:30:00,2026-09-24 09:30:00,2,B-HT,M03,Maximum,2026-09-25 02:30:00,2026-09-25 05:05:00,35,120,155,306.917,470.102,42309.19,0,282.061
J068,B,73,1,2026-09-22 06:30:00,2026-09-24 09:30:00,3,B-ASM,M02,Medium,2026-09-25 08:00:00,2026-09-25 09:30:00,15,75,90,71.5,82.5,11550.0,0,37.125
J070,B,152,3,2026-09-22 07:15:00,2026-09-23 08:15:00,1,B-CUT,M01,Medium,2026-09-24 15:00:00,2026-09-24 17:00:00,0,120,120,144.0,144.0,20160.0,0,64.8
J070,B,152,3,2026-09-22 07:15:00,2026-09-23 08:15:00,2,B-HT,M03,Maximum,2026-09-25 05:15:00,2026-09-25 09:15:00,0,240,240,580.0,727.9,76884.44,0,436.74
J070,B,152,3,2026-09-22 07:15:00,2026-09-23 08:15:00,3,B-ASM,M02,Medium,2026-09-25 09:30:00,2026-09-25 12:15:00,0,165,165,151.25,151.25,29975.0,8,68.062
J044,A,67,2,2026-09-22 07:30:00,2026-09-25 09:30:00,1,A-CUT,M01,Medium,2026-09-24 17:00:00,2026-09-24 18:20:00,20,60,80,76.8,96.0,21120.0,6,43.2
J044,A,67,2,2026-09-22 07:30:00,2026-09-25 09:30:00,2,A-PRS,M04,Maximum,2026-09-24 18:45:00,2026-09-24 20:15:00,0,90,90,187.5,235.312,48631.25,5,141.187
J044,A,67,2,2026-09-22 07:30:00,2026-09-25 09:30:00,3,A-INS,M05,Light,2026-09-25 13:45:00,2026-09-25 14:30:00,0,45,45,24.0,20.4,2856.0,0,7.14
J055,B,221,2,2026-09-22 07:30:00,2026-09-24 08:30:00,1,B-CUT,M01,Medium,2026-09-24 18:30:00,2026-09-24 21:50:00,20,180,200,220.8,240.0,41828.57,6,108.0
J055,B,221,2,2026-09-22 07:30:00,2026-09-24 08:30:00,2,B-HT,M03,Maximum,2026-09-25 09:15:00,2026-09-25 15:00:00,0,345,345,833.75,1046.356,175605.87,8,627.814
J055,B,221,2,2026-09-22 07:30:00,2026-09-24 08:30:00,3,B-ASM,M02,Medium,2026-09-25 15:00:00,2026-09-25 18:45:00,0,225,225,206.25,206.25,36575.0,7,92.812
J074,B,116,2,2026-09-22 07:30:00,2026-09-27 14:30:00,1,B-CUT,M01,Medium,2026-09-25 06:00:00,2026-09-25 07:30:00,0,90,90,108.0,108.0,9720.0,0,48.6
J074,B,116,2,2026-09-22 07:30:00,2026-09-27 14:30:00,2,B-HT,M03,Maximum,2026-09-25 15:00:00,2026-09-25 18:00:00,0,180,180,435.0,545.925,90987.5,4,327.555
J074,B,116,2,2026-09-22 07:30:00,2026-09-27 14:30:00,3,B-ASM,M02,Medium,2026-09-25 18:45:00,2026-09-25 20:45:00,0,120,120,110.0,110.0,20900.0,5,49.5
J006,C,204,1,2026-09-22 09:00:00,2026-09-26 17:00:00,1,C-ASM,M02,Medium,2026-09-24 12:30:00,2026-09-24 16:15:00,15,210,225,195.25,206.25,28875.0,0,92.812
J006,C,204,1,2026-09-22 09:00:00,2026-09-26 17:00:00,2,C-HT,M03,Maximum,2026-09-25 18:00:00,2026-09-25 23:50:00,35,315,350,778.167,1061.521,159228.12,8,636.912
J006,C,204,1,2026-09-22 09:00:00,2026-09-26 17:00:00,3,C-INS,M05,Light,2026-09-26 08:00:00,2026-09-26 10:25:00,10,135,145,73.067,65.733,8716.24,2,23.007
J014,B,86,2,2026-09-22 09:15:00,2026-09-24 17:15:00,1,B-CUT,M01,Medium,2026-09-22 20:45:00,2026-09-22 22:00:00,0,75,75,90.0,90.0,12600.0,0,40.5
J014,B,86,2,2026-09-22 09:15:00,2026-09-24 17:15:00,2,B-HT,M03,Maximum,2026-09-26 00:00:00,2026-09-26 02:50:00,35,135,170,343.167,515.596,39185.28,0,309.357
J014,B,86,2,2026-09-22 09:15:00,2026-09-24 17:15:00,3,B-ASM,M02,Medium,2026-09-26 06:00:00,2026-09-26 07:45:00,15,90,105,85.25,96.25,7315.0,0,43.312
J019,B,294,3,2026-09-22 09:15:00,2026-09-27 10:15:00,1,B-CUT,M01,Medium,2026-09-25 07:30:00,2026-09-25 11:15:00,0,225,225,270.0,270.0,43200.0,5,121.5
J019,B,294,3,2026-09-22 09:15:00,2026-09-27 10:15:00,2,B-HT,M03,Maximum,2026-09-26 03:00:00,2026-09-26 10:30:00,0,450,450,1087.5,1364.812,129475.21,2,818.887
J019,B,294,3,2026-09-22 09:15:00,2026-09-27 10:15:00,3,B-ASM,M02,Medium,2026-09-26 10:30:00,2026-09-26 15:30:00,0,300,300,275.0,275.0,38335.0,6,123.75
J049,A,83,3,2026-09-22 09:15:00,2026-09-26 17:15:00,1,A-CUT,M01,Medium,2026-09-25 11:15:00,2026-09-25 12:50:00,20,75,95,94.8,114.0,19868.57,3,51.3
J049,A,83,3,2026-09-22 09:15:00,2026-09-26 17:15:00,2,A-PRS,M04,Maximum,2026-09-25 13:00:00,2026-09-25 14:45:00,0,105,105,218.75,274.531,38434.38,0,164.719
J049,A,83,3,2026-09-22 09:15:00,2026-09-26 17:15:00,3,A-INS,M05,Light,2026-09-25 14:45:00,2026-09-25 15:55:00,10,60,70,33.067,31.733,4442.67,0,11.107
J024,C,92,3,2026-09-22 09:45:00,2026-09-24 17:45:00,1,C-ASM,M02,Medium,2026-09-22 20:00:00,2026-09-22 22:00:00,15,105,120,99.0,110.0,15400.0,0,49.5
J024,C,92,3,2026-09-22 09:45:00,2026-09-24 17:45:00,2,C-HT,M03,Maximum,2026-09-26 10:30:00,2026-09-26 13:35:00,35,150,185,379.417,561.09,84379.24,6,336.654
J024,C,92,3,2026-09-22 09:45:00,2026-09-24 17:45:00,3,C-INS,M05,Light,2026-09-26 13:45:00,2026-09-26 14:55:00,10,60,70,33.067,31.733,3776.27,0,11.107
J018,B,187,2,2026-09-22 10:30:00,2026-09-23 14:30:00,1,B-CUT,M01,Medium,2026-09-25 13:00:00,2026-09-25 15:50:00,20,150,170,184.8,204.0,28560.0,0,91.8
J018,B,187,2,2026-09-22 10:30:00,2026-09-23 14:30:00,2,B-HT,M03,Maximum,2026-09-26 13:45:00,2026-09-26 19:05:00,35,285,320,705.667,970.533,142491.94,9,582.32
J018,B,187,2,2026-09-22 10:30:00,2026-09-23 14:30:00,3,B-ASM,M02,Medium,2026-09-27 06:00:00,2026-09-27 09:30:00,15,195,210,181.5,192.5,18177.5,0,86.625
J001,B,56,3,2026-09-22 11:15:00,2026-09-24 13:15:00,1,B-CUT,M01,Medium,2026-09-25 16:00:00,2026-09-25 17:00:00,0,60,60,72.0,72.0,10080.0,0,32.4
J001,B,56,3,2026-09-22 11:15:00,2026-09-24 13:15:00,2,B-HT,M03,Maximum,2026-09-26 19:15:00,2026-09-26 20:45:00,0,90,90,217.5,272.962,41763.26,3,163.777
J001,B,56,3,2026-09-22 11:15:00,2026-09-24 13:15:00,3,B-ASM,M02,Medium,2026-09-26 20:45:00,2026-09-26 21:45:00,0,60,60,55.0,55.0,6545.0,0,24.75
J058,C,297,2,2026-09-22 11:30:00,2026-09-27 17:30:00,1,C-ASM,M02,Medium,2026-09-26 15:30:00,2026-09-26 20:45:00,15,300,315,277.75,288.75,45581.25,12,129.938
J058,C,297,2,2026-09-22 11:30:00,2026-09-27 17:30:00,2,C-HT,M03,Maximum,2026-09-26 20:45:00,2026-09-27 04:50:00,35,450,485,1104.417,1470.965,121376.87,0,882.579
J058,C,297,2,2026-09-22 11:30:00,2026-09-27 17:30:00,3,C-INS,M05,Light,2026-09-27 08:00:00,2026-09-27 11:00:00,0,180,180,96.0,81.6,11560.0,4,28.56
J075,A,69,2,2026-09-22 12:15:00,2026-09-25 17:15:00,1,A-CUT,M01,Medium,2026-09-25 17:00:00,2026-09-25 18:20:00,20,60,80,76.8,96.0,21120.0,6,43.2
J075,A,69,2,2026-09-22 12:15:00,2026-09-25 17:15:00,2,A-PRS,M04,Maximum,2026-09-25 20:00:00,2026-09-25 21:30:00,0,90,90,187.5,235.312,32943.75,0,141.187
J075,A,69,2,2026-09-22 12:15:00,2026-09-25 17:15:00,3,A-INS,M05,Light,2026-09-26 10:30:00,2026-09-26 11:25:00,10,45,55,25.067,24.933,4662.53,4,8.727
J037,B,98,1,2026-09-22 13:15:00,2026-09-23 21:15:00,1,B-CUT,M01,Medium,2026-09-25 18:30:00,2026-09-25 20:05:00,20,75,95,94.8,114.0,23777.14,6,51.3
J037,B,98,1,2026-09-22 13:15:00,2026-09-23 21:15:00,2,B-HT,M03,Maximum,2026-09-27 05:00:00,2026-09-27 08:05:00,35,150,185,379.417,561.09,44498.72,0,336.654
J037,B,98,1,2026-09-22 13:15:00,2026-09-23 21:15:00,3,B-ASM,M02,Medium,2026-09-27 09:30:00,2026-09-27 11:30:00,15,105,120,99.0,110.0,18700.0,6,49.5
J064,B,153,2,2026-09-22 13:15:00,2026-09-24 19:15:00,1,B-CUT,M01,Medium,2026-09-26 06:00:00,2026-09-26 08:00:00,0,120,120,144.0,144.0,10944.0,0,64.8
J064,B,153,2,2026-09-22 13:15:00,2026-09-24 19:15:00,2,B-HT,M03,Maximum,2026-09-27 08:15:00,2026-09-27 12:15:00,0,240,240,580.0,727.9,111368.7,8,436.74
J064,B,153,2,2026-09-22 13:15:00,2026-09-24 19:15:00,3,B-ASM,M02,Medium,2026-09-27 12:15:00,2026-09-27 15:00:00,0,165,165,151.25,151.25,17998.75,0,68.062
J022,C,274,3,2026-09-22 15:15:00,2026-09-23 18:15:00,1,C-ASM,M02,Medium,2026-09-27 15:00:00,2026-09-27 20:00:00,15,285,300,264.0,275.0,43945.0,12,123.75
J022,C,274,3,2026-09-22 15:15:00,2026-09-23 18:15:00,2,C-HT,M03,Maximum,2026-09-27 20:00:00,2026-09-28 03:35:00,35,420,455,1031.917,1379.977,134547.77,0,827.986
J022,C,274,3,2026-09-22 15:15:00,2026-09-23 18:15:00,3,C-INS,M05,Light,2026-09-28 08:00:00,2026-09-28 10:55:00,10,165,175,89.067,79.333,11106.67,0,27.767
J025,B,232,3,2026-09-22 15:45:00,2026-09-25 22:45:00,1,B-CUT,M01,Medium,2026-09-26 08:00:00,2026-09-26 11:00:00,0,180,180,216.0,216.0,30600.0,4,97.2
J025,B,232,3,2026-09-22 15:45:00,2026-09-25 22:45:00,2,B-HT,M03,Maximum,2026-09-27 12:15:00,2026-09-27 18:50:00,35,360,395,886.917,1198.002,166699.77,8,718.801
J025,B,232,3,2026-09-22 15:45:00,2026-09-25 22:45:00,3,B-ASM,M02,Medium,2026-09-28 06:00:00,2026-09-28 10:15:00,15,240,255,222.75,233.75,32725.0,0,105.188
J042,B,167,2,2026-09-22 16:00:00,2026-09-23 23:00:00,1,B-CUT,M01,Medium,2026-09-26 11:00:00,2026-09-26 13:15:00,0,135,135,162.0,162.0,24174.0,4,72.9
J042,B,167,2,2026-09-22 16:00:00,2026-09-23 23:00:00,2,B-HT,M03,Maximum,2026-09-28 03:45:00,2026-09-28 08:00:00,0,255,255,616.25,773.394,108275.12,0,464.036
J042,B,167,2,2026-09-22 16:00:00,2026-09-23 23:00:00,3,B-ASM,M02,Medium,2026-09-28 10:15:00,2026-09-28 13:15:00,0,180,180,165.0,165.0,23100.0,0,74.25
J063,B,134,2,2026-09-22 16:00:00,2026-09-26 00:00:00,1,B-CUT,M01,Medium,2026-09-25 20:15:00,2026-09-25 22:00:00,0,105,105,126.0,126.0,17640.0,0,56.7
J063,B,134,2,2026-09-22 16:00:00,2026-09-26 00:00:00,2,B-HT,M03,Maximum,2026-09-28 08:00:00,2026-09-28 11:30:00,0,210,210,507.5,636.912,89167.75,0,382.147
J063,B,134,2,2026-09-22 16:00:00,2026-09-26 00:00:00,3,B-ASM,M02,Medium,2026-09-28 13:15:00,2026-09-28 15:30:00,0,135,135,123.75,123.75,17325.0,0,55.688
J013,B,233,3,2026-09-22 16:15:00,2026-09-26 22:15:00,1,B-CUT,M01,Medium,2026-09-26 13:15:00,2026-09-26 16:15:00,0,180,180,216.0,216.0,25704.0,0,97.2
J013,B,233,3,2026-09-22 16:15:00,2026-09-26 22:15:00,2,B-HT,M03,Maximum,2026-09-28 11:30:00,2026-09-28 17:30:00,0,360,360,870.0,1091.85,152859.0,0,655.11
J013,B,233,3,2026-09-22 16:15:00,2026-09-26 22:15:00,3,B-ASM,M02,Medium,2026-09-28 17:30:00,2026-09-28 21:30:00,0,240,240,220.0,220.0,30800.0,0,99.0
J041,A,221,1,2026-09-22 16:15:00,2026-09-25 22:15:00,1,A-CUT,M01,Medium,2026-09-26 16:15:00,2026-09-26 19:35:00,20,180,200,220.8,240.0,41382.86,11,108.0
J041,A,221,1,2026-09-22 16:15:00,2026-09-25 22:15:00,2,A-PRS,M04,Maximum,2026-09-27 06:00:00,2026-09-27 10:30:00,0,270,270,562.5,705.937,75849.06,2,423.562
J041,A,221,1,2026-09-22 16:15:00,2026-09-25 22:15:00,3,A-INS,M05,Light,2026-09-27 11:00:00,2026-09-27 13:25:00,10,135,145,73.067,65.733,9610.21,4,23.007
J077,A,154,1,2026-09-22 18:45:00,2026-09-26 18:45:00,1,A-CUT,M01,Medium,2026-09-26 19:45:00,2026-09-26 21:45:00,0,120,120,144.0,144.0,18360.0,1,64.8
J077,A,154,1,2026-09-22 18:45:00,2026-09-26 18:45:00,2,A-PRS,M04,Maximum,2026-09-27 10:30:00,2026-09-27 13:45:00,0,195,195,406.25,509.844,76672.66,6,305.906
J077,A,154,1,2026-09-22 18:45:00,2026-09-26 18:45:00,3,A-INS,M05,Light,2026-09-27 13:45:00,2026-09-27 15:30:00,0,105,105,56.0,47.6,5664.4,0,16.66
J005,A,245,1,2026-09-22 19:00:00,2026-09-24 01:00:00,1,A-CUT,M01,Medium,2026-09-27 06:00:00,2026-09-27 09:15:00,0,195,195,234.0,234.0,21654.0,0,105.3
J005,A,245,1,2026-09-22 19:00:00,2026-09-24 01:00:00,2,A-PRS,M04,Maximum,2026-09-27 13:45:00,2026-09-27 18:45:00,0,300,300,625.0,784.375,112008.75,7,470.625
J005,A,245,1,2026-09-22 19:00:00,2026-09-24 01:00:00,3,A-INS,M05,Light,2026-09-28 11:00:00,2026-09-28 13:30:00,0,150,150,80.0,68.0,9520.0,0,23.8
J047,B,233,2,2026-09-22 19:15:00,2026-09-26 03:15:00,1,B-CUT,M01,Medium,2026-09-27 09:15:00,2026-09-27 12:35:00,20,180,200,220.8,240.0,37885.71,8,108.0
J047,B,233,2,2026-09-22 19:15:00,2026-09-26 03:15:00,2,B-HT,M03,Maximum,2026-09-28 17:30:00,2026-09-28 23:30:00,0,360,360,870.0,1091.85,152859.0,0,655.11
J047,B,233,2,2026-09-22 19:15:00,2026-09-26 03:15:00,3,B-ASM,M02,Medium,2026-09-29 06:00:00,2026-09-29 10:00:00,0,240,240,220.0,220.0,30800.0,0,99.0
J080,B,149,3,2026-09-22 19:45:00,2026-09-25 02:45:00,1,B-CUT,M01,Medium,2026-09-27 12:45:00,2026-09-27 14:45:00,0,120,120,144.0,144.0,17136.0,0,64.8
J080,B,149,3,2026-09-22 19:45:00,2026-09-25 02:45:00,2,B-HT,M03,Maximum,2026-09-28 23:30:00,2026-09-29 03:15:00,0,225,225,543.75,682.406,95536.87,0,409.444
J080,B,149,3,2026-09-22 19:45:00,2026-09-25 02:45:00,3,B-ASM,M02,Medium,2026-09-29 10:00:00,2026-09-29 12:30:00,0,150,150,137.5,137.5,19250.0,0,61.875
J030,A,160,3,2026-09-22 21:45:00,2026-09-27 04:45:00,1,A-CUT,M01,Medium,2026-09-27 14:45:00,2026-09-27 17:05:00,20,120,140,148.8,168.0,21134.4,1,75.6
J030,A,160,3,2026-09-22 21:45:00,2026-09-27 04:45:00,2,A-PRS,M04,Maximum,2026-09-27 18:45:00,2026-09-27 22:00:00,0,195,195,406.25,509.844,74005.78,5,305.906
J030,A,160,3,2026-09-22 21:45:00,2026-09-27 04:45:00,3,A-INS,M05,Light,2026-09-28 13:30:00,2026-09-28 15:15:00,0,105,105,56.0,47.6,6664.0,0,16.66
J009,B,166,1,2026-09-22 22:15:00,2026-09-26 03:15:00,1,B-CUT,M01,Medium,2026-09-27 17:15:00,2026-09-27 19:50:00,20,135,155,166.8,186.0,34782.0,11,83.7
J009,B,166,1,2026-09-22 22:15:00,2026-09-26 03:15:00,2,B-HT,M03,Maximum,2026-09-29 03:15:00,2026-09-29 07:30:00,0,255,255,616.25,773.394,108275.12,0,464.036
J009,B,166,1,2026-09-22 22:15:00,2026-09-26 03:15:00,3,B-ASM,M02,Medium,2026-09-29 12:30:00,2026-09-29 15:30:00,0,180,180,165.0,165.0,23100.0,0,74.25
J061,C,79,3,2026-09-23 01:15:00,2026-09-26 01:15:00,1,C-ASM,M02,Medium,2026-09-23 18:45:00,2026-09-23 20:30:00,15,90,105,85.25,96.25,18975.0,5,43.312
J061,C,79,3,2026-09-23 01:15:00,2026-09-26 01:15:00,2,C-HT,M03,Maximum,2026-09-29 07:30:00,2026-09-29 10:05:00,35,120,155,306.917,470.102,65814.29,0,282.061
J061,C,79,3,2026-09-23 01:15:00,2026-09-26 01:15:00,3,C-INS,M05,Light,2026-09-29 10:15:00,2026-09-29 11:25:00,10,60,70,33.067,31.733,4442.67,0,11.107
J035,B,271,1,2026-09-23 03:00:00,2026-09-25 09:00:00,1,B-CUT,M01,Medium,2026-09-28 06:00:00,2026-09-28 09:30:00,0,210,210,252.0,252.0,35280.0,0,113.4
J035,B,271,1,2026-09-23 03:00:00,2026-09-25 09:00:00,2,B-HT,M03,Maximum,2026-09-29 10:15:00,2026-09-29 17:50:00,35,420,455,1031.917,1379.977,193196.79,0,827.986
J035,B,271,1,2026-09-23 03:00:00,2026-09-25 09:00:00,3,B-ASM,M02,Medium,2026-09-30 06:00:00,2026-09-30 11:00:00,15,285,300,264.0,275.0,38500.0,0,123.75
J012,A,130,3,2026-09-23 03:30:00,2026-09-24 06:30:00,1,A-CUT,M01,Medium,2026-09-28 09:30:00,2026-09-28 11:35:00,20,105,125,130.8,150.0,21000.0,0,67.5
J012,A,130,3,2026-09-23 03:30:00,2026-09-24 06:30:00,2,A-PRS,M04,Maximum,2026-09-28 11:45:00,2026-09-28 14:30:00,0,165,165,343.75,431.406,60396.87,0,258.844
J012,A,130,3,2026-09-23 03:30:00,2026-09-24 06:30:00,3,A-INS,M05,Light,2026-09-28 15:15:00,2026-09-28 16:55:00,10,90,100,49.067,45.333,6346.67,0,15.867
J015,C,159,2,2026-09-23 03:30:00,2026-09-25 05:30:00,1,C-ASM,M02,Medium,2026-09-29 15:30:00,2026-09-29 18:30:00,15,165,180,154.0,165.0,23100.0,0,74.25
J015,C,159,2,2026-09-23 03:30:00,2026-09-25 05:30:00,2,C-HT,M03,Maximum,2026-09-29 18:30:00,2026-09-29 23:05:00,35,240,275,596.917,834.052,116767.29,0,500.431
J015,C,159,2,2026-09-23 03:30:00,2026-09-25 05:30:00,3,C-INS,M05,Light,2026-09-30 08:00:00,2026-09-30 09:55:00,10,105,115,57.067,52.133,7298.67,0,18.247
J054,C,275,3,2026-09-23 04:00:00,2026-09-25 09:00:00,1,C-ASM,M02,Medium,2026-09-30 11:00:00,2026-09-30 15:45:00,0,285,285,261.25,261.25,36575.0,0,117.562
J054,C,275,3,2026-09-23 04:00:00,2026-09-25 09:00:00,2,C-HT,M03,Maximum,2026-09-30 15:45:00,2026-09-30 22:45:00,0,420,420,1015.0,1273.825,178335.5,0,764.295
J054,C,275,3,2026-09-23 04:00:00,2026-09-25 09:00:00,3,C-INS,M05,Light,2026-10-01 08:00:00,2026-10-01 10:45:00,0,165,165,88.0,74.8,10472.0,0,26.18
J053,B,193,3,2026-09-23 04:15:00,2026-09-25 06:15:00,1,B-CUT,M01,Medium,2026-09-28 11:45:00,2026-09-28 14:35:00,20,150,170,184.8,204.0,28560.0,0,91.8
J053,B,193,3,2026-09-23 04:15:00,2026-09-25 06:15:00,2,B-HT,M03,Maximum,2026-09-29 23:15:00,2026-09-30 04:50:00,35,300,335,741.917,1016.027,142243.79,0,609.616
J053,B,193,3,2026-09-23 04:15:00,2026-09-25 06:15:00,3,B-ASM,M02,Medium,2026-09-30 15:45:00,2026-09-30 19:15:00,15,195,210,181.5,192.5,26950.0,0,86.625
J079,A,149,2,2026-09-23 05:15:00,2026-09-27 08:15:00,1,A-CUT,M01,Medium,2026-09-28 14:45:00,2026-09-28 17:05:00,20,120,140,148.8,168.0,23520.0,0,75.6
J079,A,149,2,2026-09-23 05:15:00,2026-09-27 08:15:00,2,A-PRS,M04,Maximum,2026-09-28 17:15:00,2026-09-28 20:15:00,0,180,180,375.0,470.625,65887.5,0,282.375
J079,A,149,2,2026-09-23 05:15:00,2026-09-27 08:15:00,3,A-INS,M05,Light,2026-09-29 08:00:00,2026-09-29 09:40:00,10,90,100,49.067,45.333,6346.67,0,15.867
J051,B,87,2,2026-09-23 07:15:00,2026-09-24 11:15:00,1,B-CUT,M01,Medium,2026-09-27 20:00:00,2026-09-27 21:35:00,20,75,95,94.8,114.0,13566.0,0,51.3
J051,B,87,2,2026-09-23 07:15:00,2026-09-24 11:15:00,2,B-HT,M03,Maximum,2026-09-30 05:00:00,2026-09-30 07:15:00,0,135,135,326.25,409.444,57322.12,0,245.666
J051,B,87,2,2026-09-23 07:15:00,2026-09-24 11:15:00,3,B-ASM,M02,Medium,2026-09-30 19:15:00,2026-09-30 20:45:00,0,90,90,82.5,82.5,11550.0,0,37.125
J066,A,103,2,2026-09-23 07:30:00,2026-09-27 14:30:00,1,A-CUT,M01,Medium,2026-09-28 17:15:00,2026-09-28 19:05:00,20,90,110,112.8,132.0,18480.0,0,59.4
J066,A,103,2,2026-09-23 07:30:00,2026-09-27 14:30:00,2,A-PRS,M04,Maximum,2026-09-29 06:00:00,2026-09-29 08:15:00,0,135,135,281.25,352.969,49415.62,0,211.781
J066,A,103,2,2026-09-23 07:30:00,2026-09-27 14:30:00,3,A-INS,M05,Light,2026-09-29 11:30:00,2026-09-29 12:45:00,0,75,75,40.0,34.0,4760.0,0,11.9
J073,C,278,3,2026-09-23 08:45:00,2026-09-27 20:00:00,1,C-ASM,M02,Medium,2026-10-01 06:00:00,2026-10-01 11:00:00,15,285,300,264.0,275.0,38500.0,0,123.75
J073,C,278,3,2026-09-23 08:45:00,2026-09-27 20:00:00,2,C-HT,M03,Maximum,2026-10-01 11:00:00,2026-10-01 18:35:00,35,420,455,1031.917,1379.977,193196.79,0,827.986
J073,C,278,3,2026-09-23 08:45:00,2026-09-27 20:00:00,3,C-INS,M05,Light,2026-10-02 08:00:00,2026-10-02 11:10:00,10,180,190,97.067,86.133,12058.67,0,30.147
J036,B,287,2,2026-09-23 10:30:00,2026-09-27 18:30:00,1,B-CUT,M01,Medium,2026-09-29 06:00:00,2026-09-29 10:05:00,20,225,245,274.8,294.0,41160.0,0,132.3
J036,B,287,2,2026-09-23 10:30:00,2026-09-27 18:30:00,2,B-HT,M03,Maximum,2026-09-30 07:15:00,2026-09-30 15:05:00,35,435,470,1068.167,1425.471,199565.92,0,855.282
J036,B,287,2,2026-09-23 10:30:00,2026-09-27 18:30:00,3,B-ASM,M02,Medium,2026-10-01 11:00:00,2026-10-01 16:15:00,15,300,315,277.75,288.75,40425.0,0,129.938
J017,B,202,3,2026-09-23 11:30:00,2026-09-27 12:00:00,1,B-CUT,M01,Medium,2026-09-28 19:15:00,2026-09-28 22:00:00,0,165,165,198.0,198.0,27720.0,0,89.1
J017,B,202,3,2026-09-23 11:30:00,2026-09-27 12:00:00,2,B-HT,M03,Maximum,2026-09-30 22:45:00,2026-10-01 04:00:00,0,315,315,761.25,955.369,133751.62,0,573.221
J017,B,202,3,2026-09-23 11:30:00,2026-09-27 12:00:00,3,B-ASM,M02,Medium,2026-10-01 16:15:00,2026-10-01 19:45:00,0,210,210,192.5,192.5,26950.0,0,86.625
J029,A,289,1,2026-09-23 12:15:00,2026-09-27 18:15:00,1,A-CUT,M01,Medium,2026-09-29 10:15:00,2026-09-29 14:20:00,20,225,245,274.8,294.0,41160.0,0,132.3
J029,A,289,1,2026-09-23 12:15:00,2026-09-27 18:15:00,2,A-PRS,M04,Maximum,2026-09-29 14:30:00,2026-09-29 20:30:00,0,360,360,750.0,941.25,131775.0,0,564.75
J029,A,289,1,2026-09-23 12:15:00,2026-09-27 18:15:00,3,A-INS,M05,Light,2026-09-30 10:00:00,2026-09-30 13:10:00,10,180,190,97.067,86.133,12058.67,0,30.147
J038,A,62,1,2026-09-23 13:15:00,2026-09-24 21:15:00,1,A-CUT,M01,Medium,2026-09-29 14:30:00,2026-09-29 15:30:00,0,60,60,72.0,72.0,10080.0,0,32.4
J038,A,62,1,2026-09-23 13:15:00,2026-09-24 21:15:00,2,A-PRS,M04,Maximum,2026-09-29 20:30:00,2026-09-29 21:45:00,0,75,75,156.25,196.094,27453.12,0,117.656
J038,A,62,1,2026-09-23 13:15:00,2026-09-24 21:15:00,3,A-INS,M05,Light,2026-09-30 13:15:00,2026-09-30 14:00:00,0,45,45,24.0,20.4,2856.0,0,7.14
J023,C,71,2,2026-09-23 14:00:00,2026-09-27 20:00:00,1,C-ASM,M02,Medium,2026-09-23 20:30:00,2026-09-23 22:00:00,15,75,90,71.5,82.5,11550.0,0,37.125
J023,C,71,2,2026-09-23 14:00:00,2026-09-27 20:00:00,2,C-HT,M03,Maximum,2026-10-01 04:00:00,2026-10-01 06:35:00,35,120,155,306.917,470.102,65814.29,0,282.061
J023,C,71,2,2026-09-23 14:00:00,2026-09-27 20:00:00,3,C-INS,M05,Light,2026-10-01 10:45:00,2026-10-01 11:40:00,10,45,55,25.067,24.933,3490.67,0,8.727
J020,A,213,3,2026-09-23 16:15:00,2026-09-25 21:15:00,1,A-CUT,M01,Medium,2026-09-29 15:30:00,2026-09-29 18:15:00,0,165,165,198.0,198.0,27720.0,0,89.1
J020,A,213,3,2026-09-23 16:15:00,2026-09-25 21:15:00,2,A-PRS,M04,Maximum,2026-09-30 06:00:00,2026-09-30 10:30:00,0,270,270,562.5,705.937,98831.25,0,423.562
J020,A,213,3,2026-09-23 16:15:00,2026-09-25 21:15:00,3,A-INS,M05,Light,2026-09-30 14:00:00,2026-09-30 16:25:00,10,135,145,73.067,65.733,9202.67,0,23.007
J071,A,255,1,2026-09-23 18:45:00,2026-09-25 02:45:00,1,A-CUT,M01,Medium,2026-09-29 18:15:00,2026-09-29 21:30:00,0,195,195,234.0,234.0,32760.0,0,105.3
J071,A,255,1,2026-09-23 18:45:00,2026-09-25 02:45:00,2,A-PRS,M04,Maximum,2026-09-30 10:30:00,2026-09-30 15:45:00,0,315,315,656.25,823.594,115303.12,0,494.156
J071,A,255,1,2026-09-23 18:45:00,2026-09-25 02:45:00,3,A-INS,M05,Light,2026-09-30 16:30:00,2026-09-30 19:15:00,0,165,165,88.0,74.8,10472.0,0,26.18
J021,B,249,1,2026-09-23 19:00:00,2026-09-27 15:00:00,1,B-CUT,M01,Medium,2026-09-30 06:00:00,2026-09-30 09:35:00,20,195,215,238.8,258.0,36120.0,0,116.1
J021,B,249,1,2026-09-23 19:00:00,2026-09-27 15:00:00,2,B-HT,M03,Maximum,2026-10-01 18:45:00,2026-10-02 01:35:00,35,375,410,923.167,1243.496,174089.42,0,746.097
J021,B,249,1,2026-09-23 19:00:00,2026-09-27 15:00:00,3,B-ASM,M02,Medium,2026-10-02 06:00:00,2026-10-02 10:30:00,15,255,270,236.5,247.5,34650.0,0,111.375
J045,B,127,1,2026-09-23 19:00:00,2026-09-27 12:00:00,1,B-CUT,M01,Medium,2026-09-30 09:45:00,2026-09-30 11:30:00,0,105,105,126.0,126.0,17640.0,0,56.7
J045,B,127,1,2026-09-23 19:00:00,2026-09-27 12:00:00,2,B-HT,M03,Maximum,2026-10-01 06:45:00,2026-10-01 10:00:00,0,195,195,471.25,591.419,82798.62,0,354.851
J045,B,127,1,2026-09-23 19:00:00,2026-09-27 12:00:00,3,B-ASM,M02,Medium,2026-10-01 19:45:00,2026-10-01 22:00:00,0,135,135,123.75,123.75,17325.0,0,55.688
J062,A,286,1,2026-09-23 20:15:00,2026-09-27 02:15:00,1,A-CUT,M01,Medium,2026-09-30 11:30:00,2026-09-30 15:35:00,20,225,245,274.8,294.0,41160.0,0,132.3
J062,A,286,1,2026-09-23 20:15:00,2026-09-27 02:15:00,2,A-PRS,M04,Maximum,2026-09-30 15:45:00,2026-09-30 21:30:00,0,345,345,718.75,902.031,126284.37,0,541.219
J062,A,286,1,2026-09-23 20:15:00,2026-09-27 02:15:00,3,A-INS,M05,Light,2026-10-01 11:45:00,2026-10-01 14:45:00,0,180,180,96.0,81.6,11424.0,0,28.56
J002,B,278,1,2026-09-23 21:00:00,2026-09-27 22:00:00,1,B-CUT,M01,Medium,2026-09-30 15:45:00,2026-09-30 19:35:00,20,210,230,256.8,276.0,38640.0,0,124.2
J002,B,278,1,2026-09-23 21:00:00,2026-09-27 22:00:00,2,B-HT,M03,Maximum,2026-10-02 01:45:00,2026-10-02 08:45:00,0,420,420,1015.0,1273.825,178335.5,0,764.295
J002,B,278,1,2026-09-23 21:00:00,2026-09-27 22:00:00,3,B-ASM,M02,Medium,2026-10-02 10:30:00,2026-10-02 15:15:00,0,285,285,261.25,261.25,36575.0,0,117.562
J007,C,70,1,2026-09-23 22:30:00,2026-09-27 13:00:00,1,C-ASM,M02,Medium,2026-09-25 12:15:00,2026-09-25 13:45:00,15,75,90,71.5,82.5,11550.0,0,37.125
J007,C,70,1,2026-09-23 22:30:00,2026-09-27 13:00:00,2,C-HT,M03,Maximum,2026-10-02 08:45:00,2026-10-02 11:05:00,35,105,140,270.667,424.608,59445.17,0,254.765
J007,C,70,1,2026-09-23 22:30:00,2026-09-27 13:00:00,3,C-INS,M05,Light,2026-10-02 11:15:00,2026-10-02 12:10:00,10,45,55,25.067,24.933,3490.67,0,8.727
J011,B,286,1,2026-09-23 23:15:00,2026-09-26 23:15:00,1,B-CUT,M01,Medium,2026-10-01 06:00:00,2026-10-01 09:45:00,0,225,225,270.0,270.0,37800.0,0,121.5
J011,B,286,1,2026-09-23 23:15:00,2026-09-26 23:15:00,2,B-HT,M03,Maximum,2026-10-02 11:15:00,2026-10-02 19:05:00,35,435,470,1068.167,1425.471,199565.92,0,855.282
J011,B,286,1,2026-09-23 23:15:00,2026-09-26 23:15:00,3,B-ASM,M02,Medium,2026-10-03 06:00:00,2026-10-03 11:15:00,15,300,315,277.75,288.75,40425.0,0,129.938
