job_id,product_type,quantity,priority,due_time,process_step,process_id,machine_id,load_type,start_time,end_time,setup_time_min,processing_time_min,total_time_min,energy_kWh_est,energy_cost_est,peak_overlap_slots,co2_kg_est,slack_before_operation_min,slack_policy_mode,candidate_score,common_energy_kWh,common_energy_cost,common_peak_overlap_slots,common_co2_kg
J027,A,106,1,2026-09-22 03:00:00,1,A-CUT,M01,Medium,2026-09-21 06:00:00,2026-09-21 07:30:00,0,90,90,108.0,9720.0,0,48.6,1530.0,normal_energy,19107.9,108.0,9720.0,0,48.6
J027,A,106,1,2026-09-22 03:00:00,2,A-PRS,M04,Maximum,2026-09-21 07:30:00,2026-09-21 09:45:00,0,135,135,281.25,36250.0,0,168.75,1035.0,limited_energy,36448.625,281.25,36250.0,0,168.75
J027,A,106,1,2026-09-22 03:00:00,3,A-INS,M05,Light,2026-09-21 09:45:00,2026-09-21 11:00:00,0,75,75,40.0,8160.0,4,14.0,960.0,light_fast,4745.6,40.0,8160.0,4,14.0
J034,C,264,2,2026-09-23 03:00:00,1,C-ASM,M02,Medium,2026-09-21 06:00:00,2026-09-21 10:30:00,0,270,270,247.5,31350.0,2,111.375,2730.0,normal_energy,40787.338,247.5,31350.0,2,111.375
J034,C,264,2,2026-09-23 03:00:00,2,C-HT,M03,Maximum,2026-09-21 20:15:00,2026-09-22 03:00:00,0,405,405,978.75,100775.0,0,587.25,2025.0,active_peak_avoid,116492.875,978.75,100775.0,0,587.25
J034,C,264,2,2026-09-23 03:00:00,3,C-INS,M05,Light,2026-09-22 08:00:00,2026-09-22 10:55:00,10,165,175,97.6,16224.0,4,34.16,1265.0,light_fast,172438.4,96.0,16000.0,4,33.6
J070,B,152,3,2026-09-23 08:15:00,1,B-CUT,M01,Medium,2026-09-22 07:15:00,2026-09-22 09:35:00,20,120,140,169.2,21528.0,0,76.14,1360.0,limited_energy,21844.87,180.0,22500.0,0,81.0
J070,B,152,3,2026-09-23 08:15:00,2,B-HT,M03,Maximum,2026-09-22 12:00:00,2026-09-22 16:35:00,35,240,275,638.0,89320.0,0,382.8,1085.0,limited_energy,93759.65,688.75,96425.0,0,413.25
J070,B,152,3,2026-09-23 08:15:00,3,B-ASM,M02,Medium,2026-09-22 19:00:00,2026-09-22 22:00:00,15,165,180,154.0,25080.0,4,69.3,760.0,limited_energy,31922.4,165.0,27500.0,4,74.25
J052,C,298,2,2026-09-23 08:30:00,1,C-ASM,M02,Medium,2026-09-21 11:45:00,2026-09-21 17:00:00,15,300,315,277.75,39105.0,1,124.987,2745.0,normal_energy,49917.244,288.75,41525.0,1,129.938
J052,C,298,2,2026-09-23 08:30:00,2,C-HT,M03,Maximum,2026-09-22 03:00:00,2026-09-22 11:05:00,35,450,485,1145.5,141157.5,5,687.3,1885.0,active_peak_avoid,168166.8,1196.25,145725.0,5,717.75
J052,C,298,2,2026-09-23 08:30:00,3,C-INS,M05,Light,2026-09-22 11:15:00,2026-09-22 14:15:00,0,180,180,96.0,15360.0,3,33.6,1105.0,light_fast,15772.1,96.0,15360.0,3,33.6
J008,A,219,3,2026-09-23 08:30:00,1,A-CUT,M01,Medium,2026-09-22 11:15:00,2026-09-22 14:20:00,20,165,185,223.2,34704.0,4,100.44,1435.0,limited_energy,46784.52,234.0,37080.0,3,105.3
J008,A,219,3,2026-09-23 08:30:00,2,A-PRS,M04,Maximum,2026-09-22 14:30:00,2026-09-22 19:00:00,0,270,270,562.5,98750.0,8,337.5,820.0,limited_energy,116213.5,562.5,98750.0,8,337.5
J008,A,219,3,2026-09-23 08:30:00,3,A-INS,M05,Light,2026-09-23 08:00:00,2026-09-23 10:25:00,10,135,145,81.6,12704.0,2,28.56,665.0,light_fast,1234678.4,80.0,12480.0,2,28.0
J018,B,187,2,2026-09-23 14:30:00,1,B-CUT,M01,Medium,2026-09-22 14:30:00,2026-09-22 17:20:00,20,150,170,205.2,31608.0,2,92.34,1510.0,normal_energy,39572.77,216.0,33120.0,2,97.2
J018,B,187,2,2026-09-23 14:30:00,2,B-HT,M03,Maximum,2026-09-22 21:15:00,2026-09-23 02:35:00,35,285,320,746.75,70107.5,0,448.05,950.0,limited_energy,76943.275,797.5,77212.5,0,478.5
J018,B,187,2,2026-09-23 14:30:00,3,B-ASM,M02,Medium,2026-09-23 06:00:00,2026-09-23 09:30:00,15,195,210,181.5,20460.0,0,81.675,505.0,limited_energy,26083.788,192.5,21450.0,0,86.625
J022,C,274,3,2026-09-23 18:15:00,1,C-ASM,M02,Medium,2026-09-23 09:30:00,2026-09-23 14:30:00,15,285,300,264.0,45760.0,8,118.8,1320.0,limited_energy,80036.35,275.0,47300.0,8,123.75
J022,C,274,3,2026-09-23 18:15:00,2,C-HT,M03,Maximum,2026-09-23 14:30:00,2026-09-23 22:05:00,35,420,455,1073.0,183207.5,12,643.8,-230.0,late_risk_fast,1670168.75,1123.75,190312.5,12,674.25
J022,C,274,3,2026-09-23 18:15:00,3,C-INS,M05,Light,2026-09-24 08:00:00,2026-09-24 10:55:00,10,165,175,97.6,16224.0,4,34.16,-405.0,light_fast,7331738.4,96.0,16000.0,4,33.6
J016,A,62,2,2026-09-23 20:15:00,1,A-CUT,M01,Medium,2026-09-21 14:15:00,2026-09-21 15:35:00,20,60,80,97.2,13608.0,0,43.74,3160.0,normal_energy,13862.97,108.0,15120.0,0,48.6
J016,A,62,2,2026-09-23 20:15:00,2,A-PRS,M04,Maximum,2026-09-21 15:45:00,2026-09-21 17:00:00,0,75,75,156.25,21875.0,0,93.75,3085.0,active_peak_avoid,22251.625,156.25,21875.0,0,93.75
J016,A,62,2,2026-09-23 20:15:00,3,A-INS,M05,Light,2026-09-21 17:00:00,2026-09-21 17:55:00,10,45,55,33.6,7392.0,5,11.76,3020.0,light_fast,3900.0,32.0,7040.0,4,11.2
J037,B,98,1,2026-09-23 21:15:00,1,B-CUT,M01,Medium,2026-09-22 20:00:00,2026-09-22 21:35:00,20,75,95,115.2,16128.0,0,51.84,1825.0,normal_energy,26862.52,126.0,17640.0,0,56.7
J037,B,98,1,2026-09-23 21:15:00,2,B-HT,M03,Maximum,2026-09-23 02:45:00,2026-09-23 05:50:00,35,150,185,420.5,37845.0,0,252.3,1235.0,limited_energy,46404.4,471.25,42412.5,0,282.75
J037,B,98,1,2026-09-23 21:15:00,3,B-ASM,M02,Medium,2026-09-23 14:30:00,2026-09-23 16:30:00,15,105,120,99.0,13860.0,0,44.55,805.0,limited_energy,27531.525,110.0,15400.0,0,49.5
J042,B,167,2,2026-09-23 23:00:00,1,B-CUT,M01,Medium,2026-09-22 17:30:00,2026-09-22 19:45:00,0,135,135,162.0,35640.0,9,72.9,1725.0,normal_energy,44428.05,162.0,35640.0,9,72.9
J042,B,167,2,2026-09-23 23:00:00,2,B-HT,M03,Maximum,2026-09-23 06:00:00,2026-09-23 10:15:00,0,255,255,616.25,74675.0,1,369.75,1380.0,limited_energy,93052.325,616.25,74675.0,1,369.75
J042,B,167,2,2026-09-23 23:00:00,3,B-ASM,M02,Medium,2026-09-23 16:30:00,2026-09-23 19:30:00,0,180,180,165.0,34100.0,10,74.25,585.0,limited_energy,50973.375,165.0,34100.0,10,74.25
J005,A,245,1,2026-09-24 01:00:00,1,A-CUT,M01,Medium,2026-09-23 06:00:00,2026-09-23 09:35:00,20,195,215,259.2,29628.0,0,116.64,1585.0,normal_energy,47078.62,270.0,30600.0,0,121.5
J005,A,245,1,2026-09-24 01:00:00,2,A-PRS,M04,Maximum,2026-09-23 12:00:00,2026-09-23 17:00:00,0,300,300,625.0,87500.0,0,375.0,625.0,limited_energy,91705.75,625.0,87500.0,0,375.0
J005,A,245,1,2026-09-24 01:00:00,3,A-INS,M05,Light,2026-09-23 17:00:00,2026-09-23 19:30:00,0,150,150,80.0,17600.0,10,28.0,330.0,light_fast,9821.6,80.0,17600.0,10,28.0
J059,C,134,2,2026-09-24 05:00:00,1,C-ASM,M02,Medium,2026-09-21 17:00:00,2026-09-21 19:30:00,15,135,150,126.5,27830.0,10,56.925,4290.0,normal_energy,56776.412,137.5,30250.0,10,61.875
J059,C,134,2,2026-09-24 05:00:00,2,C-HT,M03,Maximum,2026-09-22 16:45:00,2026-09-22 20:50:00,35,210,245,565.5,112230.0,13,339.3,3205.0,active_peak_avoid,173117.5,616.25,121075.0,12,369.75
J059,C,134,2,2026-09-24 05:00:00,3,C-INS,M05,Light,2026-09-23 10:30:00,2026-09-23 12:10:00,10,90,100,57.6,12032.0,7,20.16,1830.0,light_fast,449502.0,56.0,11680.0,6,19.6
J012,A,130,3,2026-09-24 06:30:00,1,A-CUT,M01,Medium,2026-09-23 11:15:00,2026-09-23 13:00:00,0,105,105,126.0,21960.0,3,56.7,1515.0,normal_energy,36194.15,126.0,21960.0,3,56.7
J012,A,130,3,2026-09-24 06:30:00,2,A-PRS,M04,Maximum,2026-09-23 18:45:00,2026-09-23 21:30:00,0,165,165,343.75,60625.0,5,206.25,885.0,limited_energy,80290.575,343.75,60625.0,5,206.25
J012,A,130,3,2026-09-24 06:30:00,3,A-INS,M05,Light,2026-09-24 11:00:00,2026-09-24 12:40:00,10,90,100,57.6,10752.0,5,20.16,440.0,light_fast,3033772.0,56.0,10400.0,4,19.6
J032,A,99,1,2026-09-24 06:45:00,1,A-CUT,M01,Medium,2026-09-22 06:00:00,2026-09-22 07:15:00,0,75,75,90.0,8100.0,0,40.5,3165.0,normal_energy,16325.35,90.0,8100.0,0,40.5
J032,A,99,1,2026-09-24 06:45:00,2,A-PRS,M04,Maximum,2026-09-22 07:15:00,2026-09-22 09:15:00,0,120,120,250.0,30312.5,0,150.0,2730.0,active_peak_avoid,30514.65,250.0,30312.5,0,150.0
J032,A,99,1,2026-09-24 06:45:00,3,A-INS,M05,Light,2026-09-22 14:15:00,2026-09-22 15:15:00,0,60,60,32.0,4480.0,0,11.2,2670.0,light_fast,165339.0,32.0,4480.0,0,11.2
J055,B,221,2,2026-09-24 08:30:00,1,B-CUT,M01,Medium,2026-09-23 13:00:00,2026-09-23 16:20:00,20,180,200,241.2,33768.0,0,108.54,2740.0,normal_energy,79849.87,252.0,35280.0,0,113.4
J055,B,221,2,2026-09-24 08:30:00,2,B-HT,M03,Maximum,2026-09-23 22:15:00,2026-09-24 04:35:00,35,345,380,891.75,80257.5,0,535.05,590.0,limited_energy,90275.275,942.5,84825.0,0,565.5
J055,B,221,2,2026-09-24 08:30:00,3,B-ASM,M02,Medium,2026-09-24 06:00:00,2026-09-24 10:00:00,15,225,240,209.0,24310.0,0,94.05,-5.0,late_risk_fast,690487.95,220.0,25300.0,0,99.0
J068,B,73,1,2026-09-24 09:30:00,1,B-CUT,M01,Medium,2026-09-22 09:45:00,2026-09-22 10:45:00,0,60,60,72.0,14400.0,3,32.4,3000.0,normal_energy,21616.5,72.0,14400.0,3,32.4
J068,B,73,1,2026-09-24 09:30:00,2,B-HT,M03,Maximum,2026-09-23 10:15:00,2026-09-23 12:15:00,0,120,120,290.0,60900.0,7,174.0,2685.0,active_peak_avoid,112199.85,290.0,60900.0,7,174.0
J068,B,73,1,2026-09-24 09:30:00,3,B-ASM,M02,Medium,2026-09-23 19:30:00,2026-09-23 20:45:00,0,75,75,68.75,11825.0,2,30.938,1200.0,limited_energy,24553.219,68.75,11825.0,2,30.938
J057,C,108,2,2026-09-24 10:00:00,1,C-ASM,M02,Medium,2026-09-22 06:00:00,2026-09-22 08:15:00,15,120,135,112.75,10835.0,0,50.737,3105.0,normal_energy,14231.719,123.75,11825.0,0,55.688
J057,C,108,2,2026-09-24 10:00:00,2,C-HT,M03,Maximum,2026-09-24 04:45:00,2026-09-24 08:05:00,35,165,200,456.75,42920.0,0,274.05,2785.0,active_peak_avoid,112398.975,507.5,47487.5,0,304.5
J057,C,108,2,2026-09-24 10:00:00,3,C-INS,M05,Light,2026-09-24 12:45:00,2026-09-24 14:10:00,10,75,85,49.6,6944.0,0,17.36,30.0,light_fast,1906070.4,48.0,6720.0,0,16.8
J051,B,87,2,2026-09-24 11:15:00,1,B-CUT,M01,Medium,2026-09-23 09:45:00,2026-09-23 11:00:00,0,75,75,90.0,18360.0,4,40.5,1605.0,normal_energy,25154.75,90.0,18360.0,4,40.5
J051,B,87,2,2026-09-24 11:15:00,2,B-HT,M03,Maximum,2026-09-24 08:15:00,2026-09-24 11:05:00,35,135,170,384.25,68295.0,5,230.55,1285.0,limited_energy,112240.425,435.0,75400.0,5,261.0
J051,B,87,2,2026-09-24 11:15:00,3,B-ASM,M02,Medium,2026-09-24 11:15:00,2026-09-24 13:00:00,15,90,105,85.25,14355.0,3,38.362,-95.0,late_risk_fast,748020.15,96.25,16775.0,3,43.312
J001,B,56,3,2026-09-24 13:15:00,1,B-CUT,M01,Medium,2026-09-23 16:30:00,2026-09-23 17:30:00,0,60,60,72.0,12960.0,2,32.4,2940.0,normal_energy,59742.5,72.0,12960.0,2,32.4
J001,B,56,3,2026-09-24 13:15:00,2,B-HT,M03,Maximum,2026-09-24 11:15:00,2026-09-24 12:45:00,0,90,90,217.5,39150.0,3,130.5,1095.0,limited_energy,73080.2,217.5,39150.0,3,130.5
J001,B,56,3,2026-09-24 13:15:00,3,B-ASM,M02,Medium,2026-09-24 13:00:00,2026-09-24 14:00:00,0,60,60,55.0,7700.0,0,24.75,-30.0,late_risk_fast,327045.95,55.0,7700.0,0,24.75
J028,A,134,1,2026-09-24 16:15:00,1,A-CUT,M01,Medium,2026-09-21 12:00:00,2026-09-21 14:05:00,20,105,125,151.2,21168.0,0,68.04,4615.0,normal_energy,25728.12,162.0,22680.0,0,72.9
J028,A,134,1,2026-09-24 16:15:00,2,A-PRS,M04,Maximum,2026-09-21 19:15:00,2026-09-21 22:00:00,0,165,165,343.75,55625.0,3,206.25,4285.0,active_peak_avoid,70184.375,343.75,55625.0,3,206.25
J028,A,134,1,2026-09-24 16:15:00,3,A-INS,M05,Light,2026-09-22 15:15:00,2026-09-22 16:55:00,10,90,100,57.6,8064.0,0,20.16,3875.0,light_fast,564643.1,56.0,7840.0,0,19.6
J014,B,86,2,2026-09-24 17:15:00,1,B-CUT,M01,Medium,2026-09-23 17:30:00,2026-09-23 19:05:00,20,75,95,115.2,25344.0,8,51.84,3265.0,normal_energy,81168.22,126.0,27720.0,7,56.7
J014,B,86,2,2026-09-24 17:15:00,2,B-HT,M03,Maximum,2026-09-24 12:45:00,2026-09-24 15:00:00,0,135,135,326.25,45675.0,0,195.75,1195.0,limited_energy,73250.325,326.25,45675.0,0,195.75
J014,B,86,2,2026-09-24 17:15:00,3,B-ASM,M02,Medium,2026-09-24 15:00:00,2026-09-24 16:30:00,0,90,90,82.5,11550.0,0,37.125,45.0,urgent_fast,5912.75,82.5,11550.0,0,37.125
J024,C,92,3,2026-09-24 17:45:00,1,C-ASM,M02,Medium,2026-09-22 12:00:00,2026-09-22 14:00:00,15,105,120,99.0,13860.0,0,44.55,3240.0,normal_energy,17608.925,110.0,15400.0,0,49.5
J024,C,92,3,2026-09-24 17:45:00,2,C-HT,M03,Maximum,2026-09-24 20:00:00,2026-09-24 23:05:00,35,150,185,420.5,49807.5,0,252.3,2920.0,active_peak_avoid,2373960.9,471.25,56912.5,0,282.75
J024,C,92,3,2026-09-24 17:45:00,3,C-INS,M05,Light,2026-09-25 08:00:00,2026-09-25 09:10:00,10,60,70,41.6,5824.0,0,14.56,-390.0,light_fast,6767946.4,40.0,5600.0,0,14.0
J060,C,59,2,2026-09-24 18:45:00,1,C-ASM,M02,Medium,2026-09-21 20:00:00,2026-09-21 21:00:00,0,60,60,55.0,7700.0,0,24.75,4560.0,normal_energy,17465.125,55.0,7700.0,0,24.75
J060,C,59,2,2026-09-24 18:45:00,2,C-HT,M03,Maximum,2026-09-23 12:15:00,2026-09-23 13:45:00,0,90,90,217.5,30450.0,0,130.5,4095.0,active_peak_avoid,91385.9,217.5,30450.0,0,130.5
J060,C,59,2,2026-09-24 18:45:00,3,C-INS,M05,Light,2026-09-23 13:45:00,2026-09-23 14:30:00,0,45,45,24.0,3360.0,0,8.4,1695.0,light_fast,2498.8,24.0,3360.0,0,8.4
J064,B,153,2,2026-09-24 19:15:00,1,B-CUT,M01,Medium,2026-09-23 19:15:00,2026-09-23 21:15:00,0,120,120,144.0,24480.0,3,64.8,3120.0,normal_energy,73193.2,144.0,24480.0,3,64.8
J064,B,153,2,2026-09-24 19:15:00,2,B-HT,M03,Maximum,2026-09-24 23:15:00,2026-09-25 03:50:00,35,240,275,638.0,57420.0,0,382.8,1045.0,limited_energy,3703366.65,688.75,61987.5,0,413.25
J064,B,153,2,2026-09-24 19:15:00,3,B-ASM,M02,Medium,2026-09-25 06:00:00,2026-09-25 09:00:00,15,165,180,154.0,16610.0,0,69.3,-695.0,late_risk_fast,5855847.95,165.0,17600.0,0,74.25
J038,A,62,1,2026-09-24 21:15:00,1,A-CUT,M01,Medium,2026-09-24 06:00:00,2026-09-24 07:20:00,20,60,80,97.2,8748.0,0,43.74,1840.0,normal_energy,34946.47,108.0,9720.0,0,48.6
J038,A,62,1,2026-09-24 21:15:00,2,A-PRS,M04,Maximum,2026-09-24 07:30:00,2026-09-24 08:45:00,0,75,75,156.25,18750.0,0,93.75,760.0,limited_energy,19158.825,156.25,18750.0,0,93.75
J038,A,62,1,2026-09-24 21:15:00,3,A-INS,M05,Light,2026-09-24 14:15:00,2026-09-24 15:10:00,10,45,55,33.6,4704.0,0,11.76,695.0,light_fast,181442.4,32.0,4480.0,0,11.2
J071,A,255,1,2026-09-25 02:45:00,1,A-CUT,M01,Medium,2026-09-24 07:30:00,2026-09-24 10:45:00,0,195,195,234.0,35280.0,3,105.3,1725.0,normal_energy,57379.45,234.0,35280.0,3,105.3
J071,A,255,1,2026-09-25 02:45:00,2,A-PRS,M04,Maximum,2026-09-24 11:45:00,2026-09-24 17:00:00,0,315,315,656.25,94375.0,1,393.75,645.0,limited_energy,98533.225,656.25,94375.0,1,393.75
J071,A,255,1,2026-09-25 02:45:00,3,A-INS,M05,Light,2026-09-24 17:00:00,2026-09-24 19:45:00,0,165,165,88.0,19360.0,11,30.8,420.0,light_fast,10781.6,88.0,19360.0,11,30.8
J078,B,281,3,2026-09-25 02:45:00,1,B-CUT,M01,Medium,2026-09-21 07:30:00,2026-09-21 11:35:00,20,225,245,295.2,50148.0,7,132.84,5515.0,normal_energy,62848.22,306.0,51120.0,7,137.7
J078,B,281,3,2026-09-25 02:45:00,2,B-HT,M03,Maximum,2026-09-21 11:45:00,2026-09-21 19:00:00,0,435,435,1051.25,173275.0,9,630.75,4795.0,active_peak_avoid,193144.725,1051.25,173275.0,9,630.75
J078,B,281,3,2026-09-25 02:45:00,3,B-ASM,M02,Medium,2026-09-22 14:00:00,2026-09-22 18:45:00,0,285,285,261.25,44275.0,7,117.562,4500.0,normal_energy,78949.231,261.25,44275.0,7,117.562
J080,B,149,3,2026-09-25 02:45:00,1,B-CUT,M01,Medium,2026-09-24 10:45:00,2026-09-24 12:45:00,0,120,120,144.0,27360.0,5,64.8,3180.0,normal_energy,91417.4,144.0,27360.0,5,64.8
J080,B,149,3,2026-09-25 02:45:00,2,B-HT,M03,Maximum,2026-09-25 04:00:00,2026-09-25 07:45:00,0,225,225,543.75,48937.5,0,326.25,615.0,limited_energy,2172900.375,543.75,48937.5,0,326.25
J080,B,149,3,2026-09-25 02:45:00,3,B-ASM,M02,Medium,2026-09-25 09:00:00,2026-09-25 11:30:00,0,150,150,137.5,25850.0,6,61.875,-450.0,late_risk_fast,3727515.95,137.5,25850.0,6,61.875
J026,B,113,2,2026-09-25 04:00:00,1,B-CUT,M01,Medium,2026-09-24 12:45:00,2026-09-24 14:15:00,0,90,90,108.0,15120.0,0,48.6,4230.0,normal_energy,103110.1,108.0,15120.0,0,48.6
J026,B,113,2,2026-09-25 04:00:00,2,B-HT,M03,Maximum,2026-09-24 15:00:00,2026-09-24 18:00:00,0,180,180,435.0,72500.0,4,261.0,645.0,limited_energy,82367.15,435.0,72500.0,4,261.0
J026,B,113,2,2026-09-25 04:00:00,3,B-ASM,M02,Medium,2026-09-24 20:00:00,2026-09-24 22:00:00,0,120,120,110.0,15400.0,0,49.5,480.0,limited_energy,18634.0,110.0,15400.0,0,49.5
J067,A,171,2,2026-09-25 05:00:00,1,A-CUT,M01,Medium,2026-09-24 14:15:00,2026-09-24 16:50:00,20,135,155,187.2,26208.0,0,84.24,4645.0,normal_energy,127594.92,198.0,27720.0,0,89.1
J067,A,171,2,2026-09-25 05:00:00,2,A-PRS,M04,Maximum,2026-09-24 18:30:00,2026-09-24 22:00:00,0,210,210,437.5,76250.0,6,262.5,520.0,limited_energy,91758.7,437.5,76250.0,6,262.5
J067,A,171,2,2026-09-25 05:00:00,3,A-INS,M05,Light,2026-09-25 09:15:00,2026-09-25 11:00:00,0,105,105,56.0,10400.0,4,19.6,315.0,light_fast,2890899.1,56.0,10400.0,4,19.6
J004,B,257,2,2026-09-25 05:15:00,1,B-CUT,M01,Medium,2026-09-21 15:45:00,2026-09-21 19:20:00,20,195,215,259.2,50688.0,10,116.64,5845.0,normal_energy,82129.62,270.0,52200.0,10,121.5
J004,B,257,2,2026-09-25 05:15:00,2,B-HT,M03,Maximum,2026-09-25 07:45:00,2026-09-25 14:15:00,0,390,390,942.5,153337.5,8,565.5,4525.0,active_peak_avoid,4081433.9,942.5,153337.5,8,565.5
J004,B,257,2,2026-09-25 05:15:00,3,B-ASM,M02,Medium,2026-09-25 14:15:00,2026-09-25 18:45:00,0,270,270,247.5,42350.0,7,111.375,-810.0,late_risk_fast,5690252.75,247.5,42350.0,7,111.375
J015,C,159,2,2026-09-25 05:30:00,1,C-ASM,M02,Medium,2026-09-24 16:30:00,2026-09-24 19:30:00,15,165,180,154.0,32560.0,10,69.3,2820.0,normal_energy,97187.3,165.0,34100.0,10,74.25
J015,C,159,2,2026-09-25 05:30:00,2,C-HT,M03,Maximum,2026-09-25 14:15:00,2026-09-25 18:50:00,35,240,275,638.0,112520.0,8,382.8,325.0,urgent_fast,6244656.75,688.75,119625.0,8,413.25
J015,C,159,2,2026-09-25 05:30:00,3,C-INS,M05,Light,2026-09-26 08:00:00,2026-09-26 09:55:00,10,105,115,65.6,7806.4,0,22.96,-915.0,light_fast,12367842.88,64.0,7616.0,0,22.4
J053,B,193,3,2026-09-25 06:15:00,1,B-CUT,M01,Medium,2026-09-24 17:00:00,2026-09-24 19:30:00,0,150,150,180.0,39600.0,10,81.0,2850.0,normal_energy,103688.8,180.0,39600.0,10,81.0
J053,B,193,3,2026-09-25 06:15:00,2,B-HT,M03,Maximum,2026-09-25 19:00:00,2026-09-26 00:35:00,35,300,335,783.0,95700.0,5,469.8,310.0,urgent_fast,8496327.25,833.75,106865.0,4,500.25
J053,B,193,3,2026-09-25 06:15:00,3,B-ASM,M02,Medium,2026-09-26 06:00:00,2026-09-26 09:30:00,15,195,210,181.5,17341.5,0,81.675,-1310.0,late_risk_fast,11632494.25,192.5,18177.5,0,86.625
J035,B,271,1,2026-09-25 09:00:00,1,B-CUT,M01,Medium,2026-09-25 06:00:00,2026-09-25 09:30:00,0,210,210,252.0,28080.0,0,113.4,3030.0,normal_energy,317302.7,252.0,28080.0,0,113.4
J035,B,271,1,2026-09-25 09:00:00,2,B-HT,M03,Maximum,2026-09-26 00:45:00,2026-09-26 07:45:00,0,420,420,1015.0,77140.0,0,609.0,-450.0,late_risk_fast,10081340.75,1015.0,77140.0,0,609.0
J035,B,271,1,2026-09-25 09:00:00,3,B-ASM,M02,Medium,2026-09-26 09:30:00,2026-09-26 14:15:00,0,285,285,261.25,38568.75,8,117.562,-1650.0,late_risk_fast,12361939.7,261.25,38568.75,8,117.562
J054,C,275,3,2026-09-25 09:00:00,1,C-ASM,M02,Medium,2026-09-26 14:15:00,2026-09-26 19:15:00,15,285,300,264.0,39831.0,9,118.8,2880.0,normal_energy,14558876.15,275.0,41140.0,9,123.75
J054,C,275,3,2026-09-25 09:00:00,2,C-HT,M03,Maximum,2026-09-26 19:15:00,2026-09-27 02:50:00,35,420,455,1073.0,100456.0,4,643.8,-2510.0,late_risk_fast,17610258.45,1123.75,109946.25,3,674.25
J054,C,275,3,2026-09-25 09:00:00,3,C-INS,M05,Light,2026-09-27 08:00:00,2026-09-27 10:45:00,0,165,165,88.0,12104.0,3,30.8,-2675.0,light_fast,21071506.4,88.0,12104.0,3,30.8
J039,A,202,3,2026-09-25 09:15:00,1,A-CUT,M01,Medium,2026-09-25 09:30:00,2026-09-25 12:35:00,20,165,185,223.2,42768.0,8,100.44,5635.0,normal_energy,1599296.02,234.0,44280.0,8,105.3
J039,A,202,3,2026-09-25 09:15:00,2,A-PRS,M04,Maximum,2026-09-25 12:45:00,2026-09-25 17:00:00,0,255,255,531.25,74375.0,0,318.75,-455.0,late_risk_fast,3285515.75,531.25,74375.0,0,318.75
J039,A,202,3,2026-09-25 09:15:00,3,A-INS,M05,Light,2026-09-25 17:00:00,2026-09-25 19:25:00,10,135,145,81.6,17952.0,11,28.56,-610.0,light_fast,4279814.5,80.0,17600.0,10,28.0
J044,A,67,2,2026-09-25 09:30:00,1,A-CUT,M01,Medium,2026-09-24 19:30:00,2026-09-24 20:30:00,0,60,60,72.0,12960.0,2,32.4,4380.0,normal_energy,107343.5,72.0,12960.0,2,32.4
J044,A,67,2,2026-09-25 09:30:00,2,A-PRS,M04,Maximum,2026-09-25 06:00:00,2026-09-25 07:30:00,0,90,90,187.5,16875.0,0,112.5,690.0,limited_energy,31742.7,187.5,16875.0,0,112.5
J044,A,67,2,2026-09-25 09:30:00,3,A-INS,M05,Light,2026-09-25 11:00:00,2026-09-25 11:45:00,0,45,45,24.0,5280.0,3,8.4,75.0,light_fast,1061368.8,24.0,5280.0,3,8.4
J048,C,266,1,2026-09-25 10:00:00,1,C-ASM,M02,Medium,2026-09-27 06:00:00,2026-09-27 10:30:00,0,270,270,247.5,26592.5,2,111.375,5730.0,normal_energy,20621182.137,247.5,26592.5,2,111.375
J048,C,266,1,2026-09-25 10:00:00,2,C-HT,M03,Maximum,2026-09-27 10:30:00,2026-09-27 17:15:00,0,405,405,978.75,133726.25,7,587.25,-3315.0,late_risk_fast,23250895.7,978.75,133726.25,7,587.25
J048,C,266,1,2026-09-25 10:00:00,3,C-INS,M05,Light,2026-09-28 08:00:00,2026-09-28 10:55:00,10,165,175,89.067,12469.33,0,31.173,-3490.0,light_fast,31112475.467,93.333,13066.67,0,32.667
J069,A,171,3,2026-09-25 12:45:00,1,A-CUT,M01,Medium,2026-09-21 19:30:00,2026-09-21 21:45:00,0,135,135,162.0,25560.0,2,72.9,5805.0,normal_energy,42233.55,162.0,25560.0,2,72.9
J069,A,171,3,2026-09-25 12:45:00,2,A-PRS,M04,Maximum,2026-09-22 11:00:00,2026-09-22 14:30:00,0,210,210,437.5,71250.0,4,262.5,5010.0,active_peak_avoid,100520.1,437.5,71250.0,4,262.5
J069,A,171,3,2026-09-25 12:45:00,3,A-INS,M05,Light,2026-09-22 17:00:00,2026-09-22 18:55:00,10,105,115,65.6,14432.0,9,22.96,4100.0,light_fast,88866.9,64.0,14080.0,8,22.4
J040,B,198,2,2026-09-25 13:00:00,1,B-CUT,M01,Medium,2026-09-25 12:45:00,2026-09-25 15:35:00,20,150,170,205.2,28728.0,0,92.34,6070.0,normal_energy,1274725.77,216.0,30240.0,0,97.2
J040,B,198,2,2026-09-25 13:00:00,2,B-HT,M03,Maximum,2026-09-26 07:45:00,2026-09-26 13:20:00,35,300,335,783.0,112585.25,8,469.8,-490.0,late_risk_fast,10783378.5,833.75,117377.5,8,500.25
J040,B,198,2,2026-09-25 13:00:00,3,B-ASM,M02,Medium,2026-09-27 10:30:00,2026-09-27 14:15:00,15,210,225,195.25,28096.75,6,87.862,-1685.0,late_risk_fast,21386399.8,206.25,30153.75,6,92.812
J031,A,217,3,2026-09-25 17:00:00,1,A-CUT,M01,Medium,2026-09-25 15:45:00,2026-09-25 18:50:00,20,165,185,223.2,42768.0,8,100.44,5875.0,normal_energy,973178.52,234.0,44280.0,8,105.3
J031,A,217,3,2026-09-25 17:00:00,2,A-PRS,M04,Maximum,2026-09-26 06:00:00,2026-09-26 10:30:00,0,270,270,562.5,60437.5,2,337.5,-380.0,late_risk_fast,7735576.95,562.5,60437.5,2,337.5
J031,A,217,3,2026-09-25 17:00:00,3,A-INS,M05,Light,2026-09-26 10:30:00,2026-09-26 12:45:00,0,135,135,72.0,11832.0,6,25.2,-1185.0,light_fast,8302956.0,72.0,11832.0,6,25.2
J075,A,69,2,2026-09-25 17:15:00,1,A-CUT,M01,Medium,2026-09-24 20:30:00,2026-09-24 21:30:00,0,60,60,72.0,10080.0,0,32.4,4560.0,normal_energy,97255.3,72.0,10080.0,0,32.4
J075,A,69,2,2026-09-25 17:15:00,2,A-PRS,M04,Maximum,2026-09-25 07:30:00,2026-09-25 09:00:00,0,90,90,187.5,23125.0,0,112.5,1095.0,limited_energy,38784.4,187.5,23125.0,0,112.5
J075,A,69,2,2026-09-25 17:15:00,3,A-INS,M05,Light,2026-09-25 11:45:00,2026-09-25 12:30:00,0,45,45,24.0,4000.0,1,8.4,450.0,light_fast,91751.3,24.0,4000.0,1,8.4
J076,B,85,3,2026-09-25 21:15:00,1,B-CUT,M01,Medium,2026-09-25 19:00:00,2026-09-25 20:35:00,20,75,95,115.2,21024.0,5,51.84,5785.0,normal_energy,173028.22,126.0,23400.0,4,56.7
J076,B,85,3,2026-09-25 21:15:00,2,B-HT,M03,Maximum,2026-09-26 13:30:00,2026-09-26 15:45:00,0,135,135,326.25,38823.75,0,195.75,-95.0,late_risk_fast,8331283.0,326.25,38823.75,0,195.75
J076,B,85,3,2026-09-25 21:15:00,3,B-ASM,M02,Medium,2026-09-26 19:15:00,2026-09-26 20:45:00,0,90,90,82.5,12622.5,3,37.125,-1200.0,late_risk_fast,9989961.75,82.5,12622.5,3,37.125
J020,A,213,3,2026-09-25 21:15:00,1,A-CUT,M01,Medium,2026-09-26 06:00:00,2026-09-26 09:05:00,20,165,185,223.2,20833.2,0,100.44,2995.0,normal_energy,5086834.22,234.0,21654.0,0,105.3
J020,A,213,3,2026-09-25 21:15:00,2,A-PRS,M04,Maximum,2026-09-26 10:30:00,2026-09-26 15:00:00,0,270,270,562.5,79687.5,6,337.5,-980.0,late_risk_fast,7530206.95,562.5,79687.5,6,337.5
J020,A,213,3,2026-09-25 21:15:00,3,A-INS,M05,Light,2026-09-26 15:00:00,2026-09-26 17:15:00,0,135,135,72.0,9112.0,1,25.2,-1200.0,light_fast,8407272.0,72.0,9112.0,1,25.2
J041,A,221,1,2026-09-25 22:15:00,1,A-CUT,M01,Medium,2026-09-26 09:15:00,2026-09-26 12:15:00,0,180,180,216.0,35496.0,8,97.2,4500.0,normal_energy,6059121.1,216.0,35496.0,8,97.2
J041,A,221,1,2026-09-25 22:15:00,2,A-PRS,M04,Maximum,2026-09-26 15:00:00,2026-09-26 19:30:00,0,270,270,562.5,88187.5,10,337.5,-1110.0,late_risk_fast,9046786.95,562.5,88187.5,10,337.5
J041,A,221,1,2026-09-25 22:15:00,3,A-INS,M05,Light,2026-09-27 10:45:00,2026-09-27 13:00:00,0,135,135,72.0,11288.0,5,25.2,-1410.0,light_fast,16776919.2,72.0,11288.0,5,25.2
J025,B,232,3,2026-09-25 22:45:00,1,B-CUT,M01,Medium,2026-09-26 12:15:00,2026-09-26 15:35:00,20,180,200,241.2,28702.8,0,108.54,4540.0,normal_energy,7242342.07,252.0,29988.0,0,113.4
J025,B,232,3,2026-09-25 22:45:00,2,B-HT,M03,Maximum,2026-09-27 03:00:00,2026-09-27 09:00:00,0,360,360,870.0,72355.0,0,522.0,-1370.0,late_risk_fast,14783786.95,870.0,72355.0,0,522.0
J025,B,232,3,2026-09-25 22:45:00,3,B-ASM,M02,Medium,2026-09-27 14:15:00,2026-09-27 18:15:00,0,240,240,220.0,30855.0,5,99.0,-2295.0,late_risk_fast,18456588.25,220.0,30855.0,5,99.0
J063,B,134,2,2026-09-26 00:00:00,1,B-CUT,M01,Medium,2026-09-26 15:45:00,2026-09-26 17:30:00,0,105,105,126.0,17442.0,2,56.7,4695.0,normal_energy,7517200.15,126.0,17442.0,2,56.7
J063,B,134,2,2026-09-26 00:00:00,2,B-HT,M03,Maximum,2026-09-27 17:15:00,2026-09-27 20:45:00,0,210,210,507.5,87507.5,11,304.5,-1260.0,late_risk_fast,19595034.25,507.5,87507.5,11,304.5
J063,B,134,2,2026-09-26 00:00:00,3,B-ASM,M02,Medium,2026-09-28 06:00:00,2026-09-28 08:15:00,0,135,135,123.75,17325.0,0,55.688,-2820.0,late_risk_fast,23933570.95,123.75,17325.0,0,55.688
J061,C,79,3,2026-09-26 01:15:00,1,C-ASM,M02,Medium,2026-09-25 11:30:00,2026-09-25 13:15:00,15,90,105,85.25,13255.0,2,38.362,4215.0,normal_energy,105099.731,96.25,15675.0,2,43.312
J061,C,79,3,2026-09-26 01:15:00,2,C-HT,M03,Maximum,2026-09-26 15:45:00,2026-09-26 18:20:00,35,120,155,348.0,56202.0,6,208.8,565.0,limited_energy,7285368.05,398.75,62241.25,6,239.25
J061,C,79,3,2026-09-26 01:15:00,3,C-INS,M05,Light,2026-09-26 18:30:00,2026-09-26 19:40:00,10,60,70,41.6,7779.2,6,14.56,-1095.0,light_fast,7745043.44,40.0,7480.0,5,14.0
J009,B,166,1,2026-09-26 03:15:00,1,B-CUT,M01,Medium,2026-09-26 17:30:00,2026-09-26 19:45:00,0,135,135,162.0,30294.0,9,72.9,4485.0,normal_energy,7108052.75,162.0,30294.0,9,72.9
J009,B,166,1,2026-09-26 03:15:00,2,B-HT,M03,Maximum,2026-09-27 20:45:00,2026-09-28 01:35:00,35,255,290,420.5,37569.5,0,252.3,-1280.0,late_risk_fast,20289401.15,471.25,43608.75,0,282.75
J009,B,166,1,2026-09-26 03:15:00,3,B-ASM,M02,Medium,2026-09-28 08:15:00,2026-09-28 11:30:00,15,180,195,167.75,23485.0,0,75.487,-2975.0,late_risk_fast,23853622.95,178.75,25025.0,0,80.438
J047,B,233,2,2026-09-26 03:15:00,1,B-CUT,M01,Medium,2026-09-27 06:00:00,2026-09-27 09:00:00,0,180,180,216.0,19512.0,0,97.2,4620.0,normal_energy,12679980.4,216.0,19512.0,0,97.2
J047,B,233,2,2026-09-26 03:15:00,2,B-HT,M03,Maximum,2026-09-28 01:45:00,2026-09-28 07:45:00,0,360,360,870.0,121800.0,0,522.0,-2145.0,late_risk_fast,22631472.75,870.0,121800.0,0,522.0
J047,B,233,2,2026-09-26 03:15:00,3,B-ASM,M02,Medium,2026-09-28 11:30:00,2026-09-28 15:30:00,0,240,240,220.0,30800.0,0,99.0,-3390.0,late_risk_fast,25442262.75,220.0,30800.0,0,99.0
J065,B,241,3,2026-09-26 06:30:00,1,B-CUT,M01,Medium,2026-09-27 09:00:00,2026-09-27 12:15:00,0,195,195,234.0,37638.0,8,105.3,6045.0,normal_energy,12740496.15,234.0,37638.0,8,105.3
J065,B,241,3,2026-09-26 06:30:00,2,B-HT,M03,Maximum,2026-09-28 07:45:00,2026-09-28 14:00:00,0,375,375,906.25,126875.0,0,543.75,-2160.0,late_risk_fast,23982201.95,906.25,126875.0,0,543.75
J065,B,241,3,2026-09-26 06:30:00,3,B-ASM,M02,Medium,2026-09-28 15:30:00,2026-09-28 19:45:00,0,255,255,233.75,32725.0,0,105.188,-3585.0,late_risk_fast,25790347.75,233.75,32725.0,0,105.188
J003,A,179,1,2026-09-26 09:15:00,1,A-CUT,M01,Medium,2026-09-27 12:15:00,2026-09-27 14:50:00,20,135,155,187.2,22276.8,0,84.24,7405.0,normal_energy,12684479.22,198.0,23562.0,0,89.1
J003,A,179,1,2026-09-26 09:15:00,2,A-PRS,M04,Maximum,2026-09-27 15:00:00,2026-09-27 18:45:00,0,225,225,468.75,70656.25,7,281.25,-2000.0,late_risk_fast,14101512.0,468.75,70656.25,7,281.25
J003,A,179,1,2026-09-26 09:15:00,3,A-INS,M05,Light,2026-09-28 11:00:00,2026-09-28 13:10:00,10,120,130,65.067,9109.33,0,22.773,-2140.0,light_fast,22338628.967,69.333,9706.67,0,24.267
J056,A,170,2,2026-09-26 09:15:00,1,A-CUT,M01,Medium,2026-09-26 19:45:00,2026-09-26 22:00:00,0,135,135,162.0,20502.0,1,72.9,5925.0,normal_energy,5548972.05,162.0,20502.0,1,72.9
J056,A,170,2,2026-09-26 09:15:00,2,A-PRS,M04,Maximum,2026-09-27 06:00:00,2026-09-27 09:30:00,0,210,210,437.5,41312.5,0,262.5,-975.0,late_risk_fast,10460906.35,437.5,41312.5,0,262.5
J056,A,170,2,2026-09-26 09:15:00,3,A-INS,M05,Light,2026-09-27 13:00:00,2026-09-27 14:45:00,0,105,105,56.0,6664.0,0,19.6,-1560.0,light_fast,12508967.1,56.0,6664.0,0,19.6
J050,B,78,3,2026-09-26 09:15:00,1,B-CUT,M01,Medium,2026-09-27 15:00:00,2026-09-27 16:20:00,20,60,80,97.2,11566.8,0,43.74,7120.0,normal_energy,13298661.77,108.0,12852.0,0,48.6
J050,B,78,3,2026-09-26 09:15:00,2,B-HT,M03,Maximum,2026-09-28 14:00:00,2026-09-28 16:00:00,0,120,120,290.0,40600.0,0,174.0,-1985.0,late_risk_fast,23709938.25,290.0,40600.0,0,174.0
J050,B,78,3,2026-09-26 09:15:00,3,B-ASM,M02,Medium,2026-09-28 19:45:00,2026-09-28 21:15:00,0,90,90,82.5,11550.0,0,37.125,-3375.0,late_risk_fast,25327412.75,82.5,11550.0,0,37.125
J033,B,273,1,2026-09-26 10:45:00,1,B-CUT,M01,Medium,2026-09-27 16:30:00,2026-09-27 20:00:00,0,210,210,252.0,44676.0,12,113.4,7050.0,normal_energy,14251712.3,252.0,44676.0,12,113.4
J033,B,273,1,2026-09-26 10:45:00,2,B-HT,M03,Maximum,2026-09-28 16:00:00,2026-09-28 23:00:00,0,420,420,1015.0,142100.0,0,609.0,-2415.0,late_risk_fast,25998238.25,1015.0,142100.0,0,609.0
J033,B,273,1,2026-09-26 10:45:00,3,B-ASM,M02,Medium,2026-09-29 06:00:00,2026-09-29 10:45:00,0,285,285,261.25,36575.0,0,117.562,-3900.0,late_risk_fast,30485517.75,261.25,36575.0,0,117.562
J010,A,289,1,2026-09-26 12:15:00,1,A-CUT,M01,Medium,2026-09-28 06:00:00,2026-09-28 10:05:00,20,225,245,274.8,38472.0,0,123.66,7135.0,normal_energy,19543969.63,294.0,41160.0,0,132.3
J010,A,289,1,2026-09-26 12:15:00,2,A-PRS,M04,Maximum,2026-09-28 10:15:00,2026-09-28 16:15:00,0,360,360,750.0,105000.0,0,450.0,-3110.0,late_risk_fast,21880872.65,750.0,105000.0,0,450.0
J010,A,289,1,2026-09-26 12:15:00,3,A-INS,M05,Light,2026-09-28 16:15:00,2026-09-28 19:15:00,0,180,180,96.0,13440.0,0,33.6,-3300.0,light_fast,23109909.6,96.0,13440.0,0,33.6
J043,B,75,1,2026-09-26 13:15:00,1,B-CUT,M01,Medium,2026-09-27 20:00:00,2026-09-27 21:20:00,20,60,80,97.2,11566.8,0,43.74,7360.0,normal_energy,13726398.27,108.0,12852.0,0,48.6
J043,B,75,1,2026-09-26 13:15:00,2,B-HT,M03,Maximum,2026-09-28 23:00:00,2026-09-29 01:00:00,0,120,120,290.0,40600.0,0,174.0,-2045.0,late_risk_fast,25939527.25,290.0,40600.0,0,174.0
J043,B,75,1,2026-09-26 13:15:00,3,B-ASM,M02,Medium,2026-09-29 10:45:00,2026-09-29 12:00:00,0,75,75,68.75,9625.0,0,30.938,-3660.0,late_risk_fast,30035827.75,68.75,9625.0,0,30.938
J046,C,117,2,2026-09-26 16:00:00,1,C-ASM,M02,Medium,2026-09-22 08:15:00,2026-09-22 10:30:00,15,120,135,112.75,17985.0,2,50.737,7185.0,normal_energy,47936.719,123.75,19525.0,2,55.688
J046,C,117,2,2026-09-26 16:00:00,2,C-HT,M03,Maximum,2026-09-29 01:00:00,2026-09-29 04:35:00,35,180,215,451.917,63268.33,0,271.15,5875.0,active_peak_avoid,25754221.158,519.583,72741.67,0,311.75
J046,C,117,2,2026-09-26 16:00:00,3,C-INS,M05,Light,2026-09-29 08:00:00,2026-09-29 09:25:00,10,75,85,41.067,5749.33,0,14.373,-3720.0,light_fast,27590336.967,45.333,6346.67,0,15.867
J006,C,204,1,2026-09-26 17:00:00,1,C-ASM,M02,Medium,2026-09-27 18:15:00,2026-09-27 21:45:00,0,210,210,192.5,29452.5,7,86.625,6030.0,normal_energy,12309701.463,192.5,29452.5,7,86.625
J006,C,204,1,2026-09-26 17:00:00,2,C-HT,M03,Maximum,2026-09-29 04:45:00,2026-09-29 10:00:00,0,315,315,761.25,106575.0,0,456.75,-2040.0,late_risk_fast,28338330.95,761.25,106575.0,0,456.75
J006,C,204,1,2026-09-26 17:00:00,3,C-INS,M05,Light,2026-09-29 10:00:00,2026-09-29 12:15:00,0,135,135,72.0,10080.0,0,25.2,-4035.0,light_fast,28252428.6,72.0,10080.0,0,25.2
J049,A,83,3,2026-09-26 17:15:00,1,A-CUT,M01,Medium,2026-09-28 10:15:00,2026-09-28 11:50:00,20,75,95,94.8,13272.0,0,42.66,6145.0,normal_energy,18123037.33,114.0,15960.0,0,51.3
J049,A,83,3,2026-09-26 17:15:00,2,A-PRS,M04,Maximum,2026-09-28 16:15:00,2026-09-28 18:00:00,0,105,105,218.75,30625.0,0,131.25,-2660.0,late_risk_fast,20628454.45,218.75,30625.0,0,131.25
J049,A,83,3,2026-09-26 17:15:00,3,A-INS,M05,Light,2026-09-29 12:15:00,2026-09-29 13:25:00,10,60,70,33.067,4629.33,0,11.573,-2995.0,light_fast,29225107.467,37.333,5226.67,0,13.067
J077,A,154,1,2026-09-26 18:45:00,1,A-CUT,M01,Medium,2026-09-28 12:00:00,2026-09-28 14:00:00,0,120,120,144.0,20160.0,0,64.8,5640.0,normal_energy,18397790.7,144.0,20160.0,0,64.8
J077,A,154,1,2026-09-26 18:45:00,2,A-PRS,M04,Maximum,2026-09-28 18:00:00,2026-09-28 21:15:00,0,195,195,406.25,56875.0,0,243.75,-2790.0,late_risk_fast,21358809.95,406.25,56875.0,0,243.75
J077,A,154,1,2026-09-26 18:45:00,3,A-INS,M05,Light,2026-09-29 13:30:00,2026-09-29 15:15:00,0,105,105,56.0,7840.0,0,19.6,-3135.0,light_fast,29302269.6,56.0,7840.0,0,19.6
J013,B,233,3,2026-09-26 22:15:00,1,B-CUT,M01,Medium,2026-09-28 14:00:00,2026-09-28 17:20:00,20,180,200,220.8,30912.0,0,99.36,5920.0,normal_energy,18345782.48,240.0,33600.0,0,108.0
J013,B,233,3,2026-09-26 22:15:00,2,B-HT,M03,Maximum,2026-09-29 10:00:00,2026-09-29 16:35:00,35,360,395,886.917,124168.33,0,532.15,-2980.0,late_risk_fast,28440941.517,954.583,133641.67,0,572.75
J013,B,233,3,2026-09-26 22:15:00,3,B-ASM,M02,Medium,2026-09-29 16:45:00,2026-09-29 21:00:00,15,240,255,222.75,31185.0,0,100.237,-4235.0,late_risk_fast,29736959.75,233.75,32725.0,0,105.188
J011,B,286,1,2026-09-26 23:15:00,1,B-CUT,M01,Medium,2026-09-28 17:30:00,2026-09-28 21:15:00,0,225,225,270.0,37800.0,0,121.5,4095.0,normal_energy,19534957.05,270.0,37800.0,0,121.5
J011,B,286,1,2026-09-26 23:15:00,2,B-HT,M03,Maximum,2026-09-29 16:45:00,2026-09-30 00:00:00,0,435,435,1051.25,147175.0,0,630.75,-3195.0,late_risk_fast,31233647.75,1051.25,147175.0,0,630.75
J011,B,286,1,2026-09-26 23:15:00,3,B-ASM,M02,Medium,2026-09-30 06:00:00,2026-09-30 11:00:00,0,300,300,275.0,38500.0,0,123.75,-4665.0,late_risk_fast,35389102.75,275.0,38500.0,0,123.75
J072,C,166,2,2026-09-27 01:45:00,1,C-ASM,M02,Medium,2026-09-25 18:45:00,2026-09-25 22:00:00,15,180,195,167.75,28105.0,5,75.487,7485.0,normal_energy,182124.094,178.75,30525.0,5,80.438
J072,C,166,2,2026-09-27 01:45:00,2,C-HT,M03,Maximum,2026-09-30 00:00:00,2026-09-30 04:50:00,35,255,290,633.167,88643.33,0,379.9,1375.0,limited_energy,31776056.533,700.833,98116.67,0,420.5
J072,C,166,2,2026-09-27 01:45:00,3,C-INS,M05,Light,2026-09-30 08:00:00,2026-09-30 09:55:00,10,105,115,57.067,7989.33,0,19.973,-4620.0,light_fast,33778884.967,61.333,8586.67,0,21.467
J062,A,286,1,2026-09-27 02:15:00,1,A-CUT,M01,Medium,2026-09-29 06:00:00,2026-09-29 10:05:00,20,225,245,274.8,38472.0,0,123.66,4435.0,normal_energy,23689787.33,294.0,41160.0,0,132.3
J062,A,286,1,2026-09-27 02:15:00,2,A-PRS,M04,Maximum,2026-09-29 10:15:00,2026-09-29 16:00:00,0,345,345,718.75,100625.0,0,431.25,-3695.0,late_risk_fast,25974366.35,718.75,100625.0,0,431.25
J062,A,286,1,2026-09-27 02:15:00,3,A-INS,M05,Light,2026-09-29 16:00:00,2026-09-29 19:10:00,10,180,190,97.067,13589.33,0,33.973,-3895.0,light_fast,27275433.967,101.333,14186.67,0,35.467
J030,A,160,3,2026-09-27 04:45:00,1,A-CUT,M01,Medium,2026-09-29 10:15:00,2026-09-29 12:15:00,0,120,120,144.0,20160.0,0,64.8,6060.0,normal_energy,23572595.2,144.0,20160.0,0,64.8
J030,A,160,3,2026-09-27 04:45:00,2,A-PRS,M04,Maximum,2026-09-29 16:00:00,2026-09-29 19:15:00,0,195,195,406.25,56875.0,0,243.75,-3525.0,late_risk_fast,26390718.95,406.25,56875.0,0,243.75
J030,A,160,3,2026-09-27 04:45:00,3,A-INS,M05,Light,2026-09-30 10:00:00,2026-09-30 11:45:00,0,105,105,56.0,7840.0,0,19.6,-3855.0,light_fast,33663675.1,56.0,7840.0,0,19.6
J079,A,149,2,2026-09-27 08:15:00,1,A-CUT,M01,Medium,2026-09-29 12:15:00,2026-09-29 14:15:00,0,120,120,144.0,20160.0,0,64.8,5820.0,normal_energy,22934073.4,144.0,20160.0,0,64.8
J079,A,149,2,2026-09-27 08:15:00,2,A-PRS,M04,Maximum,2026-09-30 06:00:00,2026-09-30 09:00:00,0,180,180,375.0,52500.0,0,225.0,-3420.0,late_risk_fast,31083014.95,375.0,52500.0,0,225.0
J079,A,149,2,2026-09-27 08:15:00,3,A-INS,M05,Light,2026-09-30 11:45:00,2026-09-30 13:15:00,0,90,90,48.0,6720.0,0,16.8,-4455.0,light_fast,32434045.6,48.0,6720.0,0,16.8
J019,B,294,3,2026-09-27 10:15:00,1,B-CUT,M01,Medium,2026-09-29 14:15:00,2026-09-29 18:20:00,20,225,245,274.8,38472.0,0,123.66,7015.0,normal_energy,23861763.33,294.0,41160.0,0,132.3
J019,B,294,3,2026-09-27 10:15:00,2,B-HT,M03,Maximum,2026-09-30 05:00:00,2026-09-30 13:05:00,35,450,485,1104.417,154618.33,0,662.65,-3850.0,late_risk_fast,31826238.517,1172.083,164091.67,0,703.25
J019,B,294,3,2026-09-27 10:15:00,3,B-ASM,M02,Medium,2026-09-30 13:15:00,2026-09-30 18:30:00,15,300,315,277.75,38885.0,0,124.987,-4805.0,late_risk_fast,33730899.75,288.75,40425.0,0,129.938
J045,B,127,1,2026-09-27 12:00:00,1,B-CUT,M01,Medium,2026-09-29 18:30:00,2026-09-29 20:15:00,0,105,105,126.0,17640.0,0,56.7,5235.0,normal_energy,23864929.65,126.0,17640.0,0,56.7
J045,B,127,1,2026-09-27 12:00:00,2,B-HT,M03,Maximum,2026-09-30 13:15:00,2026-09-30 16:30:00,0,195,195,471.25,65975.0,0,282.75,-3570.0,late_risk_fast,32701807.75,471.25,65975.0,0,282.75
J045,B,127,1,2026-09-27 12:00:00,3,B-ASM,M02,Medium,2026-09-30 18:30:00,2026-09-30 20:45:00,0,135,135,123.75,17325.0,0,55.688,-4725.0,late_risk_fast,33988667.75,123.75,17325.0,0,55.688
J017,B,202,3,2026-09-27 12:00:00,1,B-CUT,M01,Medium,2026-09-30 06:00:00,2026-09-30 08:45:00,0,165,165,198.0,27720.0,0,89.1,5625.0,normal_energy,29154485.85,198.0,27720.0,0,89.1
J017,B,202,3,2026-09-27 12:00:00,2,B-HT,M03,Maximum,2026-09-30 16:30:00,2026-09-30 21:45:00,0,315,315,761.25,106575.0,0,456.75,-4440.0,late_risk_fast,34620033.25,761.25,106575.0,0,456.75
J017,B,202,3,2026-09-27 12:00:00,3,B-ASM,M02,Medium,2026-10-01 06:00:00,2026-10-01 09:30:00,0,210,210,192.5,26950.0,0,86.625,-5115.0,late_risk_fast,39551092.75,192.5,26950.0,0,86.625
J007,C,70,1,2026-09-27 13:00:00,1,C-ASM,M02,Medium,2026-09-29 12:00:00,2026-09-29 13:30:00,15,75,90,71.5,10010.0,0,32.175,5100.0,normal_energy,20586926.637,82.5,11550.0,0,37.125
J007,C,70,1,2026-09-27 13:00:00,2,C-HT,M03,Maximum,2026-09-30 21:45:00,2026-10-01 00:05:00,35,105,140,270.667,37893.33,0,162.4,-3050.0,late_risk_fast,35953365.917,338.333,47366.67,0,203.0
J007,C,70,1,2026-09-27 13:00:00,3,C-INS,M05,Light,2026-10-01 08:00:00,2026-10-01 08:55:00,10,45,55,25.067,3509.33,0,8.773,-5040.0,light_fast,38864488.967,29.333,4106.67,0,10.267
J074,B,116,2,2026-09-27 14:30:00,1,B-CUT,M01,Medium,2026-09-29 20:15:00,2026-09-29 21:45:00,0,90,90,108.0,15120.0,0,48.6,7530.0,normal_energy,23500040.9,108.0,15120.0,0,48.6
J074,B,116,2,2026-09-27 14:30:00,2,B-HT,M03,Maximum,2026-10-01 00:15:00,2026-10-01 03:50:00,35,180,215,451.917,63268.33,0,271.15,-3530.0,late_risk_fast,36720140.917,519.583,72741.67,0,311.75
J074,B,116,2,2026-09-27 14:30:00,3,B-ASM,M02,Medium,2026-10-01 09:30:00,2026-10-01 11:45:00,15,120,135,112.75,15785.0,0,50.737,-5255.0,late_risk_fast,39357279.75,123.75,17325.0,0,55.688
J066,A,103,2,2026-09-27 14:30:00,1,A-CUT,M01,Medium,2026-09-30 08:45:00,2026-09-30 10:35:00,20,90,110,112.8,15792.0,0,50.76,6070.0,normal_energy,28873106.88,132.0,18480.0,0,59.4
J066,A,103,2,2026-09-27 14:30:00,2,A-PRS,M04,Maximum,2026-09-30 10:45:00,2026-09-30 13:00:00,0,135,135,281.25,39375.0,0,168.75,-4220.0,late_risk_fast,29628707.65,281.25,39375.0,0,168.75
J066,A,103,2,2026-09-27 14:30:00,3,A-INS,M05,Light,2026-09-30 13:15:00,2026-09-30 14:40:00,10,75,85,41.067,5749.33,0,14.373,-4315.0,light_fast,30322751.467,45.333,6346.67,0,15.867
J021,B,249,1,2026-09-27 15:00:00,1,B-CUT,M01,Medium,2026-09-30 10:45:00,2026-09-30 14:20:00,20,195,215,238.8,33432.0,0,107.46,5305.0,normal_energy,30241176.43,258.0,36120.0,0,116.1
J021,B,249,1,2026-09-27 15:00:00,2,B-HT,M03,Maximum,2026-10-01 04:00:00,2026-10-01 10:15:00,0,375,375,906.25,126875.0,0,543.75,-4655.0,late_risk_fast,38808196.45,906.25,126875.0,0,543.75
J021,B,249,1,2026-09-27 15:00:00,3,B-ASM,M02,Medium,2026-10-01 11:45:00,2026-10-01 16:00:00,0,255,255,233.75,32725.0,0,105.188,-5730.0,late_risk_fast,40805347.75,233.75,32725.0,0,105.188
J058,C,297,2,2026-09-27 17:30:00,1,C-ASM,M02,Medium,2026-10-01 16:00:00,2026-10-01 21:15:00,15,300,315,277.75,38885.0,0,124.987,7245.0,normal_energy,42275656.244,288.75,40425.0,0,129.938
J058,C,297,2,2026-09-27 17:30:00,2,C-HT,M03,Maximum,2026-10-01 21:15:00,2026-10-02 05:20:00,35,450,485,1104.417,154618.33,0,662.65,-6470.0,late_risk_fast,45340610.917,1172.083,164091.67,0,703.25
J058,C,297,2,2026-09-27 17:30:00,3,C-INS,M05,Light,2026-10-02 08:00:00,2026-10-02 11:10:00,10,180,190,97.067,13589.33,0,33.973,-6660.0,light_fast,47836799.467,101.333,14186.67,0,35.467
J029,A,289,1,2026-09-27 18:15:00,1,A-CUT,M01,Medium,2026-09-30 14:30:00,2026-09-30 18:35:00,20,225,245,274.8,38472.0,0,123.66,5875.0,normal_energy,30682483.63,294.0,41160.0,0,132.3
J029,A,289,1,2026-09-27 18:15:00,2,A-PRS,M04,Maximum,2026-10-01 06:00:00,2026-10-01 12:00:00,0,360,360,750.0,105000.0,0,450.0,-4700.0,late_risk_fast,38100340.45,750.0,105000.0,0,450.0
J029,A,289,1,2026-09-27 18:15:00,3,A-INS,M05,Light,2026-10-01 12:00:00,2026-10-01 15:10:00,10,180,190,97.067,13589.33,0,33.973,-5575.0,light_fast,39035404.967,101.333,14186.67,0,35.467
J036,B,287,2,2026-09-27 18:30:00,1,B-CUT,M01,Medium,2026-10-01 06:00:00,2026-10-01 10:05:00,20,225,245,274.8,38472.0,0,123.66,5995.0,normal_energy,37114184.63,294.0,41160.0,0,132.3
J036,B,287,2,2026-09-27 18:30:00,2,B-HT,M03,Maximum,2026-10-01 10:15:00,2026-10-01 18:05:00,35,435,470,1068.167,149543.33,0,640.9,-5725.0,late_risk_fast,40199428.117,1135.833,159016.67,0,681.5
J036,B,287,2,2026-09-27 18:30:00,3,B-ASM,M02,Medium,2026-10-02 06:00:00,2026-10-02 11:15:00,15,300,315,277.75,38885.0,0,124.987,-6050.0,late_risk_fast,47761602.95,288.75,40425.0,0,129.938
J023,C,71,2,2026-09-27 20:00:00,1,C-ASM,M02,Medium,2026-09-29 13:30:00,2026-09-29 15:00:00,15,75,90,71.5,10010.0,0,32.175,6030.0,normal_energy,18292403.438,82.5,11550.0,0,37.125
J023,C,71,2,2026-09-27 20:00:00,2,C-HT,M03,Maximum,2026-10-01 18:15:00,2026-10-01 20:50:00,35,120,155,306.917,42968.33,0,184.15,-2735.0,late_risk_fast,42345586.417,374.583,52441.67,0,224.75
J023,C,71,2,2026-09-27 20:00:00,3,C-INS,M05,Light,2026-10-02 11:15:00,2026-10-02 12:10:00,10,45,55,25.067,3509.33,0,8.773,-5865.0,light_fast,47580083.467,29.333,4106.67,0,10.267
J073,C,278,3,2026-09-27 20:00:00,1,C-ASM,M02,Medium,2026-10-02 11:15:00,2026-10-02 16:00:00,0,285,285,261.25,36575.0,0,117.562,6150.0,normal_energy,49095105.731,261.25,36575.0,0,117.562
J073,C,278,3,2026-09-27 20:00:00,2,C-HT,M03,Maximum,2026-10-02 16:00:00,2026-10-02 23:00:00,0,420,420,1015.0,142100.0,0,609.0,-7380.0,late_risk_fast,51705227.25,1015.0,142100.0,0,609.0
J073,C,278,3,2026-09-27 20:00:00,3,C-INS,M05,Light,2026-10-03 08:00:00,2026-10-03 11:00:00,0,180,180,96.0,13440.0,0,33.6,-7560.0,light_fast,57001489.6,96.0,13440.0,0,33.6
J002,B,278,1,2026-09-27 22:00:00,1,B-CUT,M01,Medium,2026-10-01 10:15:00,2026-10-01 13:45:00,0,210,210,252.0,35280.0,0,113.4,5610.0,normal_energy,37171124.5,252.0,35280.0,0,113.4
J002,B,278,1,2026-09-27 22:00:00,2,B-HT,M03,Maximum,2026-10-02 05:30:00,2026-10-02 13:05:00,35,420,455,1031.917,144468.33,0,619.15,-5720.0,late_risk_fast,47212698.317,1099.583,153941.67,0,659.75
J002,B,278,1,2026-09-27 22:00:00,3,B-ASM,M02,Medium,2026-10-02 16:00:00,2026-10-02 21:00:00,15,285,300,264.0,36960.0,0,118.8,-6965.0,late_risk_fast,50094029.25,275.0,38500.0,0,123.75
