time_slot,tariff_type,price_per_kWh,peak_flag,total_power_kW,energy_kWh,energy_cost
2026-09-21 00:00:00,경부하,90,0,0.0,0.0,0.0
2026-09-21 00:15:00,경부하,90,0,0.0,0.0,0.0
2026-09-21 00:30:00,경부하,90,0,0.0,0.0,0.0
2026-09-21 00:45:00,경부하,90,0,0.0,0.0,0.0
2026-09-21 01:00:00,경부하,90,0,0.0,0.0,0.0
2026-09-21 01:15:00,경부하,90,0,0.0,0.0,0.0
2026-09-21 01:30:00,경부하,90,0,0.0,0.0,0.0
2026-09-21 01:45:00,경부하,90,0,0.0,0.0,0.0
2026-09-21 02:00:00,경부하,90,0,0.0,0.0,0.0
2026-09-21 02:15:00,경부하,90,0,0.0,0.0,0.0
2026-09-21 02:30:00,경부하,90,0,0.0,0.0,0.0
2026-09-21 02:45:00,경부하,90,0,0.0,0.0,0.0
2026-09-21 03:00:00,경부하,90,0,0.0,0.0,0.0
2026-09-21 03:15:00,경부하,90,0,0.0,0.0,0.0
2026-09-21 03:30:00,경부하,90,0,0.0,0.0,0.0
2026-09-21 03:45:00,경부하,90,0,0.0,0.0,0.0
2026-09-21 04:00:00,경부하,90,0,0.0,0.0,0.0
2026-09-21 04:15:00,경부하,90,0,0.0,0.0,0.0
2026-09-21 04:30:00,경부하,90,0,0.0,0.0,0.0
2026-09-21 04:45:00,경부하,90,0,0.0,0.0,0.0
2026-09-21 05:00:00,경부하,90,0,0.0,0.0,0.0
2026-09-21 05:15:00,경부하,90,0,0.0,0.0,0.0
2026-09-21 05:30:00,경부하,90,0,0.0,0.0,0.0
2026-09-21 05:45:00,경부하,90,0,0.0,0.0,0.0
2026-09-21 06:00:00,경부하,90,0,127.0,31.75,2857.5
2026-09-21 06:15:00,경부하,90,0,127.0,31.75,2857.5
2026-09-21 06:30:00,경부하,90,0,127.0,31.75,2857.5
2026-09-21 06:45:00,경부하,90,0,127.0,31.75,2857.5
2026-09-21 07:00:00,경부하,90,0,127.0,31.75,2857.5
2026-09-21 07:15:00,경부하,90,0,127.0,31.75,2857.5
2026-09-21 07:30:00,경부하,90,0,252.0,63.0,5670.0
2026-09-21 07:45:00,경부하,90,0,252.0,63.0,5670.0
2026-09-21 08:00:00,중간부하,140,0,252.0,63.0,8820.0
2026-09-21 08:15:00,중간부하,140,0,252.0,63.0,8820.0
2026-09-21 08:30:00,중간부하,140,0,252.0,63.0,8820.0
2026-09-21 08:45:00,중간부하,140,0,252.0,63.0,8820.0
2026-09-21 09:00:00,중간부하,140,0,252.0,63.0,8820.0
2026-09-21 09:15:00,중간부하,140,0,252.0,63.0,8820.0
2026-09-21 09:30:00,중간부하,140,0,252.0,63.0,8820.0
2026-09-21 09:45:00,중간부하,140,0,159.0,39.75,5565.0
2026-09-21 10:00:00,최대부하,220,1,159.0,39.75,8745.0
2026-09-21 10:15:00,최대부하,220,1,159.0,39.75,8745.0
2026-09-21 10:30:00,최대부하,220,1,104.0,26.0,5720.0
2026-09-21 10:45:00,최대부하,220,1,104.0,26.0,5720.0
2026-09-21 11:00:00,최대부하,220,1,72.0,18.0,3960.0
2026-09-21 11:15:00,최대부하,220,1,72.0,18.0,3960.0
2026-09-21 11:30:00,최대부하,220,1,72.0,18.0,3960.0
2026-09-21 11:45:00,최대부하,220,1,200.0,50.0,11000.0
2026-09-21 12:00:00,중간부하,140,0,272.0,68.0,9520.0
2026-09-21 12:15:00,중간부하,140,0,272.0,68.0,9520.0
2026-09-21 12:30:00,중간부하,140,0,272.0,68.0,9520.0
2026-09-21 12:45:00,중간부하,140,0,272.0,68.0,9520.0
2026-09-21 13:00:00,중간부하,140,0,272.0,68.0,9520.0
2026-09-21 13:15:00,중간부하,140,0,272.0,68.0,9520.0
2026-09-21 13:30:00,중간부하,140,0,272.0,68.0,9520.0
2026-09-21 13:45:00,중간부하,140,0,272.0,68.0,9520.0
2026-09-21 14:00:00,중간부하,140,0,272.0,68.0,9520.0
2026-09-21 14:15:00,중간부하,140,0,272.0,68.0,9520.0
2026-09-21 14:30:00,중간부하,140,0,272.0,68.0,9520.0
2026-09-21 14:45:00,중간부하,140,0,272.0,68.0,9520.0
2026-09-21 15:00:00,중간부하,140,0,272.0,68.0,9520.0
2026-09-21 15:15:00,중간부하,140,0,272.0,68.0,9520.0
2026-09-21 15:30:00,중간부하,140,0,272.0,68.0,9520.0
2026-09-21 15:45:00,중간부하,140,0,397.0,99.25,13895.0
2026-09-21 16:00:00,중간부하,140,0,397.0,99.25,13895.0
2026-09-21 16:15:00,중간부하,140,0,397.0,99.25,13895.0
2026-09-21 16:30:00,중간부하,140,0,397.0,99.25,13895.0
2026-09-21 16:45:00,중간부하,140,0,397.0,99.25,13895.0
2026-09-21 17:00:00,최대부하,220,1,304.0,76.0,16720.0
2026-09-21 17:15:00,최대부하,220,1,304.0,76.0,16720.0
2026-09-21 17:30:00,최대부하,220,1,304.0,76.0,16720.0
2026-09-21 17:45:00,최대부하,220,1,304.0,76.0,16720.0
2026-09-21 18:00:00,최대부하,220,1,272.0,68.0,14960.0
2026-09-21 18:15:00,최대부하,220,1,272.0,68.0,14960.0
2026-09-21 18:30:00,최대부하,220,1,272.0,68.0,14960.0
2026-09-21 18:45:00,최대부하,220,1,272.0,68.0,14960.0
2026-09-21 19:00:00,최대부하,220,1,127.0,31.75,6985.0
2026-09-21 19:15:00,최대부하,220,1,252.0,63.0,13860.0
2026-09-21 19:30:00,최대부하,220,1,197.0,49.25,10835.0
2026-09-21 19:45:00,최대부하,220,1,197.0,49.25,10835.0
2026-09-21 20:00:00,중간부하,140,0,252.0,63.0,8820.0
2026-09-21 20:15:00,중간부하,140,0,397.0,99.25,13895.0
2026-09-21 20:30:00,중간부하,140,0,397.0,99.25,13895.0
2026-09-21 20:45:00,중간부하,140,0,397.0,99.25,13895.0
2026-09-21 21:00:00,중간부하,140,0,342.0,85.5,11970.0
2026-09-21 21:15:00,중간부하,140,0,342.0,85.5,11970.0
2026-09-21 21:30:00,중간부하,140,0,342.0,85.5,11970.0
2026-09-21 21:45:00,중간부하,140,0,270.0,67.5,9450.0
2026-09-21 22:00:00,경부하,90,0,145.0,36.25,3262.5
2026-09-21 22:15:00,경부하,90,0,145.0,36.25,3262.5
2026-09-21 22:30:00,경부하,90,0,145.0,36.25,3262.5
2026-09-21 22:45:00,경부하,90,0,145.0,36.25,3262.5
2026-09-21 23:00:00,경부하,90,0,145.0,36.25,3262.5
2026-09-21 23:15:00,경부하,90,0,145.0,36.25,3262.5
2026-09-21 23:30:00,경부하,90,0,145.0,36.25,3262.5
2026-09-21 23:45:00,경부하,90,0,145.0,36.25,3262.5
2026-09-22 00:00:00,경부하,90,0,145.0,36.25,3262.5
2026-09-22 00:15:00,경부하,90,0,145.0,36.25,3262.5
2026-09-22 00:30:00,경부하,90,0,145.0,36.25,3262.5
2026-09-22 00:45:00,경부하,90,0,145.0,36.25,3262.5
2026-09-22 01:00:00,경부하,90,0,145.0,36.25,3262.5
2026-09-22 01:15:00,경부하,90,0,145.0,36.25,3262.5
2026-09-22 01:30:00,경부하,90,0,145.0,36.25,3262.5
2026-09-22 01:45:00,경부하,90,0,145.0,36.25,3262.5
2026-09-22 02:00:00,경부하,90,0,145.0,36.25,3262.5
2026-09-22 02:15:00,경부하,90,0,145.0,36.25,3262.5
2026-09-22 02:30:00,경부하,90,0,145.0,36.25,3262.5
2026-09-22 02:45:00,경부하,90,0,145.0,36.25,3262.5
2026-09-22 03:00:00,경부하,90,0,145.0,36.25,3262.5
2026-09-22 03:15:00,경부하,90,0,145.0,36.25,3262.5
2026-09-22 03:30:00,경부하,90,0,145.0,36.25,3262.5
2026-09-22 03:45:00,경부하,90,0,145.0,36.25,3262.5
2026-09-22 04:00:00,경부하,90,0,145.0,36.25,3262.5
2026-09-22 04:15:00,경부하,90,0,145.0,36.25,3262.5
2026-09-22 04:30:00,경부하,90,0,145.0,36.25,3262.5
2026-09-22 04:45:00,경부하,90,0,145.0,36.25,3262.5
2026-09-22 05:00:00,경부하,90,0,145.0,36.25,3262.5
2026-09-22 05:15:00,경부하,90,0,145.0,36.25,3262.5
2026-09-22 05:30:00,경부하,90,0,145.0,36.25,3262.5
2026-09-22 05:45:00,경부하,90,0,145.0,36.25,3262.5
2026-09-22 06:00:00,경부하,90,0,272.0,68.0,6120.0
2026-09-22 06:15:00,경부하,90,0,272.0,68.0,6120.0
2026-09-22 06:30:00,경부하,90,0,272.0,68.0,6120.0
2026-09-22 06:45:00,경부하,90,0,272.0,68.0,6120.0
2026-09-22 07:00:00,경부하,90,0,272.0,68.0,6120.0
2026-09-22 07:15:00,경부하,90,0,397.0,99.25,8932.5
2026-09-22 07:30:00,경부하,90,0,397.0,99.25,8932.5
2026-09-22 07:45:00,경부하,90,0,397.0,99.25,8932.5
2026-09-22 08:00:00,중간부하,140,0,429.0,107.25,15015.0
2026-09-22 08:15:00,중간부하,140,0,429.0,107.25,15015.0
2026-09-22 08:30:00,중간부하,140,0,429.0,107.25,15015.0
2026-09-22 08:45:00,중간부하,140,0,429.0,107.25,15015.0
2026-09-22 09:00:00,중간부하,140,0,429.0,107.25,15015.0
2026-09-22 09:15:00,중간부하,140,0,304.0,76.0,10640.0
2026-09-22 09:30:00,중간부하,140,0,304.0,76.0,10640.0
2026-09-22 09:45:00,중간부하,140,0,304.0,76.0,10640.0
2026-09-22 10:00:00,최대부하,220,1,304.0,76.0,16720.0
2026-09-22 10:15:00,최대부하,220,1,304.0,76.0,16720.0
2026-09-22 10:30:00,최대부하,220,1,249.0,62.25,13695.0
2026-09-22 10:45:00,최대부하,220,1,177.0,44.25,9735.0
2026-09-22 11:00:00,최대부하,220,1,270.0,67.5,14850.0
2026-09-22 11:15:00,최대부하,220,1,229.0,57.25,12595.0
2026-09-22 11:30:00,최대부하,220,1,229.0,57.25,12595.0
2026-09-22 11:45:00,최대부하,220,1,229.0,57.25,12595.0
2026-09-22 12:00:00,중간부하,140,0,429.0,107.25,15015.0
2026-09-22 12:15:00,중간부하,140,0,429.0,107.25,15015.0
2026-09-22 12:30:00,중간부하,140,0,429.0,107.25,15015.0
2026-09-22 12:45:00,중간부하,140,0,429.0,107.25,15015.0
2026-09-22 13:00:00,중간부하,140,0,429.0,107.25,15015.0
2026-09-22 13:15:00,중간부하,140,0,429.0,107.25,15015.0
2026-09-22 13:30:00,중간부하,140,0,429.0,107.25,15015.0
2026-09-22 13:45:00,중간부하,140,0,429.0,107.25,15015.0
2026-09-22 14:00:00,중간부하,140,0,429.0,107.25,15015.0
2026-09-22 14:15:00,중간부하,140,0,429.0,107.25,15015.0
2026-09-22 14:30:00,중간부하,140,0,429.0,107.25,15015.0
2026-09-22 14:45:00,중간부하,140,0,429.0,107.25,15015.0
2026-09-22 15:00:00,중간부하,140,0,429.0,107.25,15015.0
2026-09-22 15:15:00,중간부하,140,0,429.0,107.25,15015.0
2026-09-22 15:30:00,중간부하,140,0,429.0,107.25,15015.0
2026-09-22 15:45:00,중간부하,140,0,429.0,107.25,15015.0
2026-09-22 16:00:00,중간부하,140,0,429.0,107.25,15015.0
2026-09-22 16:15:00,중간부하,140,0,429.0,107.25,15015.0
2026-09-22 16:30:00,중간부하,140,0,429.0,107.25,15015.0
2026-09-22 16:45:00,중간부하,140,0,429.0,107.25,15015.0
2026-09-22 17:00:00,최대부하,220,1,429.0,107.25,23595.0
2026-09-22 17:15:00,최대부하,220,1,429.0,107.25,23595.0
2026-09-22 17:30:00,최대부하,220,1,429.0,107.25,23595.0
2026-09-22 17:45:00,최대부하,220,1,429.0,107.25,23595.0
2026-09-22 18:00:00,최대부하,220,1,429.0,107.25,23595.0
2026-09-22 18:15:00,최대부하,220,1,429.0,107.25,23595.0
2026-09-22 18:30:00,최대부하,220,1,429.0,107.25,23595.0
2026-09-22 18:45:00,최대부하,220,1,374.0,93.5,20570.0
2026-09-22 19:00:00,최대부하,220,1,272.0,68.0,14960.0
2026-09-22 19:15:00,최대부하,220,1,272.0,68.0,14960.0
2026-09-22 19:30:00,최대부하,220,1,272.0,68.0,14960.0
2026-09-22 19:45:00,최대부하,220,1,200.0,50.0,11000.0
2026-09-22 20:00:00,중간부하,140,0,272.0,68.0,9520.0
2026-09-22 20:15:00,중간부하,140,0,272.0,68.0,9520.0
2026-09-22 20:30:00,중간부하,140,0,272.0,68.0,9520.0
2026-09-22 20:45:00,중간부하,140,0,272.0,68.0,9520.0
2026-09-22 21:00:00,중간부하,140,0,127.0,31.75,4445.0
2026-09-22 21:15:00,중간부하,140,0,272.0,68.0,9520.0
2026-09-22 21:30:00,중간부하,140,0,272.0,68.0,9520.0
2026-09-22 21:45:00,중간부하,140,0,200.0,50.0,7000.0
2026-09-22 22:00:00,경부하,90,0,145.0,36.25,3262.5
2026-09-22 22:15:00,경부하,90,0,145.0,36.25,3262.5
2026-09-22 22:30:00,경부하,90,0,145.0,36.25,3262.5
2026-09-22 22:45:00,경부하,90,0,145.0,36.25,3262.5
2026-09-22 23:00:00,경부하,90,0,145.0,36.25,3262.5
2026-09-22 23:15:00,경부하,90,0,145.0,36.25,3262.5
2026-09-22 23:30:00,경부하,90,0,145.0,36.25,3262.5
2026-09-22 23:45:00,경부하,90,0,145.0,36.25,3262.5
2026-09-23 00:00:00,경부하,90,0,145.0,36.25,3262.5
2026-09-23 00:15:00,경부하,90,0,145.0,36.25,3262.5
2026-09-23 00:30:00,경부하,90,0,145.0,36.25,3262.5
2026-09-23 00:45:00,경부하,90,0,145.0,36.25,3262.5
2026-09-23 01:00:00,경부하,90,0,145.0,36.25,3262.5
2026-09-23 01:15:00,경부하,90,0,145.0,36.25,3262.5
2026-09-23 01:30:00,경부하,90,0,145.0,36.25,3262.5
2026-09-23 01:45:00,경부하,90,0,145.0,36.25,3262.5
2026-09-23 02:00:00,경부하,90,0,145.0,36.25,3262.5
2026-09-23 02:15:00,경부하,90,0,145.0,36.25,3262.5
2026-09-23 02:30:00,경부하,90,0,145.0,36.25,3262.5
2026-09-23 02:45:00,경부하,90,0,145.0,36.25,3262.5
2026-09-23 03:00:00,경부하,90,0,145.0,36.25,3262.5
2026-09-23 03:15:00,경부하,90,0,145.0,36.25,3262.5
2026-09-23 03:30:00,경부하,90,0,145.0,36.25,3262.5
2026-09-23 03:45:00,경부하,90,0,145.0,36.25,3262.5
2026-09-23 04:00:00,경부하,90,0,145.0,36.25,3262.5
2026-09-23 04:15:00,경부하,90,0,145.0,36.25,3262.5
2026-09-23 04:30:00,경부하,90,0,145.0,36.25,3262.5
2026-09-23 04:45:00,경부하,90,0,145.0,36.25,3262.5
2026-09-23 05:00:00,경부하,90,0,145.0,36.25,3262.5
2026-09-23 05:15:00,경부하,90,0,145.0,36.25,3262.5
2026-09-23 05:30:00,경부하,90,0,145.0,36.25,3262.5
2026-09-23 05:45:00,경부하,90,0,145.0,36.25,3262.5
2026-09-23 06:00:00,경부하,90,0,272.0,68.0,6120.0
2026-09-23 06:15:00,경부하,90,0,272.0,68.0,6120.0
2026-09-23 06:30:00,경부하,90,0,272.0,68.0,6120.0
2026-09-23 06:45:00,경부하,90,0,272.0,68.0,6120.0
2026-09-23 07:00:00,경부하,90,0,272.0,68.0,6120.0
2026-09-23 07:15:00,경부하,90,0,272.0,68.0,6120.0
2026-09-23 07:30:00,경부하,90,0,272.0,68.0,6120.0
2026-09-23 07:45:00,경부하,90,0,272.0,68.0,6120.0
2026-09-23 08:00:00,중간부하,140,0,304.0,76.0,10640.0
2026-09-23 08:15:00,중간부하,140,0,304.0,76.0,10640.0
2026-09-23 08:30:00,중간부하,140,0,304.0,76.0,10640.0
2026-09-23 08:45:00,중간부하,140,0,304.0,76.0,10640.0
2026-09-23 09:00:00,중간부하,140,0,304.0,76.0,10640.0
2026-09-23 09:15:00,중간부하,140,0,304.0,76.0,10640.0
2026-09-23 09:30:00,중간부하,140,0,304.0,76.0,10640.0
2026-09-23 09:45:00,중간부하,140,0,304.0,76.0,10640.0
2026-09-23 10:00:00,최대부하,220,1,304.0,76.0,16720.0
2026-09-23 10:15:00,최대부하,220,1,304.0,76.0,16720.0
2026-09-23 10:30:00,최대부하,220,1,304.0,76.0,16720.0
2026-09-23 10:45:00,최대부하,220,1,304.0,76.0,16720.0
2026-09-23 11:00:00,최대부하,220,1,232.0,58.0,12760.0
2026-09-23 11:15:00,최대부하,220,1,304.0,76.0,16720.0
2026-09-23 11:30:00,최대부하,220,1,304.0,76.0,16720.0
2026-09-23 11:45:00,최대부하,220,1,304.0,76.0,16720.0
2026-09-23 12:00:00,중간부하,140,0,429.0,107.25,15015.0
2026-09-23 12:15:00,중간부하,140,0,397.0,99.25,13895.0
2026-09-23 12:30:00,중간부하,140,0,397.0,99.25,13895.0
2026-09-23 12:45:00,중간부하,140,0,397.0,99.25,13895.0
2026-09-23 13:00:00,중간부하,140,0,397.0,99.25,13895.0
2026-09-23 13:15:00,중간부하,140,0,397.0,99.25,13895.0
2026-09-23 13:30:00,중간부하,140,0,397.0,99.25,13895.0
2026-09-23 13:45:00,중간부하,140,0,284.0,71.0,9940.0
2026-09-23 14:00:00,중간부하,140,0,284.0,71.0,9940.0
2026-09-23 14:15:00,중간부하,140,0,284.0,71.0,9940.0
2026-09-23 14:30:00,중간부하,140,0,397.0,99.25,13895.0
2026-09-23 14:45:00,중간부하,140,0,397.0,99.25,13895.0
2026-09-23 15:00:00,중간부하,140,0,397.0,99.25,13895.0
2026-09-23 15:15:00,중간부하,140,0,397.0,99.25,13895.0
2026-09-23 15:30:00,중간부하,140,0,397.0,99.25,13895.0
2026-09-23 15:45:00,중간부하,140,0,397.0,99.25,13895.0
2026-09-23 16:00:00,중간부하,140,0,397.0,99.25,13895.0
2026-09-23 16:15:00,중간부하,140,0,397.0,99.25,13895.0
2026-09-23 16:30:00,중간부하,140,0,397.0,99.25,13895.0
2026-09-23 16:45:00,중간부하,140,0,397.0,99.25,13895.0
2026-09-23 17:00:00,최대부하,220,1,304.0,76.0,16720.0
2026-09-23 17:15:00,최대부하,220,1,304.0,76.0,16720.0
2026-09-23 17:30:00,최대부하,220,1,304.0,76.0,16720.0
2026-09-23 17:45:00,최대부하,220,1,304.0,76.0,16720.0
2026-09-23 18:00:00,최대부하,220,1,304.0,76.0,16720.0
2026-09-23 18:15:00,최대부하,220,1,304.0,76.0,16720.0
2026-09-23 18:30:00,최대부하,220,1,304.0,76.0,16720.0
2026-09-23 18:45:00,최대부하,220,1,429.0,107.25,23595.0
2026-09-23 19:00:00,최대부하,220,1,429.0,107.25,23595.0
2026-09-23 19:15:00,최대부하,220,1,429.0,107.25,23595.0
2026-09-23 19:30:00,최대부하,220,1,397.0,99.25,21835.0
2026-09-23 19:45:00,최대부하,220,1,397.0,99.25,21835.0
2026-09-23 20:00:00,중간부하,140,0,397.0,99.25,13895.0
2026-09-23 20:15:00,중간부하,140,0,397.0,99.25,13895.0
2026-09-23 20:30:00,중간부하,140,0,397.0,99.25,13895.0
2026-09-23 20:45:00,중간부하,140,0,342.0,85.5,11970.0
2026-09-23 21:00:00,중간부하,140,0,342.0,85.5,11970.0
2026-09-23 21:15:00,중간부하,140,0,270.0,67.5,9450.0
2026-09-23 21:30:00,중간부하,140,0,145.0,36.25,5075.0
2026-09-23 21:45:00,중간부하,140,0,145.0,36.25,5075.0
2026-09-23 22:00:00,경부하,90,0,145.0,36.25,3262.5
2026-09-23 22:15:00,경부하,90,0,145.0,36.25,3262.5
2026-09-23 22:30:00,경부하,90,0,145.0,36.25,3262.5
2026-09-23 22:45:00,경부하,90,0,145.0,36.25,3262.5
2026-09-23 23:00:00,경부하,90,0,145.0,36.25,3262.5
2026-09-23 23:15:00,경부하,90,0,145.0,36.25,3262.5
2026-09-23 23:30:00,경부하,90,0,145.0,36.25,3262.5
2026-09-23 23:45:00,경부하,90,0,145.0,36.25,3262.5
2026-09-24 00:00:00,경부하,90,0,145.0,36.25,3262.5
2026-09-24 00:15:00,경부하,90,0,145.0,36.25,3262.5
2026-09-24 00:30:00,경부하,90,0,145.0,36.25,3262.5
2026-09-24 00:45:00,경부하,90,0,145.0,36.25,3262.5
2026-09-24 01:00:00,경부하,90,0,145.0,36.25,3262.5
2026-09-24 01:15:00,경부하,90,0,145.0,36.25,3262.5
2026-09-24 01:30:00,경부하,90,0,145.0,36.25,3262.5
2026-09-24 01:45:00,경부하,90,0,145.0,36.25,3262.5
2026-09-24 02:00:00,경부하,90,0,145.0,36.25,3262.5
2026-09-24 02:15:00,경부하,90,0,145.0,36.25,3262.5
2026-09-24 02:30:00,경부하,90,0,145.0,36.25,3262.5
2026-09-24 02:45:00,경부하,90,0,145.0,36.25,3262.5
2026-09-24 03:00:00,경부하,90,0,145.0,36.25,3262.5
2026-09-24 03:15:00,경부하,90,0,145.0,36.25,3262.5
2026-09-24 03:30:00,경부하,90,0,145.0,36.25,3262.5
2026-09-24 03:45:00,경부하,90,0,145.0,36.25,3262.5
2026-09-24 04:00:00,경부하,90,0,145.0,36.25,3262.5
2026-09-24 04:15:00,경부하,90,0,145.0,36.25,3262.5
2026-09-24 04:30:00,경부하,90,0,145.0,36.25,3262.5
2026-09-24 04:45:00,경부하,90,0,145.0,36.25,3262.5
2026-09-24 05:00:00,경부하,90,0,145.0,36.25,3262.5
2026-09-24 05:15:00,경부하,90,0,145.0,36.25,3262.5
2026-09-24 05:30:00,경부하,90,0,145.0,36.25,3262.5
2026-09-24 05:45:00,경부하,90,0,145.0,36.25,3262.5
2026-09-24 06:00:00,경부하,90,0,272.0,68.0,6120.0
2026-09-24 06:15:00,경부하,90,0,272.0,68.0,6120.0
2026-09-24 06:30:00,경부하,90,0,272.0,68.0,6120.0
2026-09-24 06:45:00,경부하,90,0,272.0,68.0,6120.0
2026-09-24 07:00:00,경부하,90,0,272.0,68.0,6120.0
2026-09-24 07:15:00,경부하,90,0,272.0,68.0,6120.0
2026-09-24 07:30:00,경부하,90,0,397.0,99.25,8932.5
2026-09-24 07:45:00,경부하,90,0,397.0,99.25,8932.5
2026-09-24 08:00:00,중간부하,140,0,429.0,107.25,15015.0
2026-09-24 08:15:00,중간부하,140,0,429.0,107.25,15015.0
2026-09-24 08:30:00,중간부하,140,0,429.0,107.25,15015.0
2026-09-24 08:45:00,중간부하,140,0,304.0,76.0,10640.0
2026-09-24 09:00:00,중간부하,140,0,304.0,76.0,10640.0
2026-09-24 09:15:00,중간부하,140,0,304.0,76.0,10640.0
2026-09-24 09:30:00,중간부하,140,0,304.0,76.0,10640.0
2026-09-24 09:45:00,중간부하,140,0,304.0,76.0,10640.0
2026-09-24 10:00:00,최대부하,220,1,249.0,62.25,13695.0
2026-09-24 10:15:00,최대부하,220,1,249.0,62.25,13695.0
2026-09-24 10:30:00,최대부하,220,1,249.0,62.25,13695.0
2026-09-24 10:45:00,최대부하,220,1,249.0,62.25,13695.0
2026-09-24 11:00:00,최대부하,220,1,249.0,62.25,13695.0
2026-09-24 11:15:00,최대부하,220,1,304.0,76.0,16720.0
2026-09-24 11:30:00,최대부하,220,1,304.0,76.0,16720.0
2026-09-24 11:45:00,최대부하,220,1,429.0,107.25,23595.0
2026-09-24 12:00:00,중간부하,140,0,429.0,107.25,15015.0
2026-09-24 12:15:00,중간부하,140,0,429.0,107.25,15015.0
2026-09-24 12:30:00,중간부하,140,0,429.0,107.25,15015.0
2026-09-24 12:45:00,중간부하,140,0,429.0,107.25,15015.0
2026-09-24 13:00:00,중간부하,140,0,429.0,107.25,15015.0
2026-09-24 13:15:00,중간부하,140,0,429.0,107.25,15015.0
2026-09-24 13:30:00,중간부하,140,0,429.0,107.25,15015.0
2026-09-24 13:45:00,중간부하,140,0,429.0,107.25,15015.0
2026-09-24 14:00:00,중간부하,140,0,374.0,93.5,13090.0
2026-09-24 14:15:00,중간부하,140,0,374.0,93.5,13090.0
2026-09-24 14:30:00,중간부하,140,0,374.0,93.5,13090.0
2026-09-24 14:45:00,중간부하,140,0,374.0,93.5,13090.0
2026-09-24 15:00:00,중간부하,140,0,429.0,107.25,15015.0
2026-09-24 15:15:00,중간부하,140,0,397.0,99.25,13895.0
2026-09-24 15:30:00,중간부하,140,0,397.0,99.25,13895.0
2026-09-24 15:45:00,중간부하,140,0,397.0,99.25,13895.0
2026-09-24 16:00:00,중간부하,140,0,397.0,99.25,13895.0
2026-09-24 16:15:00,중간부하,140,0,397.0,99.25,13895.0
2026-09-24 16:30:00,중간부하,140,0,397.0,99.25,13895.0
2026-09-24 16:45:00,중간부하,140,0,397.0,99.25,13895.0
2026-09-24 17:00:00,최대부하,220,1,304.0,76.0,16720.0
2026-09-24 17:15:00,최대부하,220,1,304.0,76.0,16720.0
2026-09-24 17:30:00,최대부하,220,1,304.0,76.0,16720.0
2026-09-24 17:45:00,최대부하,220,1,304.0,76.0,16720.0
2026-09-24 18:00:00,최대부하,220,1,159.0,39.75,8745.0
2026-09-24 18:15:00,최대부하,220,1,159.0,39.75,8745.0
2026-09-24 18:30:00,최대부하,220,1,284.0,71.0,15620.0
2026-09-24 18:45:00,최대부하,220,1,284.0,71.0,15620.0
2026-09-24 19:00:00,최대부하,220,1,284.0,71.0,15620.0
2026-09-24 19:15:00,최대부하,220,1,284.0,71.0,15620.0
2026-09-24 19:30:00,최대부하,220,1,229.0,57.25,12595.0
2026-09-24 19:45:00,최대부하,220,1,197.0,49.25,10835.0
2026-09-24 20:00:00,중간부하,140,0,397.0,99.25,13895.0
2026-09-24 20:15:00,중간부하,140,0,397.0,99.25,13895.0
2026-09-24 20:30:00,중간부하,140,0,397.0,99.25,13895.0
2026-09-24 20:45:00,중간부하,140,0,397.0,99.25,13895.0
2026-09-24 21:00:00,중간부하,140,0,397.0,99.25,13895.0
2026-09-24 21:15:00,중간부하,140,0,397.0,99.25,13895.0
2026-09-24 21:30:00,중간부하,140,0,325.0,81.25,11375.0
2026-09-24 21:45:00,중간부하,140,0,325.0,81.25,11375.0
2026-09-24 22:00:00,경부하,90,0,145.0,36.25,3262.5
2026-09-24 22:15:00,경부하,90,0,145.0,36.25,3262.5
2026-09-24 22:30:00,경부하,90,0,145.0,36.25,3262.5
2026-09-24 22:45:00,경부하,90,0,145.0,36.25,3262.5
2026-09-24 23:00:00,경부하,90,0,145.0,36.25,3262.5
2026-09-24 23:15:00,경부하,90,0,145.0,36.25,3262.5
2026-09-24 23:30:00,경부하,90,0,145.0,36.25,3262.5
2026-09-24 23:45:00,경부하,90,0,145.0,36.25,3262.5
2026-09-25 00:00:00,경부하,90,0,145.0,36.25,3262.5
2026-09-25 00:15:00,경부하,90,0,145.0,36.25,3262.5
2026-09-25 00:30:00,경부하,90,0,145.0,36.25,3262.5
2026-09-25 00:45:00,경부하,90,0,145.0,36.25,3262.5
2026-09-25 01:00:00,경부하,90,0,145.0,36.25,3262.5
2026-09-25 01:15:00,경부하,90,0,145.0,36.25,3262.5
2026-09-25 01:30:00,경부하,90,0,145.0,36.25,3262.5
2026-09-25 01:45:00,경부하,90,0,145.0,36.25,3262.5
2026-09-25 02:00:00,경부하,90,0,145.0,36.25,3262.5
2026-09-25 02:15:00,경부하,90,0,145.0,36.25,3262.5
2026-09-25 02:30:00,경부하,90,0,145.0,36.25,3262.5
2026-09-25 02:45:00,경부하,90,0,145.0,36.25,3262.5
2026-09-25 03:00:00,경부하,90,0,145.0,36.25,3262.5
2026-09-25 03:15:00,경부하,90,0,145.0,36.25,3262.5
2026-09-25 03:30:00,경부하,90,0,145.0,36.25,3262.5
2026-09-25 03:45:00,경부하,90,0,145.0,36.25,3262.5
2026-09-25 04:00:00,경부하,90,0,145.0,36.25,3262.5
2026-09-25 04:15:00,경부하,90,0,145.0,36.25,3262.5
2026-09-25 04:30:00,경부하,90,0,145.0,36.25,3262.5
2026-09-25 04:45:00,경부하,90,0,145.0,36.25,3262.5
2026-09-25 05:00:00,경부하,90,0,145.0,36.25,3262.5
2026-09-25 05:15:00,경부하,90,0,145.0,36.25,3262.5
2026-09-25 05:30:00,경부하,90,0,145.0,36.25,3262.5
2026-09-25 05:45:00,경부하,90,0,145.0,36.25,3262.5
2026-09-25 06:00:00,경부하,90,0,397.0,99.25,8932.5
2026-09-25 06:15:00,경부하,90,0,397.0,99.25,8932.5
2026-09-25 06:30:00,경부하,90,0,397.0,99.25,8932.5
2026-09-25 06:45:00,경부하,90,0,397.0,99.25,8932.5
2026-09-25 07:00:00,경부하,90,0,397.0,99.25,8932.5
2026-09-25 07:15:00,경부하,90,0,397.0,99.25,8932.5
2026-09-25 07:30:00,경부하,90,0,397.0,99.25,8932.5
2026-09-25 07:45:00,경부하,90,0,397.0,99.25,8932.5
2026-09-25 08:00:00,중간부하,140,0,429.0,107.25,15015.0
2026-09-25 08:15:00,중간부하,140,0,429.0,107.25,15015.0
2026-09-25 08:30:00,중간부하,140,0,429.0,107.25,15015.0
2026-09-25 08:45:00,중간부하,140,0,429.0,107.25,15015.0
2026-09-25 09:00:00,중간부하,140,0,304.0,76.0,10640.0
2026-09-25 09:15:00,중간부하,140,0,304.0,76.0,10640.0
2026-09-25 09:30:00,중간부하,140,0,304.0,76.0,10640.0
2026-09-25 09:45:00,중간부하,140,0,304.0,76.0,10640.0
2026-09-25 10:00:00,최대부하,220,1,304.0,76.0,16720.0
2026-09-25 10:15:00,최대부하,220,1,304.0,76.0,16720.0
2026-09-25 10:30:00,최대부하,220,1,304.0,76.0,16720.0
2026-09-25 10:45:00,최대부하,220,1,304.0,76.0,16720.0
2026-09-25 11:00:00,최대부하,220,1,304.0,76.0,16720.0
2026-09-25 11:15:00,최대부하,220,1,304.0,76.0,16720.0
2026-09-25 11:30:00,최대부하,220,1,304.0,76.0,16720.0
2026-09-25 11:45:00,최대부하,220,1,304.0,76.0,16720.0
2026-09-25 12:00:00,중간부하,140,0,304.0,76.0,10640.0
2026-09-25 12:15:00,중간부하,140,0,304.0,76.0,10640.0
2026-09-25 12:30:00,중간부하,140,0,272.0,68.0,9520.0
2026-09-25 12:45:00,중간부하,140,0,397.0,99.25,13895.0
2026-09-25 13:00:00,중간부하,140,0,397.0,99.25,13895.0
2026-09-25 13:15:00,중간부하,140,0,342.0,85.5,11970.0
2026-09-25 13:30:00,중간부하,140,0,342.0,85.5,11970.0
2026-09-25 13:45:00,중간부하,140,0,342.0,85.5,11970.0
2026-09-25 14:00:00,중간부하,140,0,342.0,85.5,11970.0
2026-09-25 14:15:00,중간부하,140,0,397.0,99.25,13895.0
2026-09-25 14:30:00,중간부하,140,0,397.0,99.25,13895.0
2026-09-25 14:45:00,중간부하,140,0,397.0,99.25,13895.0
2026-09-25 15:00:00,중간부하,140,0,397.0,99.25,13895.0
2026-09-25 15:15:00,중간부하,140,0,397.0,99.25,13895.0
2026-09-25 15:30:00,중간부하,140,0,397.0,99.25,13895.0
2026-09-25 15:45:00,중간부하,140,0,397.0,99.25,13895.0
2026-09-25 16:00:00,중간부하,140,0,397.0,99.25,13895.0
2026-09-25 16:15:00,중간부하,140,0,397.0,99.25,13895.0
2026-09-25 16:30:00,중간부하,140,0,397.0,99.25,13895.0
2026-09-25 16:45:00,중간부하,140,0,397.0,99.25,13895.0
2026-09-25 17:00:00,최대부하,220,1,304.0,76.0,16720.0
2026-09-25 17:15:00,최대부하,220,1,304.0,76.0,16720.0
2026-09-25 17:30:00,최대부하,220,1,304.0,76.0,16720.0
2026-09-25 17:45:00,최대부하,220,1,304.0,76.0,16720.0
2026-09-25 18:00:00,최대부하,220,1,304.0,76.0,16720.0
2026-09-25 18:15:00,최대부하,220,1,304.0,76.0,16720.0
2026-09-25 18:30:00,최대부하,220,1,304.0,76.0,16720.0
2026-09-25 18:45:00,최대부하,220,1,304.0,76.0,16720.0
2026-09-25 19:00:00,최대부하,220,1,304.0,76.0,16720.0
2026-09-25 19:15:00,최대부하,220,1,304.0,76.0,16720.0
2026-09-25 19:30:00,최대부하,220,1,272.0,68.0,14960.0
2026-09-25 19:45:00,최대부하,220,1,272.0,68.0,14960.0
2026-09-25 20:00:00,중간부하,140,0,272.0,68.0,9520.0
2026-09-25 20:15:00,중간부하,140,0,272.0,68.0,9520.0
2026-09-25 20:30:00,중간부하,140,0,272.0,68.0,9520.0
2026-09-25 20:45:00,중간부하,140,0,200.0,50.0,7000.0
2026-09-25 21:00:00,중간부하,140,0,200.0,50.0,7000.0
2026-09-25 21:15:00,중간부하,140,0,200.0,50.0,7000.0
2026-09-25 21:30:00,중간부하,140,0,200.0,50.0,7000.0
2026-09-25 21:45:00,중간부하,140,0,200.0,50.0,7000.0
2026-09-25 22:00:00,경부하,90,0,145.0,36.25,3262.5
2026-09-25 22:15:00,경부하,90,0,145.0,36.25,3262.5
2026-09-25 22:30:00,경부하,90,0,145.0,36.25,3262.5
2026-09-25 22:45:00,경부하,90,0,145.0,36.25,3262.5
2026-09-25 23:00:00,경부하,90,0,145.0,36.25,3262.5
2026-09-25 23:15:00,경부하,90,0,145.0,36.25,3262.5
2026-09-25 23:30:00,경부하,90,0,145.0,36.25,3262.5
2026-09-25 23:45:00,경부하,90,0,145.0,36.25,3262.5
2026-09-26 00:00:00,경부하,76,0,145.0,36.25,2755.0
2026-09-26 00:15:00,경부하,76,0,145.0,36.25,2755.0
2026-09-26 00:30:00,경부하,76,0,145.0,36.25,2755.0
2026-09-26 00:45:00,경부하,76,0,145.0,36.25,2755.0
2026-09-26 01:00:00,경부하,76,0,145.0,36.25,2755.0
2026-09-26 01:15:00,경부하,76,0,145.0,36.25,2755.0
2026-09-26 01:30:00,경부하,76,0,145.0,36.25,2755.0
2026-09-26 01:45:00,경부하,76,0,145.0,36.25,2755.0
2026-09-26 02:00:00,경부하,76,0,145.0,36.25,2755.0
2026-09-26 02:15:00,경부하,76,0,145.0,36.25,2755.0
2026-09-26 02:30:00,경부하,76,0,145.0,36.25,2755.0
2026-09-26 02:45:00,경부하,76,0,145.0,36.25,2755.0
2026-09-26 03:00:00,경부하,76,0,145.0,36.25,2755.0
2026-09-26 03:15:00,경부하,76,0,145.0,36.25,2755.0
2026-09-26 03:30:00,경부하,76,0,145.0,36.25,2755.0
2026-09-26 03:45:00,경부하,76,0,145.0,36.25,2755.0
2026-09-26 04:00:00,경부하,76,0,145.0,36.25,2755.0
2026-09-26 04:15:00,경부하,76,0,145.0,36.25,2755.0
2026-09-26 04:30:00,경부하,76,0,145.0,36.25,2755.0
2026-09-26 04:45:00,경부하,76,0,145.0,36.25,2755.0
2026-09-26 05:00:00,경부하,76,0,145.0,36.25,2755.0
2026-09-26 05:15:00,경부하,76,0,145.0,36.25,2755.0
2026-09-26 05:30:00,경부하,76,0,145.0,36.25,2755.0
2026-09-26 05:45:00,경부하,76,0,145.0,36.25,2755.0
2026-09-26 06:00:00,경부하,76,0,397.0,99.25,7543.0
2026-09-26 06:15:00,경부하,76,0,397.0,99.25,7543.0
2026-09-26 06:30:00,경부하,76,0,397.0,99.25,7543.0
2026-09-26 06:45:00,경부하,76,0,397.0,99.25,7543.0
2026-09-26 07:00:00,경부하,76,0,397.0,99.25,7543.0
2026-09-26 07:15:00,경부하,76,0,397.0,99.25,7543.0
2026-09-26 07:30:00,경부하,76,0,397.0,99.25,7543.0
2026-09-26 07:45:00,경부하,76,0,397.0,99.25,7543.0
2026-09-26 08:00:00,중간부하,119,0,429.0,107.25,12762.75
2026-09-26 08:15:00,중간부하,119,0,429.0,107.25,12762.75
2026-09-26 08:30:00,중간부하,119,0,429.0,107.25,12762.75
2026-09-26 08:45:00,중간부하,119,0,429.0,107.25,12762.75
2026-09-26 09:00:00,중간부하,119,0,429.0,107.25,12762.75
2026-09-26 09:15:00,중간부하,119,0,429.0,107.25,12762.75
2026-09-26 09:30:00,중간부하,119,0,429.0,107.25,12762.75
2026-09-26 09:45:00,중간부하,119,0,429.0,107.25,12762.75
2026-09-26 10:00:00,최대부하,187,1,397.0,99.25,18559.75
2026-09-26 10:15:00,최대부하,187,1,397.0,99.25,18559.75
2026-09-26 10:30:00,최대부하,187,1,429.0,107.25,20055.75
2026-09-26 10:45:00,최대부하,187,1,429.0,107.25,20055.75
2026-09-26 11:00:00,최대부하,187,1,429.0,107.25,20055.75
2026-09-26 11:15:00,최대부하,187,1,429.0,107.25,20055.75
2026-09-26 11:30:00,최대부하,187,1,429.0,107.25,20055.75
2026-09-26 11:45:00,최대부하,187,1,429.0,107.25,20055.75
2026-09-26 12:00:00,중간부하,119,0,429.0,107.25,12762.75
2026-09-26 12:15:00,중간부하,119,0,429.0,107.25,12762.75
2026-09-26 12:30:00,중간부하,119,0,429.0,107.25,12762.75
2026-09-26 12:45:00,중간부하,119,0,397.0,99.25,11810.75
2026-09-26 13:00:00,중간부하,119,0,397.0,99.25,11810.75
2026-09-26 13:15:00,중간부하,119,0,397.0,99.25,11810.75
2026-09-26 13:30:00,중간부하,119,0,397.0,99.25,11810.75
2026-09-26 13:45:00,중간부하,119,0,397.0,99.25,11810.75
2026-09-26 14:00:00,중간부하,119,0,397.0,99.25,11810.75
2026-09-26 14:15:00,중간부하,119,0,397.0,99.25,11810.75
2026-09-26 14:30:00,중간부하,119,0,397.0,99.25,11810.75
2026-09-26 14:45:00,중간부하,119,0,397.0,99.25,11810.75
2026-09-26 15:00:00,중간부하,119,0,429.0,107.25,12762.75
2026-09-26 15:15:00,중간부하,119,0,429.0,107.25,12762.75
2026-09-26 15:30:00,중간부하,119,0,429.0,107.25,12762.75
2026-09-26 15:45:00,중간부하,119,0,429.0,107.25,12762.75
2026-09-26 16:00:00,중간부하,119,0,429.0,107.25,12762.75
2026-09-26 16:15:00,중간부하,119,0,429.0,107.25,12762.75
2026-09-26 16:30:00,중간부하,119,0,429.0,107.25,12762.75
2026-09-26 16:45:00,중간부하,119,0,429.0,107.25,12762.75
2026-09-26 17:00:00,최대부하,187,1,429.0,107.25,20055.75
2026-09-26 17:15:00,최대부하,187,1,397.0,99.25,18559.75
2026-09-26 17:30:00,최대부하,187,1,397.0,99.25,18559.75
2026-09-26 17:45:00,최대부하,187,1,397.0,99.25,18559.75
2026-09-26 18:00:00,최대부하,187,1,397.0,99.25,18559.75
2026-09-26 18:15:00,최대부하,187,1,397.0,99.25,18559.75
2026-09-26 18:30:00,최대부하,187,1,284.0,71.0,13277.0
2026-09-26 18:45:00,최대부하,187,1,284.0,71.0,13277.0
2026-09-26 19:00:00,최대부하,187,1,284.0,71.0,13277.0
2026-09-26 19:15:00,최대부하,187,1,429.0,107.25,20055.75
2026-09-26 19:30:00,최대부하,187,1,304.0,76.0,14212.0
2026-09-26 19:45:00,최대부하,187,1,272.0,68.0,12716.0
2026-09-26 20:00:00,중간부하,119,0,272.0,68.0,8092.0
2026-09-26 20:15:00,중간부하,119,0,272.0,68.0,8092.0
2026-09-26 20:30:00,중간부하,119,0,272.0,68.0,8092.0
2026-09-26 20:45:00,중간부하,119,0,217.0,54.25,6455.75
2026-09-26 21:00:00,중간부하,119,0,217.0,54.25,6455.75
2026-09-26 21:15:00,중간부하,119,0,217.0,54.25,6455.75
2026-09-26 21:30:00,중간부하,119,0,217.0,54.25,6455.75
2026-09-26 21:45:00,중간부하,119,0,217.0,54.25,6455.75
2026-09-26 22:00:00,경부하,76,0,145.0,36.25,2755.0
2026-09-26 22:15:00,경부하,76,0,145.0,36.25,2755.0
2026-09-26 22:30:00,경부하,76,0,145.0,36.25,2755.0
2026-09-26 22:45:00,경부하,76,0,145.0,36.25,2755.0
2026-09-26 23:00:00,경부하,76,0,145.0,36.25,2755.0
2026-09-26 23:15:00,경부하,76,0,145.0,36.25,2755.0
2026-09-26 23:30:00,경부하,76,0,145.0,36.25,2755.0
2026-09-26 23:45:00,경부하,76,0,145.0,36.25,2755.0
2026-09-27 00:00:00,경부하,76,0,145.0,36.25,2755.0
2026-09-27 00:15:00,경부하,76,0,145.0,36.25,2755.0
2026-09-27 00:30:00,경부하,76,0,145.0,36.25,2755.0
2026-09-27 00:45:00,경부하,76,0,145.0,36.25,2755.0
2026-09-27 01:00:00,경부하,76,0,145.0,36.25,2755.0
2026-09-27 01:15:00,경부하,76,0,145.0,36.25,2755.0
2026-09-27 01:30:00,경부하,76,0,145.0,36.25,2755.0
2026-09-27 01:45:00,경부하,76,0,145.0,36.25,2755.0
2026-09-27 02:00:00,경부하,76,0,145.0,36.25,2755.0
2026-09-27 02:15:00,경부하,76,0,145.0,36.25,2755.0
2026-09-27 02:30:00,경부하,76,0,145.0,36.25,2755.0
2026-09-27 02:45:00,경부하,76,0,145.0,36.25,2755.0
2026-09-27 03:00:00,경부하,76,0,145.0,36.25,2755.0
2026-09-27 03:15:00,경부하,76,0,145.0,36.25,2755.0
2026-09-27 03:30:00,경부하,76,0,145.0,36.25,2755.0
2026-09-27 03:45:00,경부하,76,0,145.0,36.25,2755.0
2026-09-27 04:00:00,경부하,76,0,145.0,36.25,2755.0
2026-09-27 04:15:00,경부하,76,0,145.0,36.25,2755.0
2026-09-27 04:30:00,경부하,76,0,145.0,36.25,2755.0
2026-09-27 04:45:00,경부하,76,0,145.0,36.25,2755.0
2026-09-27 05:00:00,경부하,76,0,145.0,36.25,2755.0
2026-09-27 05:15:00,경부하,76,0,145.0,36.25,2755.0
2026-09-27 05:30:00,경부하,76,0,145.0,36.25,2755.0
2026-09-27 05:45:00,경부하,76,0,145.0,36.25,2755.0
2026-09-27 06:00:00,경부하,76,0,397.0,99.25,7543.0
2026-09-27 06:15:00,경부하,76,0,397.0,99.25,7543.0
2026-09-27 06:30:00,경부하,76,0,397.0,99.25,7543.0
2026-09-27 06:45:00,경부하,76,0,397.0,99.25,7543.0
2026-09-27 07:00:00,경부하,76,0,397.0,99.25,7543.0
2026-09-27 07:15:00,경부하,76,0,397.0,99.25,7543.0
2026-09-27 07:30:00,경부하,76,0,397.0,99.25,7543.0
2026-09-27 07:45:00,경부하,76,0,397.0,99.25,7543.0
2026-09-27 08:00:00,중간부하,119,0,429.0,107.25,12762.75
2026-09-27 08:15:00,중간부하,119,0,429.0,107.25,12762.75
2026-09-27 08:30:00,중간부하,119,0,429.0,107.25,12762.75
2026-09-27 08:45:00,중간부하,119,0,429.0,107.25,12762.75
2026-09-27 09:00:00,중간부하,119,0,284.0,71.0,8449.0
2026-09-27 09:15:00,중간부하,119,0,284.0,71.0,8449.0
2026-09-27 09:30:00,중간부하,119,0,159.0,39.75,4730.25
2026-09-27 09:45:00,중간부하,119,0,159.0,39.75,4730.25
2026-09-27 10:00:00,최대부하,187,1,159.0,39.75,7433.25
2026-09-27 10:15:00,최대부하,187,1,159.0,39.75,7433.25
2026-09-27 10:30:00,최대부하,187,1,304.0,76.0,14212.0
2026-09-27 10:45:00,최대부하,187,1,304.0,76.0,14212.0
2026-09-27 11:00:00,최대부하,187,1,304.0,76.0,14212.0
2026-09-27 11:15:00,최대부하,187,1,304.0,76.0,14212.0
2026-09-27 11:30:00,최대부하,187,1,304.0,76.0,14212.0
2026-09-27 11:45:00,최대부하,187,1,304.0,76.0,14212.0
2026-09-27 12:00:00,중간부하,119,0,304.0,76.0,9044.0
2026-09-27 12:15:00,중간부하,119,0,304.0,76.0,9044.0
2026-09-27 12:30:00,중간부하,119,0,304.0,76.0,9044.0
2026-09-27 12:45:00,중간부하,119,0,304.0,76.0,9044.0
2026-09-27 13:00:00,중간부하,119,0,304.0,76.0,9044.0
2026-09-27 13:15:00,중간부하,119,0,304.0,76.0,9044.0
2026-09-27 13:30:00,중간부하,119,0,304.0,76.0,9044.0
2026-09-27 13:45:00,중간부하,119,0,304.0,76.0,9044.0
2026-09-27 14:00:00,중간부하,119,0,304.0,76.0,9044.0
2026-09-27 14:15:00,중간부하,119,0,304.0,76.0,9044.0
2026-09-27 14:30:00,중간부하,119,0,304.0,76.0,9044.0
2026-09-27 14:45:00,중간부하,119,0,272.0,68.0,8092.0
2026-09-27 15:00:00,중간부하,119,0,397.0,99.25,11810.75
2026-09-27 15:15:00,중간부하,119,0,397.0,99.25,11810.75
2026-09-27 15:30:00,중간부하,119,0,397.0,99.25,11810.75
2026-09-27 15:45:00,중간부하,119,0,397.0,99.25,11810.75
2026-09-27 16:00:00,중간부하,119,0,397.0,99.25,11810.75
2026-09-27 16:15:00,중간부하,119,0,397.0,99.25,11810.75
2026-09-27 16:30:00,중간부하,119,0,397.0,99.25,11810.75
2026-09-27 16:45:00,중간부하,119,0,397.0,99.25,11810.75
2026-09-27 17:00:00,최대부하,187,1,397.0,99.25,18559.75
2026-09-27 17:15:00,최대부하,187,1,397.0,99.25,18559.75
2026-09-27 17:30:00,최대부하,187,1,397.0,99.25,18559.75
2026-09-27 17:45:00,최대부하,187,1,397.0,99.25,18559.75
2026-09-27 18:00:00,최대부하,187,1,397.0,99.25,18559.75
2026-09-27 18:15:00,최대부하,187,1,397.0,99.25,18559.75
2026-09-27 18:30:00,최대부하,187,1,397.0,99.25,18559.75
2026-09-27 18:45:00,최대부하,187,1,272.0,68.0,12716.0
2026-09-27 19:00:00,최대부하,187,1,272.0,68.0,12716.0
2026-09-27 19:15:00,최대부하,187,1,272.0,68.0,12716.0
2026-09-27 19:30:00,최대부하,187,1,272.0,68.0,12716.0
2026-09-27 19:45:00,최대부하,187,1,272.0,68.0,12716.0
2026-09-27 20:00:00,중간부하,119,0,272.0,68.0,8092.0
2026-09-27 20:15:00,중간부하,119,0,272.0,68.0,8092.0
2026-09-27 20:30:00,중간부하,119,0,272.0,68.0,8092.0
2026-09-27 20:45:00,중간부하,119,0,272.0,68.0,8092.0
2026-09-27 21:00:00,중간부하,119,0,272.0,68.0,8092.0
2026-09-27 21:15:00,중간부하,119,0,272.0,68.0,8092.0
2026-09-27 21:30:00,중간부하,119,0,200.0,50.0,5950.0
2026-09-27 21:45:00,중간부하,119,0,145.0,36.25,4313.75
2026-09-27 22:00:00,경부하,76,0,145.0,36.25,2755.0
2026-09-27 22:15:00,경부하,76,0,145.0,36.25,2755.0
2026-09-27 22:30:00,경부하,76,0,145.0,36.25,2755.0
2026-09-27 22:45:00,경부하,76,0,145.0,36.25,2755.0
2026-09-27 23:00:00,경부하,76,0,145.0,36.25,2755.0
2026-09-27 23:15:00,경부하,76,0,145.0,36.25,2755.0
2026-09-27 23:30:00,경부하,76,0,145.0,36.25,2755.0
2026-09-27 23:45:00,경부하,76,0,145.0,36.25,2755.0
