job_id,product_type,quantity,priority,due_time,process_step,process_id,machine_id,load_type,start_time,end_time,setup_time_min,processing_time_min,total_time_min,energy_kWh_est,energy_cost_est,peak_overlap_slots,co2_kg_est,slack_before_operation_min,slack_policy_mode,candidate_score
J027,A,106,1,2026-09-22 03:00:00,1,A-CUT,M01,Medium,2026-09-21 06:00:00,2026-09-21 07:30:00,0,90,90,108.0,9720.0,0,48.6,1530.0,normal_energy,13434.3
J027,A,106,1,2026-09-22 03:00:00,2,A-PRS,M04,Maximum,2026-09-21 07:30:00,2026-09-21 09:45:00,0,135,135,281.25,36250.0,0,168.75,1035.0,limited_energy,36361.375
J027,A,106,1,2026-09-22 03:00:00,3,A-INS,M05,Light,2026-09-21 12:00:00,2026-09-21 13:15:00,0,75,75,40.0,5600.0,0,14.0,960.0,limited_energy,6999.0
J034,C,264,2,2026-09-23 03:00:00,1,C-ASM,M02,Medium,2026-09-21 06:00:00,2026-09-21 10:30:00,0,270,270,247.5,31350.0,2,111.375,2730.0,normal_energy,35919.688
J034,C,264,2,2026-09-23 03:00:00,2,C-HT,M03,Maximum,2026-09-21 22:00:00,2026-09-22 04:45:00,0,405,405,978.75,88087.5,0,587.25,2025.0,active_peak_avoid,95500.125
J034,C,264,2,2026-09-23 03:00:00,3,C-INS,M05,Light,2026-09-22 08:00:00,2026-09-22 10:55:00,10,165,175,97.6,16224.0,4,34.16,1160.0,limited_energy,19745.08
J070,B,152,3,2026-09-23 08:15:00,1,B-CUT,M01,Medium,2026-09-22 07:15:00,2026-09-22 09:35:00,20,120,140,169.2,21528.0,0,76.14,1360.0,limited_energy,21754.07
J070,B,152,3,2026-09-23 08:15:00,2,B-HT,M03,Maximum,2026-09-22 12:00:00,2026-09-22 16:35:00,35,240,275,638.0,89320.0,0,382.8,1085.0,limited_energy,91325.4
J070,B,152,3,2026-09-23 08:15:00,3,B-ASM,M02,Medium,2026-09-22 19:00:00,2026-09-22 22:00:00,15,165,180,154.0,25080.0,4,69.3,760.0,limited_energy,29549.65
J052,C,298,2,2026-09-23 08:30:00,1,C-ASM,M02,Medium,2026-09-21 11:45:00,2026-09-21 17:00:00,15,300,315,277.75,39105.0,1,124.987,2745.0,normal_energy,43875.494
J052,C,298,2,2026-09-23 08:30:00,2,C-HT,M03,Maximum,2026-09-22 16:45:00,2026-09-23 00:50:00,35,450,485,1145.5,171680.0,13,687.3,1885.0,active_peak_avoid,205135.65
J052,C,298,2,2026-09-23 08:30:00,3,C-INS,M05,Light,2026-09-23 08:00:00,2026-09-23 11:00:00,0,180,180,96.0,16000.0,4,33.6,280.0,urgent_fast,845580.0
J008,A,219,3,2026-09-23 08:30:00,1,A-CUT,M01,Medium,2026-09-22 11:15:00,2026-09-22 14:20:00,20,165,185,223.2,34704.0,4,100.44,1435.0,limited_energy,41270.22
J008,A,219,3,2026-09-23 08:30:00,2,A-PRS,M04,Maximum,2026-09-22 14:30:00,2026-09-22 19:00:00,0,270,270,562.5,98750.0,8,337.5,820.0,limited_energy,110274.75
J008,A,219,3,2026-09-23 08:30:00,3,A-INS,M05,Light,2026-09-23 11:00:00,2026-09-23 13:25:00,10,135,145,81.6,14112.0,5,28.56,665.0,limited_energy,1500777.28
J018,B,187,2,2026-09-23 14:30:00,1,B-CUT,M01,Medium,2026-09-22 14:30:00,2026-09-22 17:20:00,20,150,170,205.2,31608.0,2,92.34,1510.0,normal_energy,35696.17
J018,B,187,2,2026-09-23 14:30:00,2,B-HT,M03,Maximum,2026-09-23 01:00:00,2026-09-23 06:20:00,35,285,320,746.75,67207.5,0,448.05,950.0,limited_energy,72467.525
J018,B,187,2,2026-09-23 14:30:00,3,B-ASM,M02,Medium,2026-09-23 06:30:00,2026-09-23 10:00:00,15,195,210,181.5,21835.0,0,81.675,280.0,urgent_fast,8687.0
J022,C,274,3,2026-09-23 18:15:00,1,C-ASM,M02,Medium,2026-09-23 10:00:00,2026-09-23 15:00:00,15,285,300,264.0,44880.0,8,118.8,1320.0,limited_energy,62194.4
J022,C,274,3,2026-09-23 18:15:00,2,C-HT,M03,Maximum,2026-09-23 15:00:00,2026-09-23 22:35:00,35,420,455,1073.0,179582.5,12,643.8,-260.0,late_risk_fast,1344106.5
J022,C,274,3,2026-09-23 18:15:00,3,C-INS,M05,Light,2026-09-24 08:00:00,2026-09-24 10:55:00,10,165,175,97.6,16224.0,4,34.16,-435.0,late_risk_fast,5124004.8
J016,A,62,2,2026-09-23 20:15:00,1,A-CUT,M01,Medium,2026-09-21 14:15:00,2026-09-21 15:35:00,20,60,80,97.2,13608.0,0,43.74,3160.0,normal_energy,13805.87
J016,A,62,2,2026-09-23 20:15:00,2,A-PRS,M04,Maximum,2026-09-21 15:45:00,2026-09-21 17:00:00,0,75,75,156.25,21875.0,0,93.75,3085.0,active_peak_avoid,22038.875
J016,A,62,2,2026-09-23 20:15:00,3,A-INS,M05,Light,2026-09-21 17:00:00,2026-09-21 17:55:00,10,45,55,33.6,7392.0,5,11.76,3020.0,normal_energy,9238.88
J037,B,98,1,2026-09-23 21:15:00,1,B-CUT,M01,Medium,2026-09-22 20:00:00,2026-09-22 21:35:00,20,75,95,115.2,16128.0,0,51.84,1825.0,normal_energy,20463.92
J037,B,98,1,2026-09-23 21:15:00,2,B-HT,M03,Maximum,2026-09-23 06:30:00,2026-09-23 09:35:00,35,150,185,420.5,50532.5,0,252.3,1235.0,limited_energy,56432.65
J037,B,98,1,2026-09-23 21:15:00,3,B-ASM,M02,Medium,2026-09-23 15:00:00,2026-09-23 17:00:00,15,105,120,99.0,13860.0,0,44.55,580.0,limited_energy,17341.275
J042,B,167,2,2026-09-23 23:00:00,1,B-CUT,M01,Medium,2026-09-22 17:30:00,2026-09-22 19:45:00,0,135,135,162.0,35640.0,9,72.9,1725.0,normal_energy,42921.45
J042,B,167,2,2026-09-23 23:00:00,2,B-HT,M03,Maximum,2026-09-23 09:45:00,2026-09-23 14:00:00,0,255,255,616.25,109475.0,8,369.75,1380.0,limited_energy,129478.875
J042,B,167,2,2026-09-23 23:00:00,3,B-ASM,M02,Medium,2026-09-23 19:00:00,2026-09-23 22:00:00,0,180,180,165.0,27500.0,4,74.25,360.0,limited_energy,33433.125
J005,A,245,1,2026-09-24 01:00:00,1,A-CUT,M01,Medium,2026-09-23 06:00:00,2026-09-23 09:35:00,20,195,215,259.2,29628.0,0,116.64,1585.0,normal_energy,36621.32
J005,A,245,1,2026-09-24 01:00:00,2,A-PRS,M04,Maximum,2026-09-23 12:00:00,2026-09-23 17:00:00,0,300,300,625.0,87500.0,0,375.0,625.0,limited_energy,89226.5
J005,A,245,1,2026-09-24 01:00:00,3,A-INS,M05,Light,2026-09-23 17:00:00,2026-09-23 19:30:00,0,150,150,80.0,17600.0,10,28.0,330.0,urgent_fast,5720.0
J059,C,134,2,2026-09-24 05:00:00,1,C-ASM,M02,Medium,2026-09-21 17:00:00,2026-09-21 19:30:00,15,135,150,126.5,27830.0,10,56.925,4290.0,normal_energy,43576.463
J059,C,134,2,2026-09-24 05:00:00,2,C-HT,M03,Maximum,2026-09-22 04:45:00,2026-09-22 08:50:00,35,210,245,565.5,58145.0,0,339.3,3205.0,active_peak_avoid,64304.65
J059,C,134,2,2026-09-24 05:00:00,3,C-INS,M05,Light,2026-09-22 12:00:00,2026-09-22 13:40:00,10,90,100,57.6,8064.0,0,20.16,2550.0,normal_energy,10112.08
J012,A,130,3,2026-09-24 06:30:00,1,A-CUT,M01,Medium,2026-09-23 12:00:00,2026-09-23 13:45:00,0,105,105,126.0,17640.0,0,56.7,1515.0,normal_energy,22891.35
J012,A,130,3,2026-09-24 06:30:00,2,A-PRS,M04,Maximum,2026-09-23 19:15:00,2026-09-23 22:00:00,0,165,165,343.75,55625.0,3,206.25,840.0,limited_energy,63327.125
J012,A,130,3,2026-09-24 06:30:00,3,A-INS,M05,Light,2026-09-24 11:00:00,2026-09-24 12:40:00,10,90,100,57.6,10752.0,5,20.16,410.0,limited_energy,1870568.08
J032,A,99,1,2026-09-24 06:45:00,1,A-CUT,M01,Medium,2026-09-22 06:00:00,2026-09-22 07:15:00,0,75,75,90.0,8100.0,0,40.5,3165.0,normal_energy,11348.25
J032,A,99,1,2026-09-24 06:45:00,2,A-PRS,M04,Maximum,2026-09-22 07:15:00,2026-09-22 09:15:00,0,120,120,250.0,30312.5,0,150.0,2730.0,active_peak_avoid,30411.5
J032,A,99,1,2026-09-24 06:45:00,3,A-INS,M05,Light,2026-09-22 13:45:00,2026-09-22 14:45:00,0,60,60,32.0,4480.0,0,11.2,2670.0,normal_energy,7251.6
J055,B,221,2,2026-09-24 08:30:00,1,B-CUT,M01,Medium,2026-09-23 13:45:00,2026-09-23 17:05:00,20,180,200,241.2,35208.0,1,108.54,2740.0,normal_energy,54675.27
J055,B,221,2,2026-09-24 08:30:00,2,B-HT,M03,Maximum,2026-09-23 22:45:00,2026-09-24 05:05:00,35,345,380,891.75,80257.5,0,535.05,545.0,limited_energy,84349.025
J055,B,221,2,2026-09-24 08:30:00,3,B-ASM,M02,Medium,2026-09-24 06:00:00,2026-09-24 10:00:00,15,225,240,209.0,24310.0,0,94.05,-35.0,late_risk_fast,468932.0
J068,B,73,1,2026-09-24 09:30:00,1,B-CUT,M01,Medium,2026-09-22 09:45:00,2026-09-22 10:45:00,0,60,60,72.0,14400.0,3,32.4,3000.0,normal_energy,18517.2
J068,B,73,1,2026-09-24 09:30:00,2,B-HT,M03,Maximum,2026-09-24 05:15:00,2026-09-24 07:15:00,0,120,120,290.0,26100.0,0,174.0,2685.0,active_peak_avoid,52221.0
J068,B,73,1,2026-09-24 09:30:00,3,B-ASM,M02,Medium,2026-09-24 10:00:00,2026-09-24 11:15:00,0,75,75,68.75,15125.0,5,30.938,60.0,urgent_fast,564125.0
J057,C,108,2,2026-09-24 10:00:00,1,C-ASM,M02,Medium,2026-09-22 06:00:00,2026-09-22 08:15:00,15,120,135,112.75,10835.0,0,50.737,3105.0,normal_energy,12231.369
J057,C,108,2,2026-09-24 10:00:00,2,C-HT,M03,Maximum,2026-09-24 07:15:00,2026-09-24 10:35:00,35,165,200,456.75,69745.0,3,274.05,2785.0,active_peak_avoid,278166.025
J057,C,108,2,2026-09-24 10:00:00,3,C-INS,M05,Light,2026-09-24 12:45:00,2026-09-24 14:10:00,10,75,85,49.6,6944.0,0,17.36,-120.0,late_risk_fast,1279618.8
J051,B,87,2,2026-09-24 11:15:00,1,B-CUT,M01,Medium,2026-09-23 09:45:00,2026-09-23 11:00:00,0,75,75,90.0,18360.0,4,40.5,1605.0,normal_energy,22725.25
J051,B,87,2,2026-09-24 11:15:00,2,B-HT,M03,Maximum,2026-09-24 10:45:00,2026-09-24 13:35:00,35,135,170,384.25,64235.0,6,230.55,1285.0,limited_energy,787599.275
J051,B,87,2,2026-09-24 11:15:00,3,B-ASM,M02,Medium,2026-09-24 13:45:00,2026-09-24 15:30:00,15,90,105,85.25,11935.0,0,38.362,-245.0,late_risk_fast,1280657.0
J001,B,56,3,2026-09-24 13:15:00,1,B-CUT,M01,Medium,2026-09-23 11:00:00,2026-09-23 12:00:00,0,60,60,72.0,15840.0,4,32.4,2940.0,normal_energy,33203.2
J001,B,56,3,2026-09-24 13:15:00,2,B-HT,M03,Maximum,2026-09-24 13:45:00,2026-09-24 15:15:00,0,90,90,217.5,30450.0,0,130.5,1425.0,limited_energy,646292.25
J001,B,56,3,2026-09-24 13:15:00,3,B-ASM,M02,Medium,2026-09-24 15:30:00,2026-09-24 16:30:00,0,60,60,55.0,7700.0,0,24.75,-180.0,late_risk_fast,980290.0
J028,A,134,1,2026-09-24 16:15:00,1,A-CUT,M01,Medium,2026-09-21 12:00:00,2026-09-21 14:05:00,20,105,125,151.2,21168.0,0,68.04,4615.0,normal_energy,23070.02
J028,A,134,1,2026-09-24 16:15:00,2,A-PRS,M04,Maximum,2026-09-21 19:15:00,2026-09-21 22:00:00,0,165,165,343.75,55625.0,3,206.25,4285.0,active_peak_avoid,63123.125
J028,A,134,1,2026-09-24 16:15:00,3,A-INS,M05,Light,2026-09-22 14:45:00,2026-09-22 16:25:00,10,90,100,57.6,8064.0,0,20.16,3875.0,normal_energy,18425.08
J014,B,86,2,2026-09-24 17:15:00,1,B-CUT,M01,Medium,2026-09-23 17:15:00,2026-09-23 18:50:00,20,75,95,115.2,25344.0,8,51.84,3265.0,normal_energy,50732.92
J014,B,86,2,2026-09-24 17:15:00,2,B-HT,M03,Maximum,2026-09-24 15:15:00,2026-09-24 17:30:00,0,135,135,326.25,51475.0,2,195.75,1210.0,limited_energy,141894.875
J014,B,86,2,2026-09-24 17:15:00,3,B-ASM,M02,Medium,2026-09-24 17:30:00,2026-09-24 19:00:00,0,90,90,82.5,18150.0,6,37.125,-105.0,late_risk_fast,530370.0
J024,C,92,3,2026-09-24 17:45:00,1,C-ASM,M02,Medium,2026-09-22 12:00:00,2026-09-22 14:00:00,15,105,120,99.0,13860.0,0,44.55,3240.0,normal_energy,15403.275
J024,C,92,3,2026-09-24 17:45:00,2,C-HT,M03,Maximum,2026-09-24 20:00:00,2026-09-24 23:05:00,35,150,185,420.5,49807.5,0,252.3,2920.0,active_peak_avoid,1683298.65
J024,C,92,3,2026-09-24 17:45:00,3,C-INS,M05,Light,2026-09-25 08:00:00,2026-09-25 09:10:00,10,60,70,41.6,5824.0,0,14.56,-390.0,late_risk_fast,4739294.8
J060,C,59,2,2026-09-24 18:45:00,1,C-ASM,M02,Medium,2026-09-21 20:00:00,2026-09-21 21:00:00,0,60,60,55.0,7700.0,0,24.75,4560.0,normal_energy,11549.375
J060,C,59,2,2026-09-24 18:45:00,2,C-HT,M03,Maximum,2026-09-22 09:00:00,2026-09-22 10:30:00,0,90,90,217.5,36250.0,2,130.5,4095.0,active_peak_avoid,46477.25
J060,C,59,2,2026-09-24 18:45:00,3,C-INS,M05,Light,2026-09-22 11:00:00,2026-09-22 11:45:00,0,45,45,24.0,5280.0,3,8.4,3330.0,normal_energy,6649.2
J064,B,153,2,2026-09-24 19:15:00,1,B-CUT,M01,Medium,2026-09-23 19:00:00,2026-09-23 21:00:00,0,120,120,144.0,25920.0,4,64.8,3120.0,normal_energy,46983.4
J064,B,153,2,2026-09-24 19:15:00,2,B-HT,M03,Maximum,2026-09-24 23:15:00,2026-09-25 03:50:00,35,240,275,638.0,57420.0,0,382.8,1060.0,limited_energy,2649011.4
J064,B,153,2,2026-09-24 19:15:00,3,B-ASM,M02,Medium,2026-09-25 06:00:00,2026-09-25 09:00:00,15,165,180,154.0,16610.0,0,69.3,-695.0,late_risk_fast,4157542.0
J038,A,62,1,2026-09-24 21:15:00,1,A-CUT,M01,Medium,2026-09-24 06:00:00,2026-09-24 07:20:00,20,60,80,97.2,8748.0,0,43.74,1840.0,normal_energy,19196.87
J038,A,62,1,2026-09-24 21:15:00,2,A-PRS,M04,Maximum,2026-09-24 07:30:00,2026-09-24 08:45:00,0,75,75,156.25,18750.0,0,93.75,760.0,limited_energy,18913.875
J038,A,62,1,2026-09-24 21:15:00,3,A-INS,M05,Light,2026-09-24 14:15:00,2026-09-24 15:10:00,10,45,55,33.6,4704.0,0,11.76,695.0,limited_energy,8166.88
J071,A,255,1,2026-09-25 02:45:00,1,A-CUT,M01,Medium,2026-09-24 07:30:00,2026-09-24 10:45:00,0,195,195,234.0,35280.0,3,105.3,1725.0,normal_energy,45274.65
J071,A,255,1,2026-09-25 02:45:00,2,A-PRS,M04,Maximum,2026-09-24 11:45:00,2026-09-24 17:00:00,0,315,315,656.25,94375.0,1,393.75,645.0,limited_energy,96646.875
J071,A,255,1,2026-09-25 02:45:00,3,A-INS,M05,Light,2026-09-24 17:00:00,2026-09-24 19:45:00,0,165,165,88.0,19360.0,11,30.8,420.0,limited_energy,23258.4
J078,B,281,3,2026-09-25 02:45:00,1,B-CUT,M01,Medium,2026-09-21 07:30:00,2026-09-21 11:35:00,20,225,245,295.2,50148.0,7,132.84,5515.0,normal_energy,58230.42
J078,B,281,3,2026-09-25 02:45:00,2,B-HT,M03,Maximum,2026-09-21 11:45:00,2026-09-21 19:00:00,0,435,435,1051.25,173275.0,9,630.75,4795.0,active_peak_avoid,186379.375
J078,B,281,3,2026-09-25 02:45:00,3,B-ASM,M02,Medium,2026-09-22 14:00:00,2026-09-22 18:45:00,0,285,285,261.25,44275.0,7,117.562,4500.0,normal_energy,60918.781
J080,B,149,3,2026-09-25 02:45:00,1,B-CUT,M01,Medium,2026-09-24 10:45:00,2026-09-24 12:45:00,0,120,120,144.0,27360.0,5,64.8,3180.0,normal_energy,54784.4
J080,B,149,3,2026-09-25 02:45:00,2,B-HT,M03,Maximum,2026-09-25 04:00:00,2026-09-25 07:45:00,0,225,225,543.75,48937.5,0,326.25,615.0,limited_energy,1558478.625
J080,B,149,3,2026-09-25 02:45:00,3,B-ASM,M02,Medium,2026-09-25 09:00:00,2026-09-25 11:30:00,0,150,150,137.5,25850.0,6,61.875,-450.0,late_risk_fast,2648260.0
J026,B,113,2,2026-09-25 04:00:00,1,B-CUT,M01,Medium,2026-09-24 12:45:00,2026-09-24 14:15:00,0,90,90,108.0,15120.0,0,48.6,4230.0,normal_energy,49893.3
J026,B,113,2,2026-09-25 04:00:00,2,B-HT,M03,Maximum,2026-09-25 07:45:00,2026-09-25 10:45:00,0,180,180,435.0,67787.5,3,261.0,645.0,limited_energy,2107864.0
J026,B,113,2,2026-09-25 04:00:00,3,B-ASM,M02,Medium,2026-09-25 11:30:00,2026-09-25 13:30:00,0,120,120,110.0,17600.0,2,49.5,-525.0,late_risk_fast,2864450.0
J067,A,171,2,2026-09-25 05:00:00,1,A-CUT,M01,Medium,2026-09-24 14:15:00,2026-09-24 16:50:00,20,135,155,187.2,26208.0,0,84.24,4645.0,normal_energy,66374.12
J067,A,171,2,2026-09-25 05:00:00,2,A-PRS,M04,Maximum,2026-09-24 18:30:00,2026-09-24 22:00:00,0,210,210,437.5,76250.0,6,262.5,520.0,limited_energy,85843.25
J067,A,171,2,2026-09-25 05:00:00,3,A-INS,M05,Light,2026-09-25 09:15:00,2026-09-25 11:00:00,0,105,105,56.0,10400.0,4,19.6,315.0,urgent_fast,1945160.0
J004,B,257,2,2026-09-25 05:15:00,1,B-CUT,M01,Medium,2026-09-21 15:45:00,2026-09-21 19:20:00,20,195,215,259.2,50688.0,10,116.64,5845.0,normal_energy,67435.32
J004,B,257,2,2026-09-25 05:15:00,2,B-HT,M03,Maximum,2026-09-25 10:45:00,2026-09-25 17:15:00,0,390,390,942.5,149350.0,6,565.5,4525.0,active_peak_avoid,3811609.75
J004,B,257,2,2026-09-25 05:15:00,3,B-ASM,M02,Medium,2026-09-25 17:15:00,2026-09-25 21:45:00,0,270,270,247.5,46750.0,11,111.375,-990.0,late_risk_fast,4963590.0
J015,C,159,2,2026-09-25 05:30:00,1,C-ASM,M02,Medium,2026-09-24 19:00:00,2026-09-24 22:00:00,15,165,180,154.0,25080.0,4,69.3,2820.0,normal_energy,52244.65
J015,C,159,2,2026-09-25 05:30:00,2,C-HT,M03,Maximum,2026-09-25 17:15:00,2026-09-25 21:50:00,35,240,275,638.0,117160.0,12,382.8,175.0,urgent_fast,5172372.0
J015,C,159,2,2026-09-25 05:30:00,3,C-INS,M05,Light,2026-09-26 08:00:00,2026-09-26 09:55:00,10,105,115,65.6,7806.4,0,22.96,-1095.0,late_risk_fast,8655891.28
J053,B,193,3,2026-09-25 06:15:00,1,B-CUT,M01,Medium,2026-09-24 17:00:00,2026-09-24 19:30:00,0,150,150,180.0,39600.0,10,81.0,2850.0,normal_energy,69161.5
J053,B,193,3,2026-09-25 06:15:00,2,B-HT,M03,Maximum,2026-09-25 22:00:00,2026-09-26 03:35:00,35,300,335,783.0,62857.5,0,469.8,310.0,urgent_fast,6750101.5
J053,B,193,3,2026-09-25 06:15:00,3,B-ASM,M02,Medium,2026-09-26 06:00:00,2026-09-26 09:30:00,15,195,210,181.5,17341.5,0,81.675,-1490.0,late_risk_fast,8211138.3
J035,B,271,1,2026-09-25 09:00:00,1,B-CUT,M01,Medium,2026-09-25 06:00:00,2026-09-25 09:30:00,0,210,210,252.0,28080.0,0,113.4,3030.0,normal_energy,209390.7
J035,B,271,1,2026-09-25 09:00:00,2,B-HT,M03,Maximum,2026-09-26 03:45:00,2026-09-26 10:45:00,0,420,420,1015.0,101681.25,3,609.0,-450.0,late_risk_fast,7980326.25
J035,B,271,1,2026-09-25 09:00:00,3,B-ASM,M02,Medium,2026-09-26 10:45:00,2026-09-26 15:30:00,0,285,285,261.25,35763.75,5,117.562,-1830.0,late_risk_fast,9160702.75
J054,C,275,3,2026-09-25 09:00:00,1,C-ASM,M02,Medium,2026-09-26 15:30:00,2026-09-26 20:30:00,15,285,300,264.0,42636.0,12,118.8,2880.0,normal_energy,10752377.4
J054,C,275,3,2026-09-25 09:00:00,2,C-HT,M03,Maximum,2026-09-26 20:30:00,2026-09-27 04:05:00,35,420,455,1073.0,88718.25,0,643.8,-2585.0,late_risk_fast,12947573.65
J054,C,275,3,2026-09-25 09:00:00,3,C-INS,M05,Light,2026-09-27 08:00:00,2026-09-27 10:45:00,0,165,165,88.0,12104.0,3,30.8,-2750.0,late_risk_fast,14978630.8
J039,A,202,3,2026-09-25 09:15:00,1,A-CUT,M01,Medium,2026-09-25 09:30:00,2026-09-25 12:35:00,20,165,185,223.2,42768.0,8,100.44,5635.0,normal_energy,1108132.22
J039,A,202,3,2026-09-25 09:15:00,2,A-PRS,M04,Maximum,2026-09-25 12:45:00,2026-09-25 17:00:00,0,255,255,531.25,74375.0,0,318.75,-455.0,late_risk_fast,2344525.0
J039,A,202,3,2026-09-25 09:15:00,3,A-INS,M05,Light,2026-09-25 17:00:00,2026-09-25 19:25:00,10,135,145,81.6,17952.0,11,28.56,-610.0,late_risk_fast,3055890.4
J044,A,67,2,2026-09-25 09:30:00,1,A-CUT,M01,Medium,2026-09-23 21:00:00,2026-09-23 22:00:00,0,60,60,72.0,10080.0,0,32.4,4380.0,normal_energy,33058.2
J044,A,67,2,2026-09-25 09:30:00,2,A-PRS,M04,Maximum,2026-09-24 06:00:00,2026-09-24 07:30:00,0,90,90,187.5,16875.0,0,112.5,2040.0,active_peak_avoid,21845.25
J044,A,67,2,2026-09-25 09:30:00,3,A-INS,M05,Light,2026-09-24 15:15:00,2026-09-24 16:00:00,0,45,45,24.0,3360.0,0,8.4,1515.0,normal_energy,8116.2
J048,C,266,1,2026-09-25 10:00:00,1,C-ASM,M02,Medium,2026-09-27 06:00:00,2026-09-27 10:30:00,0,270,270,247.5,26592.5,2,111.375,5730.0,normal_energy,14666230.188
J048,C,266,1,2026-09-25 10:00:00,2,C-HT,M03,Maximum,2026-09-27 10:30:00,2026-09-27 17:15:00,0,405,405,978.75,133726.25,7,587.25,-3315.0,late_risk_fast,16607755.25
J048,C,266,1,2026-09-25 10:00:00,3,C-INS,M05,Light,2026-09-28 08:00:00,2026-09-28 10:55:00,10,165,175,89.067,12469.33,0,31.173,-3490.0,late_risk_fast,22065173.867
J069,A,171,3,2026-09-25 12:45:00,1,A-CUT,M01,Medium,2026-09-21 19:45:00,2026-09-21 22:00:00,0,135,135,162.0,24120.0,1,72.9,5805.0,normal_energy,31003.45
J069,A,171,3,2026-09-25 12:45:00,2,A-PRS,M04,Maximum,2026-09-22 11:00:00,2026-09-22 14:30:00,0,210,210,437.5,71250.0,4,262.5,4995.0,active_peak_avoid,84979.25
J069,A,171,3,2026-09-25 12:45:00,3,A-INS,M05,Light,2026-09-22 16:30:00,2026-09-22 18:25:00,10,105,115,65.6,13024.0,6,22.96,4100.0,normal_energy,16462.48
J040,B,198,2,2026-09-25 13:00:00,1,B-CUT,M01,Medium,2026-09-25 12:45:00,2026-09-25 15:35:00,20,150,170,205.2,28728.0,0,92.34,6070.0,normal_energy,867463.17
J040,B,198,2,2026-09-25 13:00:00,2,B-HT,M03,Maximum,2026-09-26 10:45:00,2026-09-26 16:20:00,35,300,335,783.0,102051.0,6,469.8,-490.0,late_risk_fast,8467220.2
J040,B,198,2,2026-09-25 13:00:00,3,B-ASM,M02,Medium,2026-09-27 10:30:00,2026-09-27 14:15:00,15,210,225,195.25,28096.75,6,87.862,-1865.0,late_risk_fast,15012729.35
J031,A,217,3,2026-09-25 17:00:00,1,A-CUT,M01,Medium,2026-09-25 15:45:00,2026-09-25 18:50:00,20,165,185,223.2,42768.0,8,100.44,5875.0,normal_energy,659662.22
J031,A,217,3,2026-09-25 17:00:00,2,A-PRS,M04,Maximum,2026-09-26 06:00:00,2026-09-26 10:30:00,0,270,270,562.5,60437.5,2,337.5,-380.0,late_risk_fast,5406047.5
J031,A,217,3,2026-09-25 17:00:00,3,A-INS,M05,Light,2026-09-26 10:30:00,2026-09-26 12:45:00,0,135,135,72.0,11832.0,6,25.2,-1185.0,late_risk_fast,5929136.4
J075,A,69,2,2026-09-25 17:15:00,1,A-CUT,M01,Medium,2026-09-24 19:30:00,2026-09-24 20:30:00,0,60,60,72.0,12960.0,2,32.4,4560.0,normal_energy,48201.2
J075,A,69,2,2026-09-25 17:15:00,2,A-PRS,M04,Maximum,2026-09-25 06:00:00,2026-09-25 07:30:00,0,90,90,187.5,16875.0,0,112.5,1155.0,limited_energy,22763.25
J075,A,69,2,2026-09-25 17:15:00,3,A-INS,M05,Light,2026-09-25 12:00:00,2026-09-25 12:45:00,0,45,45,24.0,3360.0,0,8.4,540.0,limited_energy,6127.2
J076,B,85,3,2026-09-25 21:15:00,1,B-CUT,M01,Medium,2026-09-25 19:00:00,2026-09-25 20:35:00,20,75,95,115.2,21024.0,5,51.84,5785.0,normal_energy,83327.92
J076,B,85,3,2026-09-25 21:15:00,2,B-HT,M03,Maximum,2026-09-26 16:30:00,2026-09-26 18:45:00,0,135,135,326.25,56078.75,7,195.75,-95.0,late_risk_fast,6715475.75
J076,B,85,3,2026-09-25 21:15:00,3,B-ASM,M02,Medium,2026-09-26 20:30:00,2026-09-26 22:00:00,0,90,90,82.5,9817.5,0,37.125,-1380.0,late_risk_fast,7449913.5
J020,A,213,3,2026-09-25 21:15:00,1,A-CUT,M01,Medium,2026-09-26 06:00:00,2026-09-26 09:05:00,20,165,185,223.2,20833.2,0,100.44,2995.0,normal_energy,3608871.42
J020,A,213,3,2026-09-25 21:15:00,2,A-PRS,M04,Maximum,2026-09-26 10:30:00,2026-09-26 15:00:00,0,270,270,562.5,79687.5,6,337.5,-980.0,late_risk_fast,5363167.5
J020,A,213,3,2026-09-25 21:15:00,3,A-INS,M05,Light,2026-09-26 15:00:00,2026-09-26 17:15:00,0,135,135,72.0,9112.0,1,25.2,-1200.0,late_risk_fast,6003242.4
J041,A,221,1,2026-09-25 22:15:00,1,A-CUT,M01,Medium,2026-09-26 09:15:00,2026-09-26 12:15:00,0,180,180,216.0,35496.0,8,97.2,4500.0,normal_energy,4295648.6
J041,A,221,1,2026-09-25 22:15:00,2,A-PRS,M04,Maximum,2026-09-26 15:00:00,2026-09-26 19:30:00,0,270,270,562.5,88187.5,10,337.5,-1110.0,late_risk_fast,6432787.5
J041,A,221,1,2026-09-25 22:15:00,3,A-INS,M05,Light,2026-09-27 10:45:00,2026-09-27 13:00:00,0,135,135,72.0,11288.0,5,25.2,-1410.0,late_risk_fast,11821107.6
J025,B,232,3,2026-09-25 22:45:00,1,B-CUT,M01,Medium,2026-09-26 12:15:00,2026-09-26 15:35:00,20,180,200,241.2,28702.8,0,108.54,4540.0,normal_energy,5135567.07
J025,B,232,3,2026-09-25 22:45:00,2,B-HT,M03,Maximum,2026-09-27 04:15:00,2026-09-27 10:15:00,0,360,360,870.0,82613.75,1,522.0,-1370.0,late_risk_fast,10830002.75
J025,B,232,3,2026-09-25 22:45:00,3,B-ASM,M02,Medium,2026-09-27 14:15:00,2026-09-27 18:15:00,0,240,240,220.0,30855.0,5,99.0,-2370.0,late_risk_fast,13109671.0
J063,B,134,2,2026-09-26 00:00:00,1,B-CUT,M01,Medium,2026-09-26 15:45:00,2026-09-26 17:30:00,0,105,105,126.0,17442.0,2,56.7,4695.0,normal_energy,5327490.35
J063,B,134,2,2026-09-26 00:00:00,2,B-HT,M03,Maximum,2026-09-27 17:15:00,2026-09-27 20:45:00,0,210,210,507.5,87507.5,11,304.5,-1260.0,late_risk_fast,13746931.5
J063,B,134,2,2026-09-26 00:00:00,3,B-ASM,M02,Medium,2026-09-28 06:00:00,2026-09-28 08:15:00,0,135,135,123.75,17325.0,0,55.688,-2820.0,late_risk_fast,16996365.0
J061,C,79,3,2026-09-26 01:15:00,1,C-ASM,M02,Medium,2026-09-23 17:00:00,2026-09-23 18:45:00,15,90,105,85.25,18755.0,7,38.362,4215.0,normal_energy,33454.181
J061,C,79,3,2026-09-26 01:15:00,2,C-HT,M03,Maximum,2026-09-27 20:45:00,2026-09-27 23:20:00,35,120,155,348.0,32059.5,0,208.8,3115.0,active_peak_avoid,13917450.9
J061,C,79,3,2026-09-26 01:15:00,3,C-INS,M05,Light,2026-09-28 11:00:00,2026-09-28 12:10:00,10,60,70,33.067,4629.33,0,11.573,-2835.0,late_risk_fast,17823705.867
J009,B,166,1,2026-09-26 03:15:00,1,B-CUT,M01,Medium,2026-09-26 17:30:00,2026-09-26 19:45:00,0,135,135,162.0,30294.0,9,72.9,4485.0,normal_energy,5042502.45
J009,B,166,1,2026-09-26 03:15:00,2,B-HT,M03,Maximum,2026-09-27 23:30:00,2026-09-28 04:20:00,35,255,290,630.75,87377.0,0,378.45,-1280.0,late_risk_fast,15095305.4
J009,B,166,1,2026-09-26 03:15:00,3,B-ASM,M02,Medium,2026-09-28 08:15:00,2026-09-28 11:30:00,15,180,195,167.75,23485.0,0,75.487,-3140.0,late_risk_fast,16931117.0
J047,B,233,2,2026-09-26 03:15:00,1,B-CUT,M01,Medium,2026-09-27 06:00:00,2026-09-27 09:00:00,0,180,180,216.0,19512.0,0,97.2,4620.0,normal_energy,9009927.6
J047,B,233,2,2026-09-26 03:15:00,2,B-HT,M03,Maximum,2026-09-28 04:30:00,2026-09-28 10:30:00,0,360,360,870.0,121800.0,0,522.0,-2145.0,late_risk_fast,16848660.0
J047,B,233,2,2026-09-26 03:15:00,3,B-ASM,M02,Medium,2026-09-28 11:30:00,2026-09-28 15:30:00,0,240,240,220.0,30800.0,0,99.0,-3555.0,late_risk_fast,18096160.0
J065,B,241,3,2026-09-26 06:30:00,1,B-CUT,M01,Medium,2026-09-27 09:00:00,2026-09-27 12:15:00,0,195,195,234.0,37638.0,8,105.3,6045.0,normal_energy,9048195.65
J065,B,241,3,2026-09-26 06:30:00,2,B-HT,M03,Maximum,2026-09-28 10:30:00,2026-09-28 16:45:00,0,375,375,906.25,126875.0,0,543.75,-2160.0,late_risk_fast,17784475.0
J065,B,241,3,2026-09-26 06:30:00,3,B-ASM,M02,Medium,2026-09-28 16:45:00,2026-09-28 21:00:00,0,255,255,233.75,32725.0,0,105.188,-3750.0,late_risk_fast,18759095.0
J003,A,179,1,2026-09-26 09:15:00,1,A-CUT,M01,Medium,2026-09-27 12:15:00,2026-09-27 14:50:00,20,135,155,187.2,22276.8,0,84.24,7405.0,normal_energy,8991145.92
J003,A,179,1,2026-09-26 09:15:00,2,A-PRS,M04,Maximum,2026-09-27 15:00:00,2026-09-27 18:45:00,0,225,225,468.75,70656.25,7,281.25,-2000.0,late_risk_fast,10070441.25
J003,A,179,1,2026-09-26 09:15:00,3,A-INS,M05,Light,2026-09-28 12:15:00,2026-09-28 14:25:00,10,120,130,65.067,9109.33,0,22.773,-2140.0,late_risk_fast,16173701.867
J056,A,170,2,2026-09-26 09:15:00,1,A-CUT,M01,Medium,2026-09-26 19:45:00,2026-09-26 22:00:00,0,135,135,162.0,20502.0,1,72.9,5925.0,normal_energy,3914503.45
J056,A,170,2,2026-09-26 09:15:00,2,A-PRS,M04,Maximum,2026-09-27 06:00:00,2026-09-27 09:30:00,0,210,210,437.5,41312.5,0,262.5,-975.0,late_risk_fast,7386162.5
J056,A,170,2,2026-09-26 09:15:00,3,A-INS,M05,Light,2026-09-27 13:00:00,2026-09-27 14:45:00,0,105,105,56.0,6664.0,0,19.6,-1560.0,late_risk_fast,8896482.8
J050,B,78,3,2026-09-26 09:15:00,1,B-CUT,M01,Medium,2026-09-24 20:30:00,2026-09-24 21:50:00,20,60,80,97.2,13608.0,0,43.74,7120.0,normal_energy,64754.87
J050,B,78,3,2026-09-26 09:15:00,2,B-HT,M03,Maximum,2026-09-28 16:45:00,2026-09-28 18:45:00,0,120,120,290.0,40600.0,0,174.0,2005.0,active_peak_avoid,17346352.0
J050,B,78,3,2026-09-26 09:15:00,3,B-ASM,M02,Medium,2026-09-29 06:00:00,2026-09-29 07:30:00,0,90,90,82.5,11550.0,0,37.125,-3540.0,late_risk_fast,21219960.0
J033,B,273,1,2026-09-26 10:45:00,1,B-CUT,M01,Medium,2026-09-27 15:00:00,2026-09-27 18:30:00,0,210,210,252.0,37332.0,6,113.4,7050.0,normal_energy,9657971.7
J033,B,273,1,2026-09-26 10:45:00,2,B-HT,M03,Maximum,2026-09-28 18:45:00,2026-09-29 01:45:00,0,420,420,1015.0,142100.0,0,609.0,-2325.0,late_risk_fast,19238170.0
J033,B,273,1,2026-09-26 10:45:00,3,B-ASM,M02,Medium,2026-09-29 07:30:00,2026-09-29 12:15:00,0,285,285,261.25,36575.0,0,117.562,-4065.0,late_risk_fast,22132615.0
J010,A,289,1,2026-09-26 12:15:00,1,A-CUT,M01,Medium,2026-09-28 06:00:00,2026-09-28 10:05:00,20,225,245,274.8,38472.0,0,123.66,7135.0,normal_energy,13889569.83
J010,A,289,1,2026-09-26 12:15:00,2,A-PRS,M04,Maximum,2026-09-28 10:15:00,2026-09-28 16:15:00,0,360,360,750.0,105000.0,0,450.0,-3110.0,late_risk_fast,15626700.0
J010,A,289,1,2026-09-26 12:15:00,3,A-INS,M05,Light,2026-09-28 16:15:00,2026-09-28 19:15:00,0,180,180,96.0,13440.0,0,33.6,-3300.0,late_risk_fast,16504488.0
J043,B,75,1,2026-09-26 13:15:00,1,B-CUT,M01,Medium,2026-09-27 18:30:00,2026-09-27 19:50:00,20,60,80,97.2,18176.4,7,43.74,7360.0,normal_energy,9292063.27
J043,B,75,1,2026-09-26 13:15:00,2,B-HT,M03,Maximum,2026-09-29 01:45:00,2026-09-29 03:45:00,0,120,120,290.0,40600.0,0,174.0,-1955.0,late_risk_fast,19136270.0
J043,B,75,1,2026-09-26 13:15:00,3,B-ASM,M02,Medium,2026-09-29 12:15:00,2026-09-29 13:30:00,0,75,75,68.75,9625.0,0,30.938,-3825.0,late_risk_fast,21784775.0
J046,C,117,2,2026-09-26 16:00:00,1,C-ASM,M02,Medium,2026-09-22 08:15:00,2026-09-22 10:30:00,15,120,135,112.75,17985.0,2,50.737,7185.0,normal_energy,30726.369
J046,C,117,2,2026-09-26 16:00:00,2,C-HT,M03,Maximum,2026-09-29 03:45:00,2026-09-29 07:20:00,35,180,215,451.917,63268.33,0,271.15,5875.0,active_peak_avoid,19162411.908
J046,C,117,2,2026-09-26 16:00:00,3,C-INS,M05,Light,2026-09-29 08:00:00,2026-09-29 09:25:00,10,75,85,41.067,5749.33,0,14.373,-3885.0,late_risk_fast,19635479.867
J006,C,204,1,2026-09-26 17:00:00,1,C-ASM,M02,Medium,2026-09-25 13:30:00,2026-09-25 17:00:00,0,210,210,192.5,26950.0,0,86.625,6030.0,normal_energy,73853.312
J006,C,204,1,2026-09-26 17:00:00,2,C-HT,M03,Maximum,2026-09-29 07:30:00,2026-09-29 12:45:00,0,315,315,761.25,106575.0,0,456.75,1125.0,limited_energy,20484804.375
J006,C,204,1,2026-09-26 17:00:00,3,C-INS,M05,Light,2026-09-29 12:45:00,2026-09-29 15:00:00,0,135,135,72.0,10080.0,0,25.2,-4200.0,late_risk_fast,21003366.0
J049,A,83,3,2026-09-26 17:15:00,1,A-CUT,M01,Medium,2026-09-27 20:00:00,2026-09-27 21:35:00,20,75,95,115.2,13708.8,0,51.84,6145.0,normal_energy,8593932.72
J049,A,83,3,2026-09-26 17:15:00,2,A-PRS,M04,Maximum,2026-09-28 06:00:00,2026-09-28 07:45:00,0,105,105,218.75,30625.0,0,131.25,-1805.0,late_risk_fast,11663225.0
J049,A,83,3,2026-09-26 17:15:00,3,A-INS,M05,Light,2026-09-28 14:30:00,2026-09-28 15:40:00,10,60,70,33.067,4629.33,0,11.573,-2380.0,late_risk_fast,14011755.867
J077,A,154,1,2026-09-26 18:45:00,1,A-CUT,M01,Medium,2026-09-28 10:15:00,2026-09-28 12:15:00,0,120,120,144.0,20160.0,0,64.8,5640.0,normal_energy,12553142.4
J077,A,154,1,2026-09-26 18:45:00,2,A-PRS,M04,Maximum,2026-09-28 16:15:00,2026-09-28 19:30:00,0,195,195,406.25,56875.0,0,243.75,-2685.0,late_risk_fast,14688725.0
J077,A,154,1,2026-09-26 18:45:00,3,A-INS,M05,Light,2026-09-29 09:30:00,2026-09-29 11:15:00,0,105,105,56.0,7840.0,0,19.6,-3030.0,late_risk_fast,19529018.0
J013,B,233,3,2026-09-26 22:15:00,1,B-CUT,M01,Medium,2026-09-28 12:15:00,2026-09-28 15:35:00,20,180,200,220.8,30912.0,0,99.36,5920.0,normal_energy,12516841.68
J013,B,233,3,2026-09-26 22:15:00,2,B-HT,M03,Maximum,2026-09-29 12:45:00,2026-09-29 19:20:00,35,360,395,886.917,124168.33,0,532.15,-2875.0,late_risk_fast,21020763.667
J013,B,233,3,2026-09-26 22:15:00,3,B-ASM,M02,Medium,2026-09-30 06:00:00,2026-09-30 10:15:00,15,240,255,222.75,31185.0,0,100.237,-4400.0,late_risk_fast,25343307.0
J011,B,286,1,2026-09-26 23:15:00,1,B-CUT,M01,Medium,2026-09-28 15:45:00,2026-09-28 19:30:00,0,225,225,270.0,37800.0,0,121.5,4095.0,normal_energy,13381755.75
J011,B,286,1,2026-09-26 23:15:00,2,B-HT,M03,Maximum,2026-09-29 19:30:00,2026-09-30 02:45:00,0,435,435,1051.25,147175.0,0,630.75,-3090.0,late_risk_fast,22986185.0
J011,B,286,1,2026-09-26 23:15:00,3,B-ASM,M02,Medium,2026-09-30 10:15:00,2026-09-30 15:15:00,0,300,300,275.0,38500.0,0,123.75,-4830.0,late_risk_fast,26505200.0
J072,C,166,2,2026-09-27 01:45:00,1,C-ASM,M02,Medium,2026-09-27 18:15:00,2026-09-27 21:30:00,15,180,195,167.75,25759.25,7,75.487,7485.0,normal_energy,6044289.994
J072,C,166,2,2026-09-27 01:45:00,2,C-HT,M03,Maximum,2026-09-30 02:45:00,2026-09-30 07:35:00,35,255,290,633.167,88643.33,0,379.9,-1475.0,late_risk_fast,24041858.667
J072,C,166,2,2026-09-27 01:45:00,3,C-INS,M05,Light,2026-09-30 08:00:00,2026-09-30 09:55:00,10,105,115,57.067,7989.33,0,19.973,-4785.0,late_risk_fast,24058077.867
J062,A,286,1,2026-09-27 02:15:00,1,A-CUT,M01,Medium,2026-09-29 06:00:00,2026-09-29 10:05:00,20,225,245,274.8,38472.0,0,123.66,4435.0,normal_energy,16868149.83
J062,A,286,1,2026-09-27 02:15:00,2,A-PRS,M04,Maximum,2026-09-29 10:15:00,2026-09-29 16:00:00,0,345,345,718.75,100625.0,0,431.25,-3695.0,late_risk_fast,18550675.0
J062,A,286,1,2026-09-27 02:15:00,3,A-INS,M05,Light,2026-09-29 16:00:00,2026-09-29 19:10:00,10,180,190,97.067,13589.33,0,33.973,-3895.0,late_risk_fast,19479697.867
J030,A,160,3,2026-09-27 04:45:00,1,A-CUT,M01,Medium,2026-09-28 19:30:00,2026-09-28 21:30:00,0,120,120,144.0,20160.0,0,64.8,6060.0,normal_energy,12331967.4
J030,A,160,3,2026-09-27 04:45:00,2,A-PRS,M04,Maximum,2026-09-29 06:00:00,2026-09-29 09:15:00,0,195,195,406.25,56875.0,0,243.75,-2640.0,late_risk_fast,15870425.0
J030,A,160,3,2026-09-27 04:45:00,3,A-INS,M05,Light,2026-09-30 10:00:00,2026-09-30 11:45:00,0,105,105,56.0,7840.0,0,19.6,-3255.0,late_risk_fast,24014468.0
J079,A,149,2,2026-09-27 08:15:00,1,A-CUT,M01,Medium,2026-09-29 10:15:00,2026-09-29 12:15:00,0,120,120,144.0,20160.0,0,64.8,5820.0,normal_energy,15711404.4
J079,A,149,2,2026-09-27 08:15:00,2,A-PRS,M04,Maximum,2026-09-29 16:00:00,2026-09-29 19:00:00,0,180,180,375.0,52500.0,0,225.0,-3300.0,late_risk_fast,17684550.0
J079,A,149,2,2026-09-27 08:15:00,3,A-INS,M05,Light,2026-09-30 11:45:00,2026-09-30 13:15:00,0,90,90,48.0,6720.0,0,16.8,-3615.0,late_risk_fast,23313294.0
J019,B,294,3,2026-09-27 10:15:00,1,B-CUT,M01,Medium,2026-09-29 12:15:00,2026-09-29 16:20:00,20,225,245,274.8,38472.0,0,123.66,7015.0,normal_energy,16368394.83
J019,B,294,3,2026-09-27 10:15:00,2,B-HT,M03,Maximum,2026-09-30 07:45:00,2026-09-30 15:50:00,35,450,485,1104.417,154618.33,0,662.65,-3730.0,late_risk_fast,23505303.667
J019,B,294,3,2026-09-27 10:15:00,3,B-ASM,M02,Medium,2026-09-30 16:00:00,2026-09-30 21:15:00,15,300,315,277.75,38885.0,0,124.987,-4970.0,late_risk_fast,24913147.0
J045,B,127,1,2026-09-27 12:00:00,1,B-CUT,M01,Medium,2026-09-29 16:30:00,2026-09-29 18:15:00,0,105,105,126.0,17640.0,0,56.7,5235.0,normal_energy,16379287.35
J045,B,127,1,2026-09-27 12:00:00,2,B-HT,M03,Maximum,2026-09-30 16:00:00,2026-09-30 19:15:00,0,195,195,471.25,65975.0,0,282.75,-3450.0,late_risk_fast,24064195.0
J045,B,127,1,2026-09-27 12:00:00,3,B-ASM,M02,Medium,2026-10-01 06:00:00,2026-10-01 08:15:00,0,135,135,123.75,17325.0,0,55.688,-4890.0,late_risk_fast,27815265.0
J017,B,202,3,2026-09-27 12:00:00,1,B-CUT,M01,Medium,2026-09-29 18:15:00,2026-09-29 21:00:00,0,165,165,198.0,27720.0,0,89.1,5625.0,normal_energy,17220056.55
J017,B,202,3,2026-09-27 12:00:00,2,B-HT,M03,Maximum,2026-09-30 19:15:00,2026-10-01 00:30:00,0,315,315,761.25,106575.0,0,456.75,-3735.0,late_risk_fast,25654815.0
J017,B,202,3,2026-09-27 12:00:00,3,B-ASM,M02,Medium,2026-10-01 08:15:00,2026-10-01 11:45:00,0,210,210,192.5,26950.0,0,86.625,-5280.0,late_risk_fast,28830140.0
J007,C,70,1,2026-09-27 13:00:00,1,C-ASM,M02,Medium,2026-09-24 11:15:00,2026-09-24 12:45:00,15,75,90,71.5,12430.0,3,32.175,5100.0,normal_energy,22487.088
J007,C,70,1,2026-09-27 13:00:00,2,C-HT,M03,Maximum,2026-10-01 00:30:00,2026-10-01 02:50:00,35,105,140,270.667,37893.33,0,162.4,4195.0,active_peak_avoid,25883601.533
J007,C,70,1,2026-09-27 13:00:00,3,C-INS,M05,Light,2026-10-01 08:00:00,2026-10-01 08:55:00,10,45,55,25.067,3509.33,0,8.773,-5205.0,late_risk_fast,27641431.867
J074,B,116,2,2026-09-27 14:30:00,1,B-CUT,M01,Medium,2026-09-30 06:00:00,2026-09-30 07:30:00,0,90,90,108.0,15120.0,0,48.6,7530.0,normal_energy,19631748.3
J074,B,116,2,2026-09-27 14:30:00,2,B-HT,M03,Maximum,2026-10-01 03:00:00,2026-10-01 06:35:00,35,180,215,451.917,63268.33,0,271.15,-4115.0,late_risk_fast,26685783.667
J074,B,116,2,2026-09-27 14:30:00,3,B-ASM,M02,Medium,2026-10-01 11:45:00,2026-10-01 14:00:00,15,120,135,112.75,15785.0,0,50.737,-5420.0,late_risk_fast,28719727.0
J066,A,103,2,2026-09-27 14:30:00,1,A-CUT,M01,Medium,2026-09-30 07:30:00,2026-09-30 09:20:00,20,90,110,112.8,15792.0,0,50.76,6070.0,normal_energy,20168815.38
J066,A,103,2,2026-09-27 14:30:00,2,A-PRS,M04,Maximum,2026-09-30 09:30:00,2026-09-30 11:45:00,0,135,135,281.25,39375.0,0,168.75,-4145.0,late_risk_fast,20786325.0
J066,A,103,2,2026-09-27 14:30:00,3,A-INS,M05,Light,2026-09-30 13:15:00,2026-09-30 14:40:00,10,75,85,41.067,5749.33,0,14.373,-4240.0,late_risk_fast,21670979.867
J021,B,249,1,2026-09-27 15:00:00,1,B-CUT,M01,Medium,2026-09-30 09:30:00,2026-09-30 13:05:00,20,195,215,238.8,33432.0,0,107.46,5305.0,normal_energy,21155690.73
J021,B,249,1,2026-09-27 15:00:00,2,B-HT,M03,Maximum,2026-10-01 06:45:00,2026-10-01 13:00:00,0,375,375,906.25,126875.0,0,543.75,-4580.0,late_risk_fast,28451725.0
J021,B,249,1,2026-09-27 15:00:00,3,B-ASM,M02,Medium,2026-10-01 14:00:00,2026-10-01 18:15:00,0,255,255,233.75,32725.0,0,105.188,-5895.0,late_risk_fast,29796695.0
J058,C,297,2,2026-09-27 17:30:00,1,C-ASM,M02,Medium,2026-09-29 13:30:00,2026-09-29 18:45:00,15,300,315,277.75,38885.0,0,124.987,7245.0,normal_energy,14918170.494
J058,C,297,2,2026-09-27 17:30:00,2,C-HT,M03,Maximum,2026-10-01 13:00:00,2026-10-01 21:05:00,35,450,485,1104.417,154618.33,0,662.65,-3440.0,late_risk_fast,30443403.667
J058,C,297,2,2026-09-27 17:30:00,3,C-INS,M05,Light,2026-10-02 08:00:00,2026-10-02 11:10:00,10,180,190,97.067,13589.33,0,33.973,-6165.0,late_risk_fast,34242247.867
J029,A,289,1,2026-09-27 18:15:00,1,A-CUT,M01,Medium,2026-09-30 13:15:00,2026-09-30 17:20:00,20,225,245,274.8,38472.0,0,123.66,5875.0,normal_energy,21467170.83
J029,A,289,1,2026-09-27 18:15:00,2,A-PRS,M04,Maximum,2026-10-01 06:00:00,2026-10-01 12:00:00,0,360,360,750.0,105000.0,0,450.0,-4625.0,late_risk_fast,27109200.0
J029,A,289,1,2026-09-27 18:15:00,3,A-INS,M05,Light,2026-10-01 12:00:00,2026-10-01 15:10:00,10,180,190,97.067,13589.33,0,33.973,-5575.0,late_risk_fast,27879697.867
J036,B,287,2,2026-09-27 18:30:00,1,B-CUT,M01,Medium,2026-09-30 17:30:00,2026-09-30 21:35:00,20,225,245,274.8,38472.0,0,123.66,5995.0,normal_energy,22670842.83
J036,B,287,2,2026-09-27 18:30:00,2,B-HT,M03,Maximum,2026-10-01 21:15:00,2026-10-02 05:05:00,35,435,470,1068.167,149543.33,0,640.9,-4975.0,late_risk_fast,32308088.667
J036,B,287,2,2026-09-27 18:30:00,3,B-ASM,M02,Medium,2026-10-02 06:00:00,2026-10-02 11:15:00,15,300,315,277.75,38885.0,0,124.987,-6710.0,late_risk_fast,33847597.0
J023,C,71,2,2026-09-27 20:00:00,1,C-ASM,M02,Medium,2026-09-29 18:45:00,2026-09-29 20:15:00,15,75,90,71.5,10010.0,0,32.175,6030.0,normal_energy,14576199.088
J023,C,71,2,2026-09-27 20:00:00,2,C-HT,M03,Maximum,2026-10-02 05:15:00,2026-10-02 07:50:00,35,120,155,306.917,42968.33,0,184.15,-3050.0,late_risk_fast,33078623.667
J023,C,71,2,2026-09-27 20:00:00,3,C-INS,M05,Light,2026-10-02 11:15:00,2026-10-02 12:10:00,10,45,55,25.067,3509.33,0,8.773,-6525.0,late_risk_fast,33694381.867
J073,C,278,3,2026-09-27 20:00:00,1,C-ASM,M02,Medium,2026-10-02 11:15:00,2026-10-02 16:00:00,0,285,285,261.25,36575.0,0,117.562,6150.0,normal_energy,34970412.781
J073,C,278,3,2026-09-27 20:00:00,2,C-HT,M03,Maximum,2026-10-02 16:00:00,2026-10-02 23:00:00,0,420,420,1015.0,142100.0,0,609.0,-7380.0,late_risk_fast,36932620.0
J073,C,278,3,2026-09-27 20:00:00,3,C-INS,M05,Light,2026-10-03 08:00:00,2026-10-03 11:00:00,0,180,180,96.0,13440.0,0,33.6,-7560.0,late_risk_fast,40617888.0
J002,B,278,1,2026-09-27 22:00:00,1,B-CUT,M01,Medium,2026-10-01 06:00:00,2026-10-01 09:30:00,0,210,210,252.0,35280.0,0,113.4,5610.0,normal_energy,25193702.7
J002,B,278,1,2026-09-27 22:00:00,2,B-HT,M03,Maximum,2026-10-02 08:00:00,2026-10-02 15:35:00,35,420,455,1031.917,144468.33,0,619.15,-5465.0,late_risk_fast,34392223.667
J002,B,278,1,2026-09-27 22:00:00,3,B-ASM,M02,Medium,2026-10-02 16:00:00,2026-10-02 21:00:00,15,285,300,264.0,36960.0,0,118.8,-7115.0,late_risk_fast,35715762.0
