slot_of_week,weekday,slot_of_day,time_of_day,base_load_kW,base_load_median_kW,base_load_p90_kW,uci_load_type,uci_maximum_share
0,0,0,00:00,12.85,12.24,15.752,Light,0.0
1,0,1,00:15,12.956,12.24,15.912,Light,0.0
2,0,2,00:30,13.035,12.4,16.84,Light,0.0
3,0,3,00:45,13.085,12.24,15.968,Light,0.0
4,0,4,01:00,12.997,12.24,16.688,Light,0.0
5,0,5,01:15,12.794,12.24,15.56,Light,0.0
6,0,6,01:30,13.008,12.4,16.224,Light,0.0
7,0,7,01:45,12.882,12.4,15.56,Light,0.0
8,0,8,02:00,12.63,12.08,15.528,Light,0.0
9,0,9,02:15,12.98,12.08,15.4,Light,0.0
10,0,10,02:30,13.34,12.68,17.664,Light,0.0
11,0,11,02:45,12.99,12.08,15.936,Light,0.0
12,0,12,03:00,12.848,12.08,15.376,Light,0.0
13,0,13,03:15,12.751,11.96,15.504,Light,0.0
14,0,14,03:30,12.724,11.96,15.6,Light,0.0
15,0,15,03:45,12.756,12.24,15.504,Light,0.0
16,0,16,04:00,12.845,12.4,15.312,Light,0.0
17,0,17,04:15,12.782,12.24,15.216,Light,0.0
18,0,18,04:30,12.925,11.96,16.376,Light,0.0
19,0,19,04:45,12.878,12.08,16.824,Light,0.0
20,0,20,05:00,12.779,11.96,15.656,Light,0.0
21,0,21,05:15,12.618,11.96,15.728,Light,0.0
22,0,22,05:30,12.798,12.08,16.896,Light,0.0
23,0,23,05:45,12.466,11.8,15.248,Light,0.0
24,0,24,06:00,12.367,11.8,15.248,Light,0.0
25,0,25,06:15,12.623,12.08,15.528,Light,0.0
26,0,26,06:30,12.895,12.24,16.064,Light,0.0
27,0,27,06:45,12.731,11.96,15.28,Light,0.0
28,0,28,07:00,13.008,12.4,16.528,Light,0.0
29,0,29,07:15,15.638,14.56,21.056,Light,0.0
30,0,30,07:30,17.853,16.12,24.48,Light,0.0
31,0,31,07:45,20.112,18.28,29.024,Light,0.0
32,0,32,08:00,114.752,107.28,179.248,Light,0.0
33,0,33,08:15,251.374,236.0,368.576,Light,0.0
34,0,34,08:30,265.695,248.12,384.232,Light,0.0
35,0,35,08:45,276.251,248.24,445.768,Light,0.0
36,0,36,09:00,280.412,269.28,429.496,Medium,0.0
37,0,37,09:15,266.788,246.08,387.696,Medium,0.0
38,0,38,09:30,285.483,265.52,443.312,Medium,0.0
39,0,39,09:45,277.985,270.0,433.776,Medium,0.0
40,0,40,10:00,259.021,244.64,397.704,Maximum,0.943
41,0,41,10:15,269.785,233.56,427.552,Maximum,0.943
42,0,42,10:30,263.931,240.32,400.968,Maximum,0.943
43,0,43,10:45,271.781,257.6,400.768,Maximum,0.943
44,0,44,11:00,284.783,260.64,424.912,Maximum,0.943
45,0,45,11:15,271.371,262.8,416.896,Maximum,0.943
46,0,46,11:30,278.232,259.36,439.736,Maximum,0.943
47,0,47,11:45,252.95,237.6,411.216,Maximum,0.943
48,0,48,12:00,43.005,30.08,82.472,Medium,0.0
49,0,49,12:15,28.669,22.48,37.656,Medium,0.0
50,0,50,12:30,27.18,22.32,35.536,Medium,0.0
51,0,51,12:45,27.192,23.04,35.096,Medium,0.0
52,0,52,13:00,189.26,185.2,288.872,Maximum,0.642
53,0,53,13:15,278.242,266.12,394.256,Maximum,0.642
54,0,54,13:30,289.083,267.4,465.344,Maximum,0.642
55,0,55,13:45,283.115,260.08,449.872,Maximum,0.642
56,0,56,14:00,280.602,257.6,436.224,Maximum,0.642
57,0,57,14:15,281.37,255.6,435.12,Maximum,0.642
58,0,58,14:30,269.744,242.64,421.448,Maximum,0.642
59,0,59,14:45,265.072,243.52,416.768,Maximum,0.642
60,0,60,15:00,267.761,257.04,444.312,Maximum,0.642
61,0,61,15:15,261.191,247.84,404.392,Maximum,0.642
62,0,62,15:30,274.968,256.04,429.376,Maximum,0.642
63,0,63,15:45,276.381,263.08,434.32,Maximum,0.642
64,0,64,16:00,265.951,248.56,398.448,Maximum,0.642
65,0,65,16:15,262.306,245.8,408.112,Maximum,0.642
66,0,66,16:30,274.065,251.56,428.848,Maximum,0.642
67,0,67,16:45,275.57,254.6,428.656,Maximum,0.642
68,0,68,17:00,256.761,228.96,380.088,Medium,0.302
69,0,69,17:15,251.72,234.56,403.76,Medium,0.302
70,0,70,17:30,144.286,128.16,200.144,Medium,0.302
71,0,71,17:45,128.107,123.56,141.456,Medium,0.302
72,0,72,18:00,165.557,160.4,276.392,Medium,0.302
73,0,73,18:15,207.442,212.12,349.68,Medium,0.302
74,0,74,18:30,218.337,213.4,419.792,Medium,0.302
75,0,75,18:45,210.851,204.2,390.24,Medium,0.302
76,0,76,19:00,209.525,204.64,389.232,Medium,0.302
77,0,77,19:15,221.882,219.44,383.76,Medium,0.302
78,0,78,19:30,222.524,231.28,415.96,Medium,0.302
79,0,79,19:45,220.453,219.76,423.48,Medium,0.302
80,0,80,20:00,223.052,216.44,398.664,Medium,0.0
81,0,81,20:15,214.365,207.08,409.208,Medium,0.0
82,0,82,20:30,191.101,195.68,370.336,Medium,0.0
83,0,83,20:45,132.022,108.88,329.04,Medium,0.0
84,0,84,21:00,57.185,24.48,154.112,Medium,0.0
85,0,85,21:15,44.256,17.0,140.592,Medium,0.0
86,0,86,21:30,44.252,16.56,140.624,Medium,0.0
87,0,87,21:45,44.954,16.0,155.176,Medium,0.0
88,0,88,22:00,48.264,15.4,144.232,Medium,0.302
89,0,89,22:15,38.911,14.84,107.328,Medium,0.302
90,0,90,22:30,36.838,14.96,29.76,Medium,0.302
91,0,91,22:45,34.514,14.96,26.272,Medium,0.302
92,0,92,23:00,34.921,14.84,26.336,Light,0.0
93,0,93,23:15,36.772,14.84,26.24,Light,0.0
94,0,94,23:30,34.484,14.56,26.248,Light,0.0
95,0,95,23:45,36.675,14.56,26.112,Light,0.0
96,1,0,00:00,36.114,14.4,26.424,Light,0.0
97,1,1,00:15,39.337,14.62,26.692,Light,0.0
98,1,2,00:30,37.004,14.76,26.516,Light,0.0
99,1,3,00:45,41.599,14.56,26.66,Light,0.0
100,1,4,01:00,35.127,14.56,26.516,Light,0.0
101,1,5,01:15,24.466,14.04,23.704,Light,0.0
102,1,6,01:30,17.961,13.9,24.976,Light,0.0
103,1,7,01:45,17.045,13.98,23.032,Light,0.0
104,1,8,02:00,17.12,13.6,22.888,Light,0.0
105,1,9,02:15,17.022,13.62,22.932,Light,0.0
106,1,10,02:30,16.892,12.8,19.412,Light,0.0
107,1,11,02:45,16.721,12.8,19.0,Light,0.0
108,1,12,03:00,16.683,13.04,18.864,Light,0.0
109,1,13,03:15,16.655,12.6,18.848,Light,0.0
110,1,14,03:30,16.456,12.74,19.224,Light,0.0
111,1,15,03:45,16.764,12.54,18.988,Light,0.0
112,1,16,04:00,16.588,12.54,18.72,Light,0.0
113,1,17,04:15,16.348,12.66,18.532,Light,0.0
114,1,18,04:30,16.541,12.4,18.46,Light,0.0
115,1,19,04:45,16.217,12.6,18.532,Light,0.0
116,1,20,05:00,16.445,12.52,18.704,Light,0.0
117,1,21,05:15,16.532,12.74,18.692,Light,0.0
118,1,22,05:30,16.422,13.04,18.44,Light,0.0
119,1,23,05:45,16.698,12.66,18.704,Light,0.0
120,1,24,06:00,16.323,12.4,18.692,Light,0.0
121,1,25,06:15,16.122,12.54,18.704,Light,0.0
122,1,26,06:30,16.009,12.24,18.448,Light,0.0
123,1,27,06:45,15.721,12.08,18.196,Light,0.0
124,1,28,07:00,16.168,12.4,18.072,Light,0.0
125,1,29,07:15,18.227,13.82,21.836,Light,0.0
126,1,30,07:30,21.363,17.7,28.448,Light,0.0
127,1,31,07:45,29.263,21.46,38.492,Light,0.0
128,1,32,08:00,151.495,142.56,231.048,Light,0.0
129,1,33,08:15,243.643,226.86,374.564,Light,0.0
130,1,34,08:30,265.412,266.54,407.304,Light,0.0
131,1,35,08:45,290.912,279.22,482.192,Light,0.0
132,1,36,09:00,279.681,271.72,416.06,Medium,0.0
133,1,37,09:15,283.746,279.08,410.688,Medium,0.0
134,1,38,09:30,279.415,265.52,459.908,Medium,0.0
135,1,39,09:45,272.546,249.9,424.888,Medium,0.0
136,1,40,10:00,265.441,227.52,425.464,Maximum,0.942
137,1,41,10:15,261.782,236.16,408.6,Maximum,0.942
138,1,42,10:30,275.664,240.06,459.46,Maximum,0.942
139,1,43,10:45,266.892,256.32,420.748,Maximum,0.942
140,1,44,11:00,287.107,255.24,437.96,Maximum,0.942
141,1,45,11:15,284.135,262.22,425.284,Maximum,0.942
142,1,46,11:30,276.332,253.08,453.52,Maximum,0.942
143,1,47,11:45,273.556,265.6,434.052,Maximum,0.942
144,1,48,12:00,46.767,39.4,83.584,Medium,0.0
145,1,49,12:15,27.72,22.74,37.088,Medium,0.0
146,1,50,12:30,26.774,22.54,35.048,Medium,0.0
147,1,51,12:45,27.928,22.48,38.356,Medium,0.0
148,1,52,13:00,182.489,176.76,288.128,Maximum,0.635
149,1,53,13:15,285.736,257.68,460.64,Maximum,0.635
150,1,54,13:30,286.145,246.38,434.324,Maximum,0.635
151,1,55,13:45,279.957,254.0,433.388,Maximum,0.635
152,1,56,14:00,264.714,244.0,408.772,Maximum,0.635
153,1,57,14:15,274.39,251.42,419.344,Maximum,0.635
154,1,58,14:30,268.019,245.44,437.932,Maximum,0.635
155,1,59,14:45,270.076,257.68,401.164,Maximum,0.635
156,1,60,15:00,262.217,263.22,377.912,Maximum,0.635
157,1,61,15:15,268.865,256.32,405.596,Maximum,0.635
158,1,62,15:30,285.578,272.16,434.944,Maximum,0.635
159,1,63,15:45,277.58,270.8,426.276,Maximum,0.635
160,1,64,16:00,278.23,274.76,439.54,Maximum,0.635
161,1,65,16:15,276.398,268.12,418.096,Maximum,0.635
162,1,66,16:30,285.036,285.26,419.848,Maximum,0.635
163,1,67,16:45,281.371,276.4,417.4,Maximum,0.635
164,1,68,17:00,269.065,265.04,432.936,Medium,0.308
165,1,69,17:15,257.127,267.48,406.34,Medium,0.308
166,1,70,17:30,158.167,129.32,248.488,Medium,0.308
167,1,71,17:45,133.933,122.04,224.948,Medium,0.308
168,1,72,18:00,173.995,171.22,283.212,Medium,0.308
169,1,73,18:15,228.677,216.86,397.672,Medium,0.308
170,1,74,18:30,221.255,219.46,353.636,Medium,0.308
171,1,75,18:45,225.055,221.04,427.664,Medium,0.308
172,1,76,19:00,215.646,208.86,382.572,Medium,0.308
173,1,77,19:15,224.292,204.62,416.68,Medium,0.308
174,1,78,19:30,224.765,205.56,379.208,Medium,0.308
175,1,79,19:45,220.343,209.6,397.388,Medium,0.308
176,1,80,20:00,217.295,206.14,379.424,Medium,0.0
177,1,81,20:15,232.438,223.7,402.76,Medium,0.0
178,1,82,20:30,202.0,176.76,374.812,Medium,0.0
179,1,83,20:45,123.442,115.92,253.252,Medium,0.0
180,1,84,21:00,54.756,27.5,131.588,Medium,0.0
181,1,85,21:15,47.072,16.78,124.1,Medium,0.0
182,1,86,21:30,44.078,16.42,128.088,Medium,0.0
183,1,87,21:45,40.455,16.34,147.628,Medium,0.0
184,1,88,22:00,40.695,15.56,140.04,Medium,0.308
185,1,89,22:15,44.449,15.12,132.248,Medium,0.308
186,1,90,22:30,41.861,14.96,146.484,Medium,0.308
187,1,91,22:45,41.546,14.96,144.088,Medium,0.308
188,1,92,23:00,42.38,14.62,129.088,Light,0.0
189,1,93,23:15,40.47,14.56,122.832,Light,0.0
190,1,94,23:30,38.335,14.48,125.552,Light,0.0
191,1,95,23:45,38.911,14.62,122.86,Light,0.0
192,2,0,00:00,37.418,14.4,123.308,Light,0.0
193,2,1,00:15,40.035,14.56,126.352,Light,0.0
194,2,2,00:30,40.663,14.48,114.94,Light,0.0
195,2,3,00:45,40.911,14.24,106.408,Light,0.0
196,2,4,01:00,33.475,14.4,93.112,Light,0.0
197,2,5,01:15,22.947,14.4,23.416,Light,0.0
198,2,6,01:30,19.222,14.4,23.76,Light,0.0
199,2,7,01:45,18.318,14.04,22.472,Light,0.0
200,2,8,02:00,18.12,13.9,20.908,Light,0.0
201,2,9,02:15,18.145,13.76,20.996,Light,0.0
202,2,10,02:30,18.082,13.68,20.384,Light,0.0
203,2,11,02:45,17.741,12.88,20.456,Light,0.0
204,2,12,03:00,18.025,12.96,20.68,Light,0.0
205,2,13,03:15,18.775,13.12,20.412,Light,0.0
206,2,14,03:30,18.358,12.8,20.268,Light,0.0
207,2,15,03:45,17.994,12.74,18.72,Light,0.0
208,2,16,04:00,18.013,12.96,18.88,Light,0.0
209,2,17,04:15,17.742,12.68,18.548,Light,0.0
210,2,18,04:30,17.35,12.68,19.208,Light,0.0
211,2,19,04:45,17.128,12.4,19.368,Light,0.0
212,2,20,05:00,17.232,12.52,18.72,Light,0.0
213,2,21,05:15,17.455,12.46,18.28,Light,0.0
214,2,22,05:30,17.556,12.6,18.28,Light,0.0
215,2,23,05:45,17.41,12.74,18.268,Light,0.0
216,2,24,06:00,17.809,12.54,18.548,Light,0.0
217,2,25,06:15,17.996,12.82,18.424,Light,0.0
218,2,26,06:30,17.65,13.04,18.368,Light,0.0
219,2,27,06:45,17.578,12.52,17.352,Light,0.0
220,2,28,07:00,17.262,12.68,17.812,Light,0.0
221,2,29,07:15,19.424,14.04,21.764,Light,0.0
222,2,30,07:30,24.39,18.14,31.48,Light,0.0
223,2,31,07:45,31.34,21.38,54.916,Light,0.0
224,2,32,08:00,159.069,150.92,226.16,Light,0.0
225,2,33,08:15,269.942,249.7,412.768,Light,0.0
226,2,34,08:30,284.293,261.86,428.796,Light,0.0
227,2,35,08:45,276.33,246.1,441.604,Light,0.0
228,2,36,09:00,279.042,257.96,438.028,Medium,0.0
229,2,37,09:15,286.857,267.92,443.7,Medium,0.0
230,2,38,09:30,272.74,255.96,436.552,Medium,0.0
231,2,39,09:45,269.892,251.64,434.636,Medium,0.0
232,2,40,10:00,256.118,244.08,376.832,Maximum,0.942
233,2,41,10:15,267.085,240.9,450.2,Maximum,0.942
234,2,42,10:30,265.439,257.68,407.8,Maximum,0.942
235,2,43,10:45,295.369,279.36,447.328,Maximum,0.942
236,2,44,11:00,291.302,266.26,439.468,Maximum,0.942
237,2,45,11:15,284.038,243.22,446.508,Maximum,0.942
238,2,46,11:30,266.75,247.18,394.544,Maximum,0.942
239,2,47,11:45,244.678,211.24,412.244,Maximum,0.942
240,2,48,12:00,40.369,30.9,79.632,Medium,0.0
241,2,49,12:15,27.647,23.1,34.036,Medium,0.0
242,2,50,12:30,28.149,23.68,36.224,Medium,0.0
243,2,51,12:45,29.332,23.26,36.208,Medium,0.0
244,2,52,13:00,171.38,168.56,265.68,Maximum,0.635
245,2,53,13:15,266.295,247.9,429.796,Maximum,0.635
246,2,54,13:30,258.91,245.44,392.788,Maximum,0.635
247,2,55,13:45,279.498,266.04,438.048,Maximum,0.635
248,2,56,14:00,285.861,268.84,447.572,Maximum,0.635
249,2,57,14:15,272.125,245.3,477.72,Maximum,0.635
250,2,58,14:30,272.985,261.58,434.376,Maximum,0.635
251,2,59,14:45,279.835,258.4,441.488,Maximum,0.635
252,2,60,15:00,270.658,241.14,465.156,Maximum,0.635
253,2,61,15:15,269.159,253.94,445.508,Maximum,0.635
254,2,62,15:30,271.022,251.34,412.792,Maximum,0.635
255,2,63,15:45,271.092,243.66,452.548,Maximum,0.635
256,2,64,16:00,264.628,247.54,402.856,Maximum,0.635
257,2,65,16:15,280.148,257.84,447.256,Maximum,0.635
258,2,66,16:30,287.726,252.88,474.104,Maximum,0.635
259,2,67,16:45,269.837,259.4,435.672,Maximum,0.635
260,2,68,17:00,269.621,246.1,476.012,Medium,0.308
261,2,69,17:15,251.815,240.98,432.088,Medium,0.308
262,2,70,17:30,173.331,142.98,301.58,Medium,0.308
263,2,71,17:45,135.333,125.92,210.152,Medium,0.308
264,2,72,18:00,124.455,140.32,234.872,Medium,0.308
265,2,73,18:15,154.137,157.38,369.252,Medium,0.308
266,2,74,18:30,151.595,152.0,339.156,Medium,0.308
267,2,75,18:45,158.055,161.5,385.588,Medium,0.308
268,2,76,19:00,152.064,160.2,336.472,Medium,0.308
269,2,77,19:15,150.662,165.68,326.476,Medium,0.308
270,2,78,19:30,147.891,155.88,370.268,Medium,0.308
271,2,79,19:45,153.55,148.46,370.348,Medium,0.308
272,2,80,20:00,159.595,158.76,381.004,Medium,0.0
273,2,81,20:15,154.218,152.8,371.836,Medium,0.0
274,2,82,20:30,133.906,120.96,344.396,Medium,0.0
275,2,83,20:45,90.133,36.0,226.556,Medium,0.0
276,2,84,21:00,54.913,21.6,149.236,Medium,0.0
277,2,85,21:15,49.363,17.36,159.192,Medium,0.0
278,2,86,21:30,48.443,16.26,148.696,Medium,0.0
279,2,87,21:45,39.593,16.28,135.172,Medium,0.0
280,2,88,22:00,34.38,15.84,41.456,Medium,0.308
281,2,89,22:15,32.804,14.9,21.744,Medium,0.308
282,2,90,22:30,31.518,14.76,21.584,Medium,0.308
283,2,91,22:45,34.164,14.56,21.428,Medium,0.308
284,2,92,23:00,33.887,14.32,21.292,Light,0.0
285,2,93,23:15,34.529,14.24,20.9,Light,0.0
286,2,94,23:30,33.838,14.24,20.932,Light,0.0
287,2,95,23:45,30.667,14.24,20.944,Light,0.0
288,3,0,00:00,33.367,14.48,20.692,Light,0.0
289,3,1,00:15,33.265,14.62,21.104,Light,0.0
290,3,2,00:30,31.42,14.04,20.692,Light,0.0
291,3,3,00:45,34.583,14.12,19.132,Light,0.0
292,3,4,01:00,30.894,14.04,18.44,Light,0.0
293,3,5,01:15,20.935,13.82,18.44,Light,0.0
294,3,6,01:30,18.714,14.12,18.72,Light,0.0
295,3,7,01:45,19.015,13.52,21.168,Light,0.0
296,3,8,02:00,19.253,13.18,19.412,Light,0.0
297,3,9,02:15,19.285,13.12,20.504,Light,0.0
298,3,10,02:30,18.778,13.24,20.044,Light,0.0
299,3,11,02:45,18.864,12.68,22.148,Light,0.0
300,3,12,03:00,19.052,13.02,20.412,Light,0.0
301,3,13,03:15,18.583,12.96,18.424,Light,0.0
302,3,14,03:30,18.577,12.68,18.424,Light,0.0
303,3,15,03:45,19.012,12.74,19.872,Light,0.0
304,3,16,04:00,19.283,12.68,20.492,Light,0.0
305,3,17,04:15,19.173,12.6,18.424,Light,0.0
306,3,18,04:30,18.645,12.68,18.548,Light,0.0
307,3,19,04:45,18.767,12.68,18.016,Light,0.0
308,3,20,05:00,18.808,12.46,17.548,Light,0.0
309,3,21,05:15,18.412,12.52,17.704,Light,0.0
310,3,22,05:30,18.757,12.66,17.84,Light,0.0
311,3,23,05:45,19.035,12.46,17.224,Light,0.0
312,3,24,06:00,18.143,12.74,16.724,Light,0.0
313,3,25,06:15,18.978,12.6,18.268,Light,0.0
314,3,26,06:30,18.828,12.68,17.692,Light,0.0
315,3,27,06:45,18.335,12.4,18.236,Light,0.0
316,3,28,07:00,18.24,12.24,18.1,Light,0.0
317,3,29,07:15,20.425,14.04,19.568,Light,0.0
318,3,30,07:30,23.757,17.0,28.64,Light,0.0
319,3,31,07:45,27.183,20.58,32.5,Light,0.0
320,3,32,08:00,191.397,173.0,312.552,Light,0.0
321,3,33,08:15,305.288,286.14,471.716,Light,0.0
322,3,34,08:30,307.401,269.42,469.268,Light,0.0
323,3,35,08:45,323.661,303.12,497.944,Light,0.0
324,3,36,09:00,308.033,282.96,471.728,Medium,0.0
325,3,37,09:15,300.822,259.64,481.824,Medium,0.0
326,3,38,09:30,298.718,292.82,452.528,Medium,0.0
327,3,39,09:45,292.326,268.92,469.404,Medium,0.0
328,3,40,10:00,302.987,268.92,491.744,Maximum,0.962
329,3,41,10:15,289.321,265.46,439.424,Maximum,0.962
330,3,42,10:30,294.67,269.5,462.212,Maximum,0.962
331,3,43,10:45,280.6,256.52,417.008,Maximum,0.962
332,3,44,11:00,285.437,251.0,450.272,Maximum,0.962
333,3,45,11:15,285.953,254.3,458.18,Maximum,0.962
334,3,46,11:30,286.922,270.5,450.296,Maximum,0.962
335,3,47,11:45,276.387,231.9,450.504,Maximum,0.962
336,3,48,12:00,49.101,44.7,87.536,Medium,0.0
337,3,49,12:15,28.675,24.04,41.14,Medium,0.0
338,3,50,12:30,30.302,22.4,40.78,Medium,0.0
339,3,51,12:45,33.602,24.12,68.672,Medium,0.0
340,3,52,13:00,187.318,168.62,314.524,Maximum,0.654
341,3,53,13:15,272.024,250.56,437.96,Maximum,0.654
342,3,54,13:30,272.189,245.3,481.076,Maximum,0.654
343,3,55,13:45,266.752,246.1,426.356,Maximum,0.654
344,3,56,14:00,264.631,236.1,436.104,Maximum,0.654
345,3,57,14:15,265.352,241.92,435.32,Maximum,0.654
346,3,58,14:30,265.271,237.74,427.024,Maximum,0.654
347,3,59,14:45,270.798,245.24,443.78,Maximum,0.654
348,3,60,15:00,260.983,235.08,420.084,Maximum,0.654
349,3,61,15:15,261.572,230.1,406.8,Maximum,0.654
350,3,62,15:30,281.624,258.92,454.304,Maximum,0.654
351,3,63,15:45,262.866,251.72,401.816,Maximum,0.654
352,3,64,16:00,277.955,240.9,443.332,Maximum,0.654
353,3,65,16:15,271.536,253.16,398.32,Maximum,0.654
354,3,66,16:30,264.813,229.96,409.68,Maximum,0.654
355,3,67,16:45,251.23,226.08,390.204,Maximum,0.654
356,3,68,17:00,270.641,240.7,441.064,Medium,0.308
357,3,69,17:15,243.981,222.42,394.12,Medium,0.308
358,3,70,17:30,137.975,127.16,200.288,Medium,0.308
359,3,71,17:45,130.982,124.14,173.52,Medium,0.308
360,3,72,18:00,180.622,170.28,272.608,Medium,0.308
361,3,73,18:15,228.064,213.26,412.568,Medium,0.308
362,3,74,18:30,216.218,211.54,337.248,Medium,0.308
363,3,75,18:45,231.463,227.52,427.104,Medium,0.308
364,3,76,19:00,214.949,212.84,359.048,Medium,0.308
365,3,77,19:15,222.671,208.58,370.856,Medium,0.308
366,3,78,19:30,223.345,198.22,401.228,Medium,0.308
367,3,79,19:45,216.407,198.86,379.296,Medium,0.308
368,3,80,20:00,216.952,215.72,366.416,Medium,0.0
369,3,81,20:15,235.69,213.34,430.184,Medium,0.0
370,3,82,20:30,201.626,173.96,410.888,Medium,0.0
371,3,83,20:45,136.433,110.08,299.044,Medium,0.0
372,3,84,21:00,77.192,27.28,247.636,Medium,0.0
373,3,85,21:15,52.722,18.5,160.864,Medium,0.0
374,3,86,21:30,43.755,16.4,133.436,Medium,0.0
375,3,87,21:45,41.743,16.28,123.38,Medium,0.0
376,3,88,22:00,39.685,15.48,45.388,Medium,0.308
377,3,89,22:15,36.102,15.04,26.136,Medium,0.308
378,3,90,22:30,39.482,14.84,25.868,Medium,0.308
379,3,91,22:45,41.073,15.12,28.568,Medium,0.308
380,3,92,23:00,35.87,14.76,29.824,Light,0.0
381,3,93,23:15,34.091,14.62,27.108,Light,0.0
382,3,94,23:30,36.598,14.48,21.512,Light,0.0
383,3,95,23:45,39.829,14.56,20.968,Light,0.0
384,4,0,00:00,30.361,14.32,21.16,Light,0.0
385,4,1,00:15,38.746,14.24,21.032,Light,0.0
386,4,2,00:30,35.905,14.4,20.908,Light,0.0
387,4,3,00:45,33.632,14.4,21.016,Light,0.0
388,4,4,01:00,24.041,14.32,20.924,Light,0.0
389,4,5,01:15,21.534,14.32,21.368,Light,0.0
390,4,6,01:30,20.223,14.4,21.204,Light,0.0
391,4,7,01:45,19.115,14.32,19.664,Light,0.0
392,4,8,02:00,22.425,13.46,19.808,Light,0.0
393,4,9,02:15,22.317,12.8,19.808,Light,0.0
394,4,10,02:30,20.325,12.88,19.664,Light,0.0
395,4,11,02:45,21.089,12.8,20.188,Light,0.0
396,4,12,03:00,20.312,12.68,19.916,Light,0.0
397,4,13,03:15,21.456,12.8,19.792,Light,0.0
398,4,14,03:30,19.235,12.74,20.032,Light,0.0
399,4,15,03:45,19.102,12.68,19.0,Light,0.0
400,4,16,04:00,19.117,12.74,19.144,Light,0.0
401,4,17,04:15,20.109,13.04,20.044,Light,0.0
402,4,18,04:30,18.887,12.88,18.944,Light,0.0
403,4,19,04:45,18.64,12.8,18.836,Light,0.0
404,4,20,05:00,18.962,12.54,19.424,Light,0.0
405,4,21,05:15,20.562,12.88,18.504,Light,0.0
406,4,22,05:30,21.922,12.6,18.928,Light,0.0
407,4,23,05:45,21.122,12.46,18.704,Light,0.0
408,4,24,06:00,21.338,12.74,18.944,Light,0.0
409,4,25,06:15,21.855,12.54,18.404,Light,0.0
410,4,26,06:30,20.911,12.32,17.516,Light,0.0
411,4,27,06:45,22.001,12.24,17.264,Light,0.0
412,4,28,07:00,21.557,12.32,18.124,Light,0.0
413,4,29,07:15,21.214,13.9,20.924,Light,0.0
414,4,30,07:30,26.972,16.48,29.108,Light,0.0
415,4,31,07:45,26.195,19.22,35.944,Light,0.0
416,4,32,08:00,156.597,143.42,241.18,Light,0.0
417,4,33,08:15,260.635,232.48,411.824,Light,0.0
418,4,34,08:30,279.825,243.86,458.452,Light,0.0
419,4,35,08:45,290.583,256.48,452.932,Light,0.0
420,4,36,09:00,293.703,259.7,463.6,Medium,0.0
421,4,37,09:15,276.915,249.4,435.428,Medium,0.0
422,4,38,09:30,264.379,250.7,421.22,Medium,0.0
423,4,39,09:45,263.182,248.1,400.228,Medium,0.0
424,4,40,10:00,254.578,226.38,415.28,Maximum,0.962
425,4,41,10:15,258.041,240.78,407.836,Maximum,0.962
426,4,42,10:30,251.716,228.82,399.22,Maximum,0.962
427,4,43,10:45,256.311,241.2,391.032,Maximum,0.962
428,4,44,11:00,262.412,249.54,431.804,Maximum,0.962
429,4,45,11:15,269.604,250.78,442.64,Maximum,0.962
430,4,46,11:30,260.805,243.72,416.5,Maximum,0.962
431,4,47,11:45,255.243,225.72,453.296,Maximum,0.962
432,4,48,12:00,46.342,34.42,103.088,Medium,0.0
433,4,49,12:15,24.532,21.96,38.736,Medium,0.0
434,4,50,12:30,23.851,21.1,33.532,Medium,0.0
435,4,51,12:45,23.976,22.04,33.884,Medium,0.0
436,4,52,13:00,174.841,164.38,277.372,Maximum,0.654
437,4,53,13:15,260.305,238.32,426.196,Maximum,0.654
438,4,54,13:30,270.731,246.24,428.74,Maximum,0.654
439,4,55,13:45,258.359,236.96,402.068,Maximum,0.654
440,4,56,14:00,266.001,229.74,414.964,Maximum,0.654
441,4,57,14:15,269.82,240.2,433.576,Maximum,0.654
442,4,58,14:30,270.388,242.14,437.184,Maximum,0.654
443,4,59,14:45,266.162,247.18,416.176,Maximum,0.654
444,4,60,15:00,248.149,219.6,386.8,Maximum,0.654
445,4,61,15:15,267.525,230.26,460.784,Maximum,0.654
446,4,62,15:30,261.2,231.84,442.784,Maximum,0.654
447,4,63,15:45,255.565,230.82,408.96,Maximum,0.654
448,4,64,16:00,276.294,242.14,449.316,Maximum,0.654
449,4,65,16:15,255.948,233.5,402.716,Maximum,0.654
450,4,66,16:30,278.278,245.66,445.96,Maximum,0.654
451,4,67,16:45,251.913,228.1,411.46,Maximum,0.654
452,4,68,17:00,243.877,232.48,364.12,Medium,0.308
453,4,69,17:15,235.685,220.76,397.404,Medium,0.308
454,4,70,17:30,142.014,125.56,205.22,Medium,0.308
455,4,71,17:45,132.378,122.18,195.788,Medium,0.308
456,4,72,18:00,158.27,158.48,250.328,Medium,0.308
457,4,73,18:15,203.446,207.14,317.32,Medium,0.308
458,4,74,18:30,200.544,206.8,359.28,Medium,0.308
459,4,75,18:45,204.748,211.18,387.332,Medium,0.308
460,4,76,19:00,202.898,196.56,344.016,Medium,0.308
461,4,77,19:15,204.345,214.28,317.752,Medium,0.308
462,4,78,19:30,213.591,195.04,404.336,Medium,0.308
463,4,79,19:45,210.014,208.02,411.524,Medium,0.308
464,4,80,20:00,210.725,203.4,400.544,Medium,0.0
465,4,81,20:15,197.949,202.1,337.696,Medium,0.0
466,4,82,20:30,189.179,180.72,387.604,Medium,0.0
467,4,83,20:45,114.285,111.4,238.156,Medium,0.0
468,4,84,21:00,60.127,22.62,155.52,Medium,0.0
469,4,85,21:15,52.508,17.44,158.732,Medium,0.0
470,4,86,21:30,46.501,16.72,147.616,Medium,0.0
471,4,87,21:45,50.834,16.56,144.412,Medium,0.0
472,4,88,22:00,45.177,15.68,154.388,Medium,0.308
473,4,89,22:15,38.754,15.4,131.336,Medium,0.308
474,4,90,22:30,47.296,14.98,127.052,Medium,0.308
475,4,91,22:45,37.343,15.06,128.996,Medium,0.308
476,4,92,23:00,38.762,14.76,132.32,Light,0.0
477,4,93,23:15,46.49,14.32,112.852,Light,0.0
478,4,94,23:30,40.772,14.56,112.16,Light,0.0
479,4,95,23:45,42.482,14.54,112.372,Light,0.0
480,5,0,00:00,43.126,14.24,133.544,Light,0.0
481,5,1,00:15,40.765,14.24,135.036,Light,0.0
482,5,2,00:30,38.779,14.24,73.384,Light,0.0
483,5,3,00:45,34.83,14.24,27.468,Light,0.0
484,5,4,01:00,35.279,14.18,22.652,Light,0.0
485,5,5,01:15,25.721,13.52,19.808,Light,0.0
486,5,6,01:30,23.928,13.96,19.512,Light,0.0
487,5,7,01:45,21.462,13.68,23.524,Light,0.0
488,5,8,02:00,18.222,14.18,21.832,Light,0.0
489,5,9,02:15,20.736,13.54,18.676,Light,0.0
490,5,10,02:30,20.572,12.96,18.844,Light,0.0
491,5,11,02:45,18.598,12.88,20.204,Light,0.0
492,5,12,03:00,19.308,12.68,19.252,Light,0.0
493,5,13,03:15,20.568,13.04,20.824,Light,0.0
494,5,14,03:30,18.908,13.02,18.772,Light,0.0
495,5,15,03:45,19.745,13.12,19.16,Light,0.0
496,5,16,04:00,20.234,12.68,18.692,Light,0.0
497,5,17,04:15,18.193,12.82,18.856,Light,0.0
498,5,18,04:30,20.502,12.52,18.676,Light,0.0
499,5,19,04:45,19.883,12.68,18.772,Light,0.0
500,5,20,05:00,18.612,12.68,18.972,Light,0.0
501,5,21,05:15,20.46,12.68,18.664,Light,0.0
502,5,22,05:30,18.132,12.4,18.756,Light,0.0
503,5,23,05:45,17.727,12.52,18.72,Light,0.0
504,5,24,06:00,20.401,12.52,18.756,Light,0.0
505,5,25,06:15,18.839,12.52,16.796,Light,0.0
506,5,26,06:30,18.765,12.8,16.784,Light,0.0
507,5,27,06:45,20.345,12.68,16.544,Light,0.0
508,5,28,07:00,17.589,12.74,17.576,Light,0.0
509,5,29,07:15,16.712,13.04,16.4,Light,0.0
510,5,30,07:30,17.474,13.6,25.012,Light,0.0
511,5,31,07:45,20.316,13.52,27.504,Light,0.0
512,5,32,08:00,89.882,95.04,159.164,Light,0.0
513,5,33,08:15,148.489,142.78,359.388,Light,0.0
514,5,34,08:30,139.175,135.36,294.992,Light,0.0
515,5,35,08:45,143.964,148.96,252.836,Light,0.0
516,5,36,09:00,151.455,148.68,336.068,Medium,0.0
517,5,37,09:15,146.051,142.56,299.88,Medium,0.0
518,5,38,09:30,142.095,146.22,250.516,Medium,0.0
519,5,39,09:45,145.035,137.68,282.368,Medium,0.0
520,5,40,10:00,145.905,149.26,294.76,Maximum,0.731
521,5,41,10:15,148.066,154.36,309.672,Maximum,0.731
522,5,42,10:30,147.628,146.38,288.02,Maximum,0.731
523,5,43,10:45,155.062,146.16,364.048,Maximum,0.731
524,5,44,11:00,142.73,137.16,268.724,Maximum,0.731
525,5,45,11:15,146.409,147.38,291.528,Maximum,0.731
526,5,46,11:30,145.442,139.38,291.616,Maximum,0.731
527,5,47,11:45,106.313,90.92,226.232,Maximum,0.731
528,5,48,12:00,25.505,15.54,39.248,Medium,0.0
529,5,49,12:15,20.312,16.64,24.984,Medium,0.0
530,5,50,12:30,20.444,16.4,25.596,Medium,0.0
531,5,51,12:45,20.73,16.34,26.036,Medium,0.0
532,5,52,13:00,74.014,73.52,136.1,Maximum,0.538
533,5,53,13:15,151.325,151.7,334.276,Maximum,0.538
534,5,54,13:30,151.055,143.72,330.292,Maximum,0.538
535,5,55,13:45,154.525,143.36,362.224,Maximum,0.538
536,5,56,14:00,145.119,144.78,298.0,Maximum,0.538
537,5,57,14:15,154.367,140.18,333.324,Maximum,0.538
538,5,58,14:30,151.035,144.06,317.32,Maximum,0.538
539,5,59,14:45,158.344,144.64,338.176,Maximum,0.538
540,5,60,15:00,153.372,143.72,369.604,Maximum,0.538
541,5,61,15:15,156.283,145.8,324.34,Maximum,0.538
542,5,62,15:30,163.725,144.78,343.692,Maximum,0.538
543,5,63,15:45,146.872,140.76,311.544,Maximum,0.538
544,5,64,16:00,153.275,148.02,315.664,Maximum,0.538
545,5,65,16:15,148.156,141.28,333.576,Maximum,0.538
546,5,66,16:30,140.021,129.88,352.736,Maximum,0.538
547,5,67,16:45,75.312,41.62,159.984,Maximum,0.538
548,5,68,17:00,38.946,18.0,104.212,Medium,0.192
549,5,69,17:15,35.028,16.06,100.008,Medium,0.192
550,5,70,17:30,33.513,15.4,104.3,Medium,0.192
551,5,71,17:45,34.641,15.04,97.344,Medium,0.192
552,5,72,18:00,31.698,14.68,95.168,Medium,0.192
553,5,73,18:15,31.564,14.48,25.604,Medium,0.192
554,5,74,18:30,28.671,14.68,21.304,Medium,0.192
555,5,75,18:45,31.088,14.96,20.528,Medium,0.192
556,5,76,19:00,28.996,14.84,20.664,Medium,0.192
557,5,77,19:15,26.009,14.84,20.0,Medium,0.192
558,5,78,19:30,29.461,14.76,19.96,Medium,0.192
559,5,79,19:45,29.867,14.54,20.044,Medium,0.192
560,5,80,20:00,29.556,14.18,19.424,Medium,0.0
561,5,81,20:15,28.473,14.48,19.54,Medium,0.0
562,5,82,20:30,26.323,14.56,19.108,Medium,0.0
563,5,83,20:45,25.864,14.34,19.18,Medium,0.0
564,5,84,21:00,26.016,14.4,18.944,Medium,0.0
565,5,85,21:15,25.37,14.04,20.204,Medium,0.0
566,5,86,21:30,26.457,13.76,19.028,Medium,0.0
567,5,87,21:45,23.398,13.76,18.368,Medium,0.0
568,5,88,22:00,25.642,13.24,18.416,Medium,0.192
569,5,89,22:15,24.288,12.52,18.368,Medium,0.192
570,5,90,22:30,24.244,12.46,18.62,Medium,0.192
571,5,91,22:45,23.669,12.32,18.28,Medium,0.192
572,5,92,23:00,23.612,12.16,17.532,Light,0.0
573,5,93,23:15,23.451,11.96,16.048,Light,0.0
574,5,94,23:30,22.961,12.08,15.28,Light,0.0
575,5,95,23:45,21.873,12.08,17.064,Light,0.0
576,6,0,00:00,22.248,12.24,16.328,Light,0.0
577,6,1,00:15,21.832,11.88,15.94,Light,0.0
578,6,2,00:30,19.921,11.74,16.288,Light,0.0
579,6,3,00:45,20.232,11.88,18.252,Light,0.0
580,6,4,01:00,17.288,12.02,17.984,Light,0.0
581,6,5,01:15,15.905,12.24,17.604,Light,0.0
582,6,6,01:30,15.657,11.88,16.532,Light,0.0
583,6,7,01:45,15.828,11.88,16.616,Light,0.0
584,6,8,02:00,15.318,11.94,16.22,Light,0.0
585,6,9,02:15,15.278,12.24,16.652,Light,0.0
586,6,10,02:30,15.838,12.4,16.712,Light,0.0
587,6,11,02:45,15.985,12.24,17.928,Light,0.0
588,6,12,03:00,15.722,12.24,16.768,Light,0.0
589,6,13,03:15,15.743,12.08,15.388,Light,0.0
590,6,14,03:30,15.731,12.24,17.264,Light,0.0
591,6,15,03:45,15.575,12.32,15.796,Light,0.0
592,6,16,04:00,15.706,12.24,15.784,Light,0.0
593,6,17,04:15,15.354,12.16,16.064,Light,0.0
594,6,18,04:30,15.713,12.24,16.544,Light,0.0
595,6,19,04:45,15.895,12.4,17.632,Light,0.0
596,6,20,05:00,15.068,12.32,16.472,Light,0.0
597,6,21,05:15,14.018,12.08,16.388,Light,0.0
598,6,22,05:30,12.866,11.96,16.784,Light,0.0
599,6,23,05:45,12.792,11.96,16.576,Light,0.0
600,6,24,06:00,12.713,12.08,15.928,Light,0.0
601,6,25,06:15,12.64,12.08,15.652,Light,0.0
602,6,26,06:30,12.932,11.96,17.08,Light,0.0
603,6,27,06:45,12.771,12.08,16.236,Light,0.0
604,6,28,07:00,12.516,11.8,15.444,Light,0.0
605,6,29,07:15,12.54,11.8,15.328,Light,0.0
606,6,30,07:30,12.668,12.16,15.824,Light,0.0
607,6,31,07:45,14.532,12.24,17.784,Light,0.0
608,6,32,08:00,42.572,13.1,105.976,Light,0.0
609,6,33,08:15,65.489,13.02,195.32,Light,0.0
610,6,34,08:30,60.635,13.82,167.492,Light,0.0
611,6,35,08:45,65.008,15.48,164.896,Light,0.0
612,6,36,09:00,60.27,14.82,144.208,Light,0.0
613,6,37,09:15,63.161,14.54,155.428,Light,0.0
614,6,38,09:30,68.01,14.32,199.456,Light,0.0
615,6,39,09:45,62.445,14.76,144.0,Light,0.0
616,6,40,10:00,64.752,14.76,198.46,Light,0.327
617,6,41,10:15,64.89,14.62,189.268,Light,0.327
618,6,42,10:30,64.339,14.32,139.952,Light,0.327
619,6,43,10:45,62.242,14.9,140.42,Light,0.327
620,6,44,11:00,66.597,14.48,149.248,Light,0.327
621,6,45,11:15,62.407,13.96,204.356,Light,0.327
622,6,46,11:30,64.188,14.4,214.236,Light,0.327
623,6,47,11:45,41.472,13.54,136.096,Light,0.327
624,6,48,12:00,16.96,13.54,22.176,Light,0.0
625,6,49,12:15,16.848,13.98,21.024,Light,0.0
626,6,50,12:30,16.795,13.9,21.384,Light,0.0
627,6,51,12:45,16.46,14.04,20.356,Light,0.0
628,6,52,13:00,37.534,14.62,89.836,Light,0.231
629,6,53,13:15,67.28,14.56,144.956,Light,0.231
630,6,54,13:30,61.742,13.76,199.78,Light,0.231
631,6,55,13:45,62.418,15.04,140.356,Light,0.231
632,6,56,14:00,59.25,14.84,141.076,Light,0.231
633,6,57,14:15,59.904,14.1,141.112,Light,0.231
634,6,58,14:30,59.657,14.9,144.98,Light,0.231
635,6,59,14:45,58.42,14.24,139.196,Light,0.231
636,6,60,15:00,57.632,13.68,146.972,Light,0.231
637,6,61,15:15,57.97,14.24,134.44,Light,0.231
638,6,62,15:30,57.804,15.12,147.152,Light,0.231
639,6,63,15:45,57.182,15.68,145.592,Light,0.231
640,6,64,16:00,57.992,15.56,152.372,Light,0.231
641,6,65,16:15,52.412,14.32,135.488,Light,0.231
642,6,66,16:30,47.272,14.76,140.6,Light,0.231
643,6,67,16:45,25.923,14.26,37.736,Light,0.231
644,6,68,17:00,20.468,13.96,20.32,Light,0.096
645,6,69,17:15,20.326,14.32,19.856,Light,0.096
646,6,70,17:30,19.438,13.82,19.988,Light,0.096
647,6,71,17:45,18.378,13.6,19.836,Light,0.096
648,6,72,18:00,18.608,13.68,18.884,Light,0.096
649,6,73,18:15,18.747,13.46,18.8,Light,0.096
650,6,74,18:30,19.018,13.04,19.72,Light,0.096
651,6,75,18:45,19.511,13.46,19.864,Light,0.096
652,6,76,19:00,19.579,13.38,19.764,Light,0.096
653,6,77,19:15,19.396,13.32,19.476,Light,0.096
654,6,78,19:30,19.217,12.8,19.144,Light,0.096
655,6,79,19:45,19.61,13.18,19.944,Light,0.096
656,6,80,20:00,19.327,13.4,17.84,Light,0.0
657,6,81,20:15,19.314,13.62,18.988,Light,0.0
658,6,82,20:30,19.325,13.4,18.916,Light,0.0
659,6,83,20:45,16.784,13.18,19.556,Light,0.0
660,6,84,21:00,16.109,13.1,17.048,Light,0.0
661,6,85,21:15,15.985,12.8,18.396,Light,0.0
662,6,86,21:30,15.941,12.82,18.424,Light,0.0
663,6,87,21:45,15.938,13.4,18.18,Light,0.0
664,6,88,22:00,15.539,13.04,16.928,Light,0.096
665,6,89,22:15,13.565,12.02,16.12,Light,0.096
666,6,90,22:30,12.806,12.24,16.252,Light,0.096
667,6,91,22:45,13.003,12.08,16.0,Light,0.096
668,6,92,23:00,12.68,11.94,15.94,Light,0.0
669,6,93,23:15,12.646,11.88,16.0,Light,0.0
670,6,94,23:30,12.673,11.68,16.704,Light,0.0
671,6,95,23:45,12.833,11.68,17.38,Light,0.0
