job_id,product_type,quantity,priority,due_time,process_step,process_id,machine_id,load_type,start_time,end_time,setup_time_min,processing_time_min,total_time_min,energy_kWh_est,energy_cost_est,peak_overlap_slots,co2_kg_est,candidate_score,common_energy_kWh,common_energy_cost,common_peak_overlap_slots,common_co2_kg,common_co2_kg_loadtype_proxy,outside_energy_context
J027,A,106,1,2026-09-22 03:00:00,1,A-CUT,M01,Medium,2026-09-21 06:00:00,2026-09-21 07:30:00,0,90,90,108.0,9720.0,0,48.6,9762.3,108.0,9720.0,0,49.518,48.6,0
J027,A,106,1,2026-09-22 03:00:00,2,A-PRS,M04,Maximum,2026-09-21 07:30:00,2026-09-21 09:45:00,0,135,135,281.25,36250.0,0,168.75,36334.375,281.25,36250.0,0,128.953,168.75,0
J027,A,106,1,2026-09-22 03:00:00,3,A-INS,M05,Light,2026-09-21 12:00:00,2026-09-21 13:15:00,0,75,75,40.0,5600.0,0,14.0,5613.75,40.0,5600.0,0,18.34,14.0,0
J034,C,264,2,2026-09-23 03:00:00,1,C-ASM,M02,Medium,2026-09-21 06:00:00,2026-09-21 10:30:00,0,270,270,247.5,31350.0,2,111.375,32420.688,247.5,31350.0,2,113.479,111.375,0
J034,C,264,2,2026-09-23 03:00:00,2,C-HT,M03,Maximum,2026-09-21 10:30:00,2026-09-21 17:15:00,0,405,405,978.75,157325.0,7,587.25,161118.625,978.75,157325.0,7,448.757,587.25,0
J034,C,264,2,2026-09-23 03:00:00,3,C-INS,M05,Light,2026-09-22 12:00:00,2026-09-22 14:55:00,10,165,175,97.6,13664.0,0,34.16,13787.33,89.067,12469.33,0,40.837,31.173,0
J070,B,152,3,2026-09-23 08:15:00,1,B-CUT,M01,Medium,2026-09-22 07:15:00,2026-09-22 09:35:00,20,120,140,169.2,21528.0,0,76.14,21666.07,148.8,19092.0,0,68.225,66.96,0
J070,B,152,3,2026-09-23 08:15:00,2,B-HT,M03,Maximum,2026-09-22 12:00:00,2026-09-22 16:35:00,35,240,275,638.0,89320.0,0,382.8,89693.65,596.917,83568.33,0,273.686,358.15,0
J070,B,152,3,2026-09-23 08:15:00,3,B-ASM,M02,Medium,2026-09-22 19:00:00,2026-09-22 22:00:00,15,165,180,154.0,25080.0,4,69.3,27196.9,154.0,25080.0,4,70.609,69.3,0
J052,C,298,2,2026-09-23 08:30:00,1,C-ASM,M02,Medium,2026-09-21 11:45:00,2026-09-21 17:00:00,15,300,315,277.75,39105.0,1,124.987,39761.244,277.75,39105.0,1,127.348,124.988,0
J052,C,298,2,2026-09-23 08:30:00,2,C-HT,M03,Maximum,2026-09-21 22:00:00,2026-09-22 06:05:00,35,450,485,1145.5,103095.0,0,687.3,103628.65,1104.417,99397.5,0,506.375,662.65,0
J052,C,298,2,2026-09-23 08:30:00,3,C-INS,M05,Light,2026-09-22 08:00:00,2026-09-22 11:00:00,0,180,180,96.0,16000.0,4,33.6,18022.55,96.0,16000.0,4,44.016,33.6,0
J008,A,219,3,2026-09-23 08:30:00,1,A-CUT,M01,Medium,2026-09-22 12:00:00,2026-09-22 15:05:00,20,165,185,223.2,31248.0,0,100.44,31417.72,202.8,28392.0,0,92.984,91.26,0
J008,A,219,3,2026-09-23 08:30:00,2,A-PRS,M04,Maximum,2026-09-22 17:30:00,2026-09-22 22:00:00,0,270,270,562.5,103750.0,10,337.5,108926.0,562.5,103750.0,10,257.906,337.5,0
J008,A,219,3,2026-09-23 08:30:00,3,A-INS,M05,Light,2026-09-23 08:00:00,2026-09-23 10:25:00,10,135,145,81.6,12704.0,2,28.56,128798.28,73.067,11296.0,2,33.501,25.573,0
J018,B,187,2,2026-09-23 14:30:00,1,B-CUT,M01,Medium,2026-09-23 06:00:00,2026-09-23 08:50:00,20,150,170,205.2,22068.0,0,92.34,22272.67,184.8,19632.0,0,84.731,83.16,0
J018,B,187,2,2026-09-23 14:30:00,2,B-HT,M03,Maximum,2026-09-23 09:00:00,2026-09-23 14:20:00,35,285,320,746.75,127745.0,8,448.05,132144.525,705.667,121993.33,8,323.548,423.4,0
J018,B,187,2,2026-09-23 14:30:00,3,B-ASM,M02,Medium,2026-09-23 14:30:00,2026-09-23 18:00:00,15,195,210,181.5,29810.0,4,81.675,241926.337,181.5,29810.0,4,83.218,81.675,0
J022,C,274,3,2026-09-23 18:15:00,1,C-ASM,M02,Medium,2026-09-23 06:00:00,2026-09-23 11:00:00,15,285,300,264.0,36410.0,4,118.8,38588.65,264.0,36410.0,4,121.044,118.8,0
J022,C,274,3,2026-09-23 18:15:00,2,C-HT,M03,Maximum,2026-09-23 14:30:00,2026-09-23 22:05:00,35,420,455,1073.0,183207.5,12,643.8,419714.9,1031.917,178664.17,12,473.134,619.15,0
J022,C,274,3,2026-09-23 18:15:00,3,C-INS,M05,Light,2026-09-24 08:00:00,2026-09-24 10:55:00,10,165,175,97.6,16224.0,4,34.16,1018320.83,89.067,14816.0,4,40.837,31.173,0
J016,A,62,2,2026-09-23 20:15:00,1,A-CUT,M01,Medium,2026-09-21 14:15:00,2026-09-21 15:35:00,20,60,80,97.2,13608.0,0,43.74,13729.87,76.8,10752.0,0,35.213,34.56,0
J016,A,62,2,2026-09-23 20:15:00,2,A-PRS,M04,Maximum,2026-09-22 06:00:00,2026-09-22 07:15:00,0,75,75,156.25,14062.5,0,93.75,14152.625,156.25,14062.5,0,71.641,93.75,0
J016,A,62,2,2026-09-23 20:15:00,3,A-INS,M05,Light,2026-09-22 15:00:00,2026-09-22 15:55:00,10,45,55,33.6,4704.0,0,11.76,4783.13,25.067,3509.33,0,11.493,8.773,0
J037,B,98,1,2026-09-23 21:15:00,1,B-CUT,M01,Medium,2026-09-22 15:15:00,2026-09-22 16:50:00,20,75,95,115.2,16128.0,0,51.84,16259.92,94.8,13272.0,0,43.466,42.66,0
J037,B,98,1,2026-09-23 21:15:00,2,B-HT,M03,Maximum,2026-09-22 22:00:00,2026-09-23 01:05:00,35,150,185,420.5,37845.0,0,252.3,38161.65,379.417,34147.5,0,173.963,227.65,0
J037,B,98,1,2026-09-23 21:15:00,3,B-ASM,M02,Medium,2026-09-23 12:00:00,2026-09-23 14:00:00,15,105,120,99.0,13860.0,0,44.55,13990.025,99.0,13860.0,0,45.391,44.55,0
J042,B,167,2,2026-09-23 23:00:00,1,B-CUT,M01,Medium,2026-09-22 19:45:00,2026-09-22 22:00:00,0,135,135,162.0,24120.0,1,72.9,24667.7,162.0,24120.0,1,74.277,72.9,0
J042,B,167,2,2026-09-23 23:00:00,2,B-HT,M03,Maximum,2026-09-23 01:15:00,2026-09-23 05:30:00,0,255,255,616.25,55462.5,0,369.75,55657.125,616.25,55462.5,0,282.551,369.75,0
J042,B,167,2,2026-09-23 23:00:00,3,B-ASM,M02,Medium,2026-09-23 19:00:00,2026-09-23 22:00:00,0,180,180,165.0,27500.0,4,74.25,29577.625,165.0,27500.0,4,75.652,74.25,0
J005,A,245,1,2026-09-24 01:00:00,1,A-CUT,M01,Medium,2026-09-23 12:00:00,2026-09-23 15:35:00,20,195,215,259.2,36288.0,0,116.64,36497.32,238.8,33432.0,0,109.49,107.46,0
J005,A,245,1,2026-09-24 01:00:00,2,A-PRS,M04,Maximum,2026-09-23 15:45:00,2026-09-23 20:45:00,0,300,300,625.0,117500.0,12,375.0,123688.0,625.0,117500.0,12,286.563,375.0,0
J005,A,245,1,2026-09-24 01:00:00,3,A-INS,M05,Light,2026-09-24 11:00:00,2026-09-24 13:30:00,0,150,150,80.0,13760.0,4,28.0,765816.75,80.0,13760.0,4,36.68,28.0,0
J059,C,134,2,2026-09-24 05:00:00,1,C-ASM,M02,Medium,2026-09-22 06:00:00,2026-09-22 08:30:00,15,135,150,126.5,12760.0,0,56.925,12944.462,126.5,12760.0,0,58.0,56.925,0
J059,C,134,2,2026-09-24 05:00:00,2,C-HT,M03,Maximum,2026-09-23 22:15:00,2026-09-24 02:20:00,35,210,245,565.5,50895.0,0,339.3,51352.9,524.417,47197.5,0,240.445,314.65,0
J059,C,134,2,2026-09-24 05:00:00,3,C-INS,M05,Light,2026-09-24 13:30:00,2026-09-24 15:10:00,10,90,100,57.6,8064.0,0,20.16,618157.58,49.067,6869.33,0,22.497,17.173,0
J012,A,130,3,2026-09-24 06:30:00,1,A-CUT,M01,Medium,2026-09-23 20:00:00,2026-09-23 21:45:00,0,105,105,126.0,17640.0,0,56.7,17717.85,126.0,17640.0,0,57.771,56.7,0
J012,A,130,3,2026-09-24 06:30:00,2,A-PRS,M04,Maximum,2026-09-24 06:00:00,2026-09-24 08:45:00,0,165,165,343.75,35625.0,0,206.25,170752.875,343.75,35625.0,0,157.609,206.25,0
J012,A,130,3,2026-09-24 06:30:00,3,A-INS,M05,Light,2026-09-24 15:15:00,2026-09-24 16:55:00,10,90,100,57.6,8064.0,0,20.16,633143.58,49.067,6869.33,0,22.497,17.173,0
J032,A,99,1,2026-09-24 06:45:00,1,A-CUT,M01,Medium,2026-09-22 06:00:00,2026-09-22 07:15:00,0,75,75,90.0,8100.0,0,40.5,8136.0,90.0,8100.0,0,41.265,40.5,0
J032,A,99,1,2026-09-24 06:45:00,2,A-PRS,M04,Maximum,2026-09-22 07:15:00,2026-09-22 09:15:00,0,120,120,250.0,30312.5,0,150.0,30387.5,250.0,30312.5,0,114.625,150.0,0
J032,A,99,1,2026-09-24 06:45:00,3,A-INS,M05,Light,2026-09-22 16:00:00,2026-09-22 17:00:00,0,60,60,32.0,4480.0,0,11.2,4505.85,32.0,4480.0,0,14.672,11.2,0
J055,B,221,2,2026-09-24 08:30:00,1,B-CUT,M01,Medium,2026-09-23 15:45:00,2026-09-23 19:05:00,20,180,200,241.2,46728.0,9,108.54,51479.02,220.8,42912.0,9,101.237,99.36,0
J055,B,221,2,2026-09-24 08:30:00,2,B-HT,M03,Maximum,2026-09-24 02:30:00,2026-09-24 08:50:00,35,345,380,891.75,87507.5,0,535.05,107972.275,850.667,82601.67,0,390.031,510.4,0
J055,B,221,2,2026-09-24 08:30:00,3,B-ASM,M02,Medium,2026-09-24 09:00:00,2026-09-24 13:00:00,15,225,240,209.0,38060.0,8,94.05,312182.525,209.0,38060.0,8,95.826,94.05,0
J068,B,73,1,2026-09-24 09:30:00,1,B-CUT,M01,Medium,2026-09-24 06:00:00,2026-09-24 07:00:00,0,60,60,72.0,6480.0,0,32.4,6638.7,72.0,6480.0,0,33.012,32.4,0
J068,B,73,1,2026-09-24 09:30:00,2,B-HT,M03,Maximum,2026-09-24 09:00:00,2026-09-24 11:00:00,0,120,120,290.0,52200.0,4,174.0,144293.0,290.0,52200.0,4,132.965,174.0,0
J068,B,73,1,2026-09-24 09:30:00,3,B-ASM,M02,Medium,2026-09-24 13:00:00,2026-09-24 14:15:00,0,75,75,68.75,9625.0,0,30.938,294646.469,68.75,9625.0,0,31.522,30.938,0
J057,C,108,2,2026-09-24 10:00:00,1,C-ASM,M02,Medium,2026-09-22 12:00:00,2026-09-22 14:15:00,15,120,135,112.75,15785.0,0,50.737,15909.369,112.75,15785.0,0,51.696,50.738,0
J057,C,108,2,2026-09-24 10:00:00,2,C-HT,M03,Maximum,2026-09-23 05:30:00,2026-09-23 08:50:00,35,165,200,456.75,48357.5,0,274.05,48715.275,415.667,43451.67,0,190.583,249.4,0
J057,C,108,2,2026-09-24 10:00:00,3,C-INS,M05,Light,2026-09-23 12:00:00,2026-09-23 13:25:00,10,75,85,49.6,6944.0,0,17.36,7012.18,41.067,5749.33,0,18.829,14.373,0
J051,B,87,2,2026-09-24 11:15:00,1,B-CUT,M01,Medium,2026-09-24 07:00:00,2026-09-24 08:15:00,0,75,75,90.0,9000.0,0,40.5,9091.5,90.0,9000.0,0,41.265,40.5,0
J051,B,87,2,2026-09-24 11:15:00,2,B-HT,M03,Maximum,2026-09-24 11:00:00,2026-09-24 13:50:00,35,135,170,384.25,61335.0,5,230.55,219133.525,343.167,54230.0,4,157.342,205.9,0
J051,B,87,2,2026-09-24 11:15:00,3,B-ASM,M02,Medium,2026-09-24 14:15:00,2026-09-24 16:00:00,15,90,105,85.25,11935.0,0,38.362,297030.431,85.25,11935.0,0,39.087,38.363,0
J001,B,56,3,2026-09-24 13:15:00,1,B-CUT,M01,Medium,2026-09-23 09:00:00,2026-09-23 10:00:00,0,60,60,72.0,10080.0,0,32.4,10161.45,72.0,10080.0,0,33.012,32.4,0
J001,B,56,3,2026-09-24 13:15:00,2,B-HT,M03,Maximum,2026-09-24 14:00:00,2026-09-24 15:30:00,0,90,90,217.5,30450.0,0,130.5,165599.25,217.5,30450.0,0,99.724,130.5,0
J001,B,56,3,2026-09-24 13:15:00,3,B-ASM,M02,Medium,2026-09-24 16:00:00,2026-09-24 17:00:00,0,60,60,55.0,7700.0,0,24.75,232713.875,55.0,7700.0,0,25.218,24.75,0
J028,A,134,1,2026-09-24 16:15:00,1,A-CUT,M01,Medium,2026-09-21 12:00:00,2026-09-21 14:05:00,20,105,125,151.2,21168.0,0,68.04,21310.27,130.8,18312.0,0,59.972,58.86,0
J028,A,134,1,2026-09-24 16:15:00,2,A-PRS,M04,Maximum,2026-09-21 14:15:00,2026-09-21 17:00:00,0,165,165,343.75,48125.0,0,206.25,48228.625,343.75,48125.0,0,157.609,206.25,0
J028,A,134,1,2026-09-24 16:15:00,3,A-INS,M05,Light,2026-09-23 13:30:00,2026-09-23 15:10:00,10,90,100,57.6,8064.0,0,20.16,8257.58,49.067,6869.33,0,22.497,17.173,0
J014,B,86,2,2026-09-24 17:15:00,1,B-CUT,M01,Medium,2026-09-24 08:15:00,2026-09-24 09:50:00,20,75,95,115.2,16128.0,0,51.84,16394.92,94.8,13272.0,0,43.466,42.66,0
J014,B,86,2,2026-09-24 17:15:00,2,B-HT,M03,Maximum,2026-09-24 15:30:00,2026-09-24 17:45:00,0,135,135,326.25,54375.0,3,195.75,85989.875,326.25,54375.0,3,149.586,195.75,0
J014,B,86,2,2026-09-24 17:15:00,3,B-ASM,M02,Medium,2026-09-24 17:45:00,2026-09-24 19:15:00,0,90,90,82.5,18150.0,6,37.125,141168.562,82.5,18150.0,6,37.826,37.125,0
J024,C,92,3,2026-09-24 17:45:00,1,C-ASM,M02,Medium,2026-09-24 06:00:00,2026-09-24 08:00:00,15,105,120,99.0,8910.0,0,44.55,9140.025,99.0,8910.0,0,45.391,44.55,0
J024,C,92,3,2026-09-24 17:45:00,2,C-HT,M03,Maximum,2026-09-24 20:00:00,2026-09-24 23:05:00,35,150,185,420.5,49807.5,0,252.3,370144.65,379.417,45264.17,0,173.963,227.65,0
J024,C,92,3,2026-09-24 17:45:00,3,C-INS,M05,Light,2026-09-25 08:00:00,2026-09-25 09:10:00,10,60,70,41.6,5824.0,0,14.56,930908.03,33.067,4629.33,0,15.161,11.573,0
J060,C,59,2,2026-09-24 18:45:00,1,C-ASM,M02,Medium,2026-09-21 20:00:00,2026-09-21 21:00:00,0,60,60,55.0,7700.0,0,24.75,7731.125,55.0,7700.0,0,25.218,24.75,0
J060,C,59,2,2026-09-24 18:45:00,2,C-HT,M03,Maximum,2026-09-22 06:15:00,2026-09-22 07:45:00,0,90,90,217.5,19575.0,0,130.5,19668.0,217.5,19575.0,0,99.724,130.5,0
J060,C,59,2,2026-09-24 18:45:00,3,C-INS,M05,Light,2026-09-23 15:15:00,2026-09-23 16:00:00,0,45,45,24.0,3360.0,0,8.4,3458.7,24.0,3360.0,0,11.004,8.4,0
J064,B,153,2,2026-09-24 19:15:00,1,B-CUT,M01,Medium,2026-09-24 12:00:00,2026-09-24 14:00:00,0,120,120,144.0,20160.0,0,64.8,20332.65,144.0,20160.0,0,66.024,64.8,0
J064,B,153,2,2026-09-24 19:15:00,2,B-HT,M03,Maximum,2026-09-24 23:15:00,2026-09-25 03:50:00,35,240,275,638.0,57420.0,0,382.8,572814.15,596.917,53722.5,0,273.686,358.15,0
J064,B,153,2,2026-09-24 19:15:00,3,B-ASM,M02,Medium,2026-09-25 06:00:00,2026-09-25 09:00:00,15,165,180,154.0,16610.0,0,69.3,841726.15,154.0,16610.0,0,70.609,69.3,0
J038,A,62,1,2026-09-24 21:15:00,1,A-CUT,M01,Medium,2026-09-24 14:00:00,2026-09-24 15:20:00,20,60,80,97.2,13608.0,0,43.74,13804.12,76.8,10752.0,0,35.213,34.56,0
J038,A,62,1,2026-09-24 21:15:00,2,A-PRS,M04,Maximum,2026-09-24 15:30:00,2026-09-24 16:45:00,0,75,75,156.25,21875.0,0,93.75,21922.375,156.25,21875.0,0,71.641,93.75,0
J038,A,62,1,2026-09-24 21:15:00,3,A-INS,M05,Light,2026-09-24 17:00:00,2026-09-24 17:55:00,10,45,55,33.6,7392.0,5,11.76,9948.63,25.067,5514.67,4,11.493,8.773,0
J071,A,255,1,2026-09-25 02:45:00,1,A-CUT,M01,Medium,2026-09-24 18:45:00,2026-09-24 22:00:00,0,195,195,234.0,39960.0,5,105.3,42584.65,234.0,39960.0,5,107.289,105.3,0
J071,A,255,1,2026-09-25 02:45:00,2,A-PRS,M04,Maximum,2026-09-25 06:00:00,2026-09-25 11:15:00,0,315,315,656.25,91875.0,5,393.75,604595.875,656.25,91875.0,5,300.891,393.75,0
J071,A,255,1,2026-09-25 02:45:00,3,A-INS,M05,Light,2026-09-25 11:15:00,2026-09-25 14:00:00,0,165,165,88.0,14240.0,3,30.8,690755.4,88.0,14240.0,3,40.348,30.8,0
J078,B,281,3,2026-09-25 02:45:00,1,B-CUT,M01,Medium,2026-09-21 07:30:00,2026-09-21 11:35:00,20,225,245,295.2,50148.0,7,132.84,53828.67,274.8,46752.0,7,125.996,123.66,0
J078,B,281,3,2026-09-25 02:45:00,2,B-HT,M03,Maximum,2026-09-25 04:00:00,2026-09-25 11:15:00,0,435,435,1051.25,132675.0,5,630.75,645755.625,1051.25,132675.0,5,481.998,630.75,0
J078,B,281,3,2026-09-25 02:45:00,3,B-ASM,M02,Medium,2026-09-25 11:15:00,2026-09-25 16:00:00,0,285,285,261.25,39875.0,3,117.562,836433.781,261.25,39875.0,3,119.783,117.562,0
J080,B,149,3,2026-09-25 02:45:00,1,B-CUT,M01,Medium,2026-09-24 15:30:00,2026-09-24 17:30:00,0,120,120,144.0,23040.0,2,64.8,24203.65,144.0,23040.0,2,66.024,64.8,0
J080,B,149,3,2026-09-25 02:45:00,2,B-HT,M03,Maximum,2026-09-25 11:15:00,2026-09-25 15:00:00,0,225,225,543.75,84825.0,3,326.25,821541.375,543.75,84825.0,3,249.309,326.25,0
J080,B,149,3,2026-09-25 02:45:00,3,B-ASM,M02,Medium,2026-09-25 16:00:00,2026-09-25 18:30:00,0,150,150,137.5,25850.0,6,61.875,973883.938,137.5,25850.0,6,63.044,61.875,0
J026,B,113,2,2026-09-25 04:00:00,1,B-CUT,M01,Medium,2026-09-22 09:45:00,2026-09-22 11:15:00,0,90,90,108.0,22320.0,5,48.6,24861.55,108.0,22320.0,5,49.518,48.6,0
J026,B,113,2,2026-09-25 04:00:00,2,B-HT,M03,Maximum,2026-09-22 19:00:00,2026-09-22 22:00:00,0,180,180,435.0,72500.0,4,261.0,74653.75,435.0,72500.0,4,199.448,261.0,0
J026,B,113,2,2026-09-25 04:00:00,3,B-ASM,M02,Medium,2026-09-24 20:00:00,2026-09-24 22:00:00,0,120,120,110.0,15400.0,0,49.5,15562.75,110.0,15400.0,0,50.435,49.5,0
J067,A,171,2,2026-09-25 05:00:00,1,A-CUT,M01,Medium,2026-09-22 17:00:00,2026-09-22 19:35:00,20,135,155,187.2,41184.0,12,84.24,47386.12,166.8,36696.0,11,76.478,75.06,0
J067,A,171,2,2026-09-25 05:00:00,2,A-PRS,M04,Maximum,2026-09-23 06:00:00,2026-09-23 09:30:00,0,210,210,437.5,48750.0,0,262.5,48912.5,437.5,48750.0,0,200.594,262.5,0
J067,A,171,2,2026-09-25 05:00:00,3,A-INS,M05,Light,2026-09-23 16:00:00,2026-09-23 17:45:00,0,105,105,56.0,9760.0,3,19.6,11289.3,56.0,9760.0,3,25.676,19.6,0
J004,B,257,2,2026-09-25 05:15:00,1,B-CUT,M01,Medium,2026-09-21 18:15:00,2026-09-21 21:50:00,20,195,215,259.2,45504.0,8,116.64,49716.32,238.8,41976.0,7,109.49,107.46,0
J004,B,257,2,2026-09-25 05:15:00,2,B-HT,M03,Maximum,2026-09-25 15:00:00,2026-09-25 21:30:00,0,390,390,942.5,166750.0,12,565.5,1148300.25,942.5,166750.0,12,432.136,565.5,0
J004,B,257,2,2026-09-25 05:15:00,3,B-ASM,M02,Medium,2026-09-26 06:00:00,2026-09-26 10:30:00,0,270,270,247.5,26592.5,2,111.375,1782673.688,247.5,26592.5,2,113.479,111.375,0
J015,C,159,2,2026-09-25 05:30:00,1,C-ASM,M02,Medium,2026-09-25 18:30:00,2026-09-25 21:30:00,15,165,180,154.0,27280.0,6,69.3,990578.65,154.0,27280.0,6,70.609,69.3,0
J015,C,159,2,2026-09-25 05:30:00,2,C-HT,M03,Maximum,2026-09-25 21:30:00,2026-09-26 02:05:00,35,240,275,638.0,53577.5,0,382.8,1288943.9,596.917,50218.33,0,273.686,358.15,0
J015,C,159,2,2026-09-25 05:30:00,3,C-INS,M05,Light,2026-09-26 08:00:00,2026-09-26 09:55:00,10,105,115,65.6,7806.4,0,22.96,1712885.63,57.067,6790.93,0,26.165,19.973,0
J053,B,193,3,2026-09-25 06:15:00,1,B-CUT,M01,Medium,2026-09-25 06:00:00,2026-09-25 08:30:00,0,150,150,180.0,18000.0,0,81.0,153189.75,180.0,18000.0,0,82.53,81.0,0
J053,B,193,3,2026-09-25 06:15:00,2,B-HT,M03,Maximum,2026-09-26 02:15:00,2026-09-26 07:50:00,35,300,335,783.0,59508.0,0,469.8,1594971.15,741.917,56385.67,0,340.169,445.15,0
J053,B,193,3,2026-09-25 06:15:00,3,B-ASM,M02,Medium,2026-09-26 10:30:00,2026-09-26 14:00:00,15,195,210,181.5,26460.5,6,81.675,1934584.337,181.5,26460.5,6,83.218,81.675,0
J035,B,271,1,2026-09-25 09:00:00,1,B-CUT,M01,Medium,2026-09-25 08:30:00,2026-09-25 12:00:00,0,210,210,252.0,46800.0,8,113.4,231017.2,252.0,46800.0,8,115.542,113.4,0
J035,B,271,1,2026-09-25 09:00:00,2,B-HT,M03,Maximum,2026-09-26 08:00:00,2026-09-26 15:00:00,0,420,420,1015.0,140505.0,8,609.0,1944869.5,1015.0,140505.0,8,465.378,609.0,0
J035,B,271,1,2026-09-25 09:00:00,3,B-ASM,M02,Medium,2026-09-26 15:00:00,2026-09-26 19:45:00,0,285,285,261.25,41373.75,11,117.562,2131932.531,261.25,41373.75,11,119.783,117.562,0
J054,C,275,3,2026-09-25 09:00:00,1,C-ASM,M02,Medium,2026-09-27 06:00:00,2026-09-27 11:00:00,15,285,300,264.0,30899.0,4,118.8,3033327.4,264.0,30899.0,4,121.044,118.8,0
J054,C,275,3,2026-09-25 09:00:00,2,C-HT,M03,Maximum,2026-09-27 11:00:00,2026-09-27 18:35:00,35,420,455,1073.0,151351.0,12,643.8,3612847.9,1031.917,143668.42,11,473.134,619.15,0
J054,C,275,3,2026-09-25 09:00:00,3,C-INS,M05,Light,2026-09-28 08:00:00,2026-09-28 10:45:00,0,165,165,88.0,14240.0,3,30.8,4440795.65,88.0,14240.0,3,40.348,30.8,0
J039,A,202,3,2026-09-25 09:15:00,1,A-CUT,M01,Medium,2026-09-25 12:00:00,2026-09-25 15:05:00,20,165,185,223.2,31248.0,0,100.44,381697.47,202.8,28392.0,0,92.984,91.26,0
J039,A,202,3,2026-09-25 09:15:00,2,A-PRS,M04,Maximum,2026-09-26 06:00:00,2026-09-26 10:15:00,0,255,255,531.25,54593.75,1,318.75,1555297.875,531.25,54593.75,1,243.578,318.75,0
J039,A,202,3,2026-09-25 09:15:00,3,A-INS,M05,Light,2026-09-26 10:15:00,2026-09-26 12:40:00,10,135,145,81.6,13627.2,8,28.56,1662691.48,73.067,12212.8,7,33.501,25.573,0
J044,A,67,2,2026-09-25 09:30:00,1,A-CUT,M01,Medium,2026-09-23 10:00:00,2026-09-23 11:00:00,0,60,60,72.0,15840.0,4,32.4,17935.7,72.0,15840.0,4,33.012,32.4,0
J044,A,67,2,2026-09-25 09:30:00,2,A-PRS,M04,Maximum,2026-09-23 12:00:00,2026-09-23 13:30:00,0,90,90,187.5,26250.0,0,112.5,26309.25,187.5,26250.0,0,85.969,112.5,0
J044,A,67,2,2026-09-25 09:30:00,3,A-INS,M05,Light,2026-09-23 17:45:00,2026-09-23 18:30:00,0,45,45,24.0,5280.0,3,8.4,6796.95,24.0,5280.0,3,11.004,8.4,0
J048,C,266,1,2026-09-25 10:00:00,1,C-ASM,M02,Medium,2026-09-22 14:15:00,2026-09-22 18:45:00,0,270,270,247.5,42350.0,7,111.375,46002.438,247.5,42350.0,7,113.479,111.375,0
J048,C,266,1,2026-09-25 10:00:00,2,C-HT,M03,Maximum,2026-09-26 15:00:00,2026-09-26 21:45:00,0,405,405,978.75,146051.25,12,587.25,2297621.625,978.75,146051.25,12,448.757,587.25,0
J048,C,266,1,2026-09-25 10:00:00,3,C-INS,M05,Light,2026-09-27 08:00:00,2026-09-27 10:55:00,10,165,175,97.6,13790.4,4,34.16,2950888.23,89.067,12593.6,4,40.837,31.173,0
J069,A,171,3,2026-09-25 12:45:00,1,A-CUT,M01,Medium,2026-09-21 15:45:00,2026-09-21 18:00:00,0,135,135,162.0,28440.0,4,72.9,30494.45,162.0,28440.0,4,74.277,72.9,0
J069,A,171,3,2026-09-25 12:45:00,2,A-PRS,M04,Maximum,2026-09-22 12:00:00,2026-09-22 15:30:00,0,210,210,437.5,61250.0,0,262.5,61435.25,437.5,61250.0,0,200.594,262.5,0
J069,A,171,3,2026-09-25 12:45:00,3,A-INS,M05,Light,2026-09-25 09:15:00,2026-09-25 11:10:00,10,105,115,65.6,12384.0,5,22.96,15142.73,57.067,10976.0,5,26.165,19.973,0
J040,B,198,2,2026-09-25 13:00:00,1,B-CUT,M01,Medium,2026-09-25 15:15:00,2026-09-25 18:05:00,20,150,170,205.2,35928.0,5,92.34,343892.92,184.8,32112.0,5,84.731,83.16,0
J040,B,198,2,2026-09-25 13:00:00,2,B-HT,M03,Maximum,2026-09-26 21:45:00,2026-09-27 03:20:00,35,300,335,783.0,59819.75,0,469.8,2360312.65,741.917,56697.42,0,340.169,445.15,0
J040,B,198,2,2026-09-25 13:00:00,3,B-ASM,M02,Medium,2026-09-27 11:00:00,2026-09-27 14:45:00,15,210,225,195.25,26226.75,4,87.862,3013368.681,195.25,26226.75,4,89.522,87.862,0
J031,A,217,3,2026-09-25 17:00:00,1,A-CUT,M01,Medium,2026-09-25 18:15:00,2026-09-25 21:20:00,20,165,185,223.2,40464.0,8,100.44,304920.97,202.8,36936.0,7,92.984,91.26,0
J031,A,217,3,2026-09-25 17:00:00,2,A-PRS,M04,Maximum,2026-09-26 10:15:00,2026-09-26 14:45:00,0,270,270,562.5,81812.5,7,337.5,1390520.0,562.5,81812.5,7,257.906,337.5,0
J031,A,217,3,2026-09-25 17:00:00,3,A-INS,M05,Light,2026-09-26 14:45:00,2026-09-26 17:00:00,0,135,135,72.0,8568.0,0,25.2,1448580.6,72.0,8568.0,0,33.012,25.2,0
J075,A,69,2,2026-09-25 17:15:00,1,A-CUT,M01,Medium,2026-09-23 11:00:00,2026-09-23 12:00:00,0,60,60,72.0,15840.0,4,32.4,17924.45,72.0,15840.0,4,33.012,32.4,0
J075,A,69,2,2026-09-25 17:15:00,2,A-PRS,M04,Maximum,2026-09-23 13:30:00,2026-09-23 15:00:00,0,90,90,187.5,26250.0,0,112.5,26310.75,187.5,26250.0,0,85.969,112.5,0
J075,A,69,2,2026-09-25 17:15:00,3,A-INS,M05,Light,2026-09-25 14:00:00,2026-09-25 14:45:00,0,45,45,24.0,3360.0,0,8.4,3505.2,24.0,3360.0,0,11.004,8.4,0
J076,B,85,3,2026-09-25 21:15:00,1,B-CUT,M01,Medium,2026-09-24 10:00:00,2026-09-24 11:35:00,20,75,95,115.2,25344.0,8,51.84,29658.17,94.8,20856.0,7,43.466,42.66,0
J076,B,85,3,2026-09-25 21:15:00,2,B-HT,M03,Maximum,2026-09-27 03:30:00,2026-09-27 05:45:00,0,135,135,326.25,24795.0,0,195.75,1975084.625,326.25,24795.0,0,149.586,195.75,0
J076,B,85,3,2026-09-25 21:15:00,3,B-ASM,M02,Medium,2026-09-27 14:45:00,2026-09-27 16:15:00,0,90,90,82.5,9817.5,0,37.125,2589863.062,82.5,9817.5,0,37.826,37.125,0
J020,A,213,3,2026-09-25 21:15:00,1,A-CUT,M01,Medium,2026-09-26 06:00:00,2026-09-26 09:05:00,20,165,185,223.2,20833.2,0,100.44,731168.67,202.8,18766.8,0,92.984,91.26,0
J020,A,213,3,2026-09-25 21:15:00,2,A-PRS,M04,Maximum,2026-09-26 14:45:00,2026-09-26 19:15:00,0,270,270,562.5,86062.5,9,337.5,1410748.25,562.5,86062.5,9,257.906,337.5,0
J020,A,213,3,2026-09-25 21:15:00,3,A-INS,M05,Light,2026-09-27 11:00:00,2026-09-27 13:15:00,0,135,135,72.0,10744.0,4,25.2,2412803.85,72.0,10744.0,4,33.012,25.2,0
J041,A,221,1,2026-09-25 22:15:00,1,A-CUT,M01,Medium,2026-09-26 09:15:00,2026-09-26 12:15:00,0,180,180,216.0,35496.0,8,97.2,879811.6,216.0,35496.0,8,99.036,97.2,0
J041,A,221,1,2026-09-25 22:15:00,2,A-PRS,M04,Maximum,2026-09-27 06:00:00,2026-09-27 10:30:00,0,270,270,562.5,60437.5,2,337.5,2236659.5,562.5,60437.5,2,257.906,337.5,0
J041,A,221,1,2026-09-25 22:15:00,3,A-INS,M05,Light,2026-09-27 13:15:00,2026-09-27 15:30:00,0,135,135,72.0,8568.0,0,25.2,2483588.85,72.0,8568.0,0,33.012,25.2,0
J025,B,232,3,2026-09-25 22:45:00,1,B-CUT,M01,Medium,2026-09-26 12:15:00,2026-09-26 15:35:00,20,180,200,241.2,28702.8,0,108.54,1039134.57,220.8,26275.2,0,101.237,99.36,0
J025,B,232,3,2026-09-25 22:45:00,2,B-HT,M03,Maximum,2026-09-27 18:45:00,2026-09-28 00:45:00,0,360,360,870.0,100231.25,5,522.0,3103073.75,870.0,100231.25,5,398.895,522.0,0
J025,B,232,3,2026-09-25 22:45:00,3,B-ASM,M02,Medium,2026-09-28 06:00:00,2026-09-28 10:00:00,0,240,240,220.0,25300.0,0,99.0,3580365.25,220.0,25300.0,0,100.87,99.0,0
J063,B,134,2,2026-09-26 00:00:00,1,B-CUT,M01,Medium,2026-09-26 15:45:00,2026-09-26 17:30:00,0,105,105,126.0,17442.0,2,56.7,1068757.6,126.0,17442.0,2,57.771,56.7,0
J063,B,134,2,2026-09-26 00:00:00,2,B-HT,M03,Maximum,2026-09-27 05:45:00,2026-09-27 09:15:00,0,210,210,507.5,46363.75,0,304.5,2041552.75,507.5,46363.75,0,232.689,304.5,0
J063,B,134,2,2026-09-26 00:00:00,3,B-ASM,M02,Medium,2026-09-27 16:15:00,2026-09-27 18:30:00,0,135,135,123.75,20336.25,6,55.688,2573385.094,123.75,20336.25,6,56.739,55.688,0
J061,C,79,3,2026-09-26 01:15:00,1,C-ASM,M02,Medium,2026-09-25 09:00:00,2026-09-25 10:45:00,15,90,105,85.25,15235.0,3,38.362,16996.431,85.25,15235.0,3,39.087,38.363,0
J061,C,79,3,2026-09-26 01:15:00,2,C-HT,M03,Maximum,2026-09-28 00:45:00,2026-09-28 03:20:00,35,120,155,348.0,31320.0,0,208.8,3036785.4,306.917,27622.5,0,140.721,184.15,0
J061,C,79,3,2026-09-26 01:15:00,3,C-INS,M05,Light,2026-09-28 10:45:00,2026-09-28 11:55:00,10,60,70,41.6,9152.0,6,14.56,3532231.53,33.067,7274.67,5,15.161,11.573,0
J009,B,166,1,2026-09-26 03:15:00,1,B-CUT,M01,Medium,2026-09-26 17:30:00,2026-09-26 19:45:00,0,135,135,162.0,30294.0,9,72.9,1025104.2,162.0,30294.0,9,74.277,72.9,0
J009,B,166,1,2026-09-26 03:15:00,2,B-HT,M03,Maximum,2026-09-28 03:30:00,2026-09-28 08:20:00,35,255,290,674.25,64307.5,0,404.55,3249780.025,633.167,59401.67,0,290.307,379.9,0
J009,B,166,1,2026-09-26 03:15:00,3,B-ASM,M02,Medium,2026-09-28 10:00:00,2026-09-28 13:15:00,15,180,195,167.75,31405.0,8,75.487,3515522.744,167.75,31405.0,8,76.913,75.488,0
J047,B,233,2,2026-09-26 03:15:00,1,B-CUT,M01,Medium,2026-09-27 06:00:00,2026-09-27 09:00:00,0,180,180,216.0,19512.0,0,97.2,1804880.85,216.0,19512.0,0,99.036,97.2,0
J047,B,233,2,2026-09-26 03:15:00,2,B-HT,M03,Maximum,2026-09-28 08:30:00,2026-09-28 14:30:00,0,360,360,870.0,145000.0,8,522.0,3704331.5,870.0,145000.0,8,398.895,522.0,0
J047,B,233,2,2026-09-26 03:15:00,3,B-ASM,M02,Medium,2026-09-28 14:30:00,2026-09-28 18:30:00,0,240,240,220.0,37400.0,6,99.0,3835449.5,220.0,37400.0,6,100.87,99.0,0
J065,B,241,3,2026-09-26 06:30:00,1,B-CUT,M01,Medium,2026-09-27 09:00:00,2026-09-27 12:15:00,0,195,195,234.0,37638.0,8,105.3,1827082.15,234.0,37638.0,8,107.289,105.3,0
J065,B,241,3,2026-09-26 06:30:00,2,B-HT,M03,Maximum,2026-09-28 14:30:00,2026-09-28 20:45:00,0,375,375,906.25,161675.0,12,543.75,3903025.625,906.25,161675.0,12,415.516,543.75,0
J065,B,241,3,2026-09-26 06:30:00,3,B-ASM,M02,Medium,2026-09-29 06:00:00,2026-09-29 10:15:00,0,255,255,233.75,28325.0,1,105.188,4573905.344,233.75,28325.0,1,107.174,105.188,0
J003,A,179,1,2026-09-26 09:15:00,1,A-CUT,M01,Medium,2026-09-27 12:15:00,2026-09-27 14:50:00,20,135,155,187.2,22276.8,0,84.24,1797877.92,166.8,19849.2,0,76.478,75.06,0
J003,A,179,1,2026-09-26 09:15:00,2,A-PRS,M04,Maximum,2026-09-27 15:00:00,2026-09-27 18:45:00,0,225,225,468.75,70656.25,7,281.25,2084297.375,468.75,70656.25,7,214.922,281.25,0
J003,A,179,1,2026-09-26 09:15:00,3,A-INS,M05,Light,2026-09-28 12:00:00,2026-09-28 14:10:00,10,120,130,73.6,10304.0,0,25.76,3185418.63,65.067,9109.33,0,29.833,22.773,0
J056,A,170,2,2026-09-26 09:15:00,1,A-CUT,M01,Medium,2026-09-26 19:45:00,2026-09-26 22:00:00,0,135,135,162.0,20502.0,1,72.9,786372.95,162.0,20502.0,1,74.277,72.9,0
J056,A,170,2,2026-09-26 09:15:00,2,A-PRS,M04,Maximum,2026-09-27 10:30:00,2026-09-27 14:00:00,0,210,210,437.5,64812.5,6,262.5,1792981.25,437.5,64812.5,6,200.594,262.5,0
J056,A,170,2,2026-09-26 09:15:00,3,A-INS,M05,Light,2026-09-27 15:30:00,2026-09-27 17:15:00,0,105,105,56.0,7208.0,1,19.6,1927722.3,56.0,7208.0,1,25.676,19.6,0
J050,B,78,3,2026-09-26 09:15:00,1,B-CUT,M01,Medium,2026-09-27 15:00:00,2026-09-27 16:20:00,20,60,80,97.2,11566.8,0,43.74,1877137.92,76.8,9139.2,0,35.213,34.56,0
J050,B,78,3,2026-09-26 09:15:00,2,B-HT,M03,Maximum,2026-09-28 20:45:00,2026-09-28 22:45:00,0,120,120,290.0,35162.5,0,174.0,3725334.75,290.0,35162.5,0,132.965,174.0,0
J050,B,78,3,2026-09-26 09:15:00,3,B-ASM,M02,Medium,2026-09-29 10:15:00,2026-09-29 11:45:00,0,90,90,82.5,18150.0,6,37.125,4491203.062,82.5,18150.0,6,37.826,37.125,0
J033,B,273,1,2026-09-26 10:45:00,1,B-CUT,M01,Medium,2026-09-27 16:30:00,2026-09-27 20:00:00,0,210,210,252.0,44676.0,12,113.4,2046184.95,252.0,44676.0,12,115.542,113.4,0
J033,B,273,1,2026-09-26 10:45:00,2,B-HT,M03,Maximum,2026-09-28 22:45:00,2026-09-29 05:45:00,0,420,420,1015.0,91350.0,0,609.0,4111734.75,1015.0,91350.0,0,465.378,609.0,0
J033,B,273,1,2026-09-26 10:45:00,3,B-ASM,M02,Medium,2026-09-29 11:45:00,2026-09-29 16:30:00,0,285,285,261.25,37675.0,1,117.562,4703251.781,261.25,37675.0,1,119.783,117.562,0
J010,A,289,1,2026-09-26 12:15:00,1,A-CUT,M01,Medium,2026-09-28 06:00:00,2026-09-28 10:05:00,20,225,245,295.2,36108.0,1,132.84,2787268.67,274.8,32712.0,1,125.996,123.66,0
J010,A,289,1,2026-09-26 12:15:00,2,A-PRS,M04,Maximum,2026-09-28 10:15:00,2026-09-28 16:15:00,0,360,360,750.0,122500.0,7,450.0,3246225.5,750.0,122500.0,7,343.875,450.0,0
J010,A,289,1,2026-09-26 12:15:00,3,A-INS,M05,Light,2026-09-28 16:15:00,2026-09-28 19:15:00,0,180,180,96.0,19200.0,9,33.6,3323716.8,96.0,19200.0,9,44.016,33.6,0
J043,B,75,1,2026-09-26 13:15:00,1,B-CUT,M01,Medium,2026-09-27 20:00:00,2026-09-27 21:20:00,20,60,80,97.2,11566.8,0,43.74,1937152.92,76.8,9139.2,0,35.213,34.56,0
J043,B,75,1,2026-09-26 13:15:00,2,B-HT,M03,Maximum,2026-09-29 05:45:00,2026-09-29 07:45:00,0,120,120,290.0,26100.0,0,174.0,4016284.25,290.0,26100.0,0,132.965,174.0,0
J043,B,75,1,2026-09-26 13:15:00,3,B-ASM,M02,Medium,2026-09-29 16:30:00,2026-09-29 17:45:00,0,75,75,68.75,12925.0,3,30.938,4604466.719,68.75,12925.0,3,31.522,30.938,0
J046,C,117,2,2026-09-26 16:00:00,1,C-ASM,M02,Medium,2026-09-22 08:30:00,2026-09-22 10:45:00,15,120,135,112.75,19085.0,3,50.737,20740.869,112.75,19085.0,3,51.696,50.738,0
J046,C,117,2,2026-09-26 16:00:00,2,C-HT,M03,Maximum,2026-09-29 07:45:00,2026-09-29 11:20:00,35,180,215,493.0,86057.5,6,295.8,4129875.4,451.917,78372.5,6,207.204,271.15,0
J046,C,117,2,2026-09-26 16:00:00,3,C-INS,M05,Light,2026-09-29 11:30:00,2026-09-29 12:55:00,10,75,85,49.6,8352.0,3,17.36,4144911.18,41.067,6688.0,2,18.829,14.373,0
J006,C,204,1,2026-09-26 17:00:00,1,C-ASM,M02,Medium,2026-09-27 18:30:00,2026-09-27 22:00:00,0,210,210,192.5,28517.5,6,86.625,1771949.312,192.5,28517.5,6,88.261,86.625,0
J006,C,204,1,2026-09-26 17:00:00,2,C-HT,M03,Maximum,2026-09-29 11:30:00,2026-09-29 16:45:00,0,315,315,761.25,112375.0,2,456.75,4418715.875,761.25,112375.0,2,349.033,456.75,0
J006,C,204,1,2026-09-26 17:00:00,3,C-INS,M05,Light,2026-09-29 16:45:00,2026-09-29 19:00:00,0,135,135,72.0,15200.0,8,25.2,4459212.6,72.0,15200.0,8,33.012,25.2,0
J049,A,83,3,2026-09-26 17:15:00,1,A-CUT,M01,Medium,2026-09-28 10:15:00,2026-09-28 11:50:00,20,75,95,115.2,25344.0,8,51.84,2584904.92,94.8,20856.0,7,43.466,42.66,0
J049,A,83,3,2026-09-26 17:15:00,2,A-PRS,M04,Maximum,2026-09-28 16:15:00,2026-09-28 18:00:00,0,105,105,218.75,40625.0,4,131.25,2967703.875,218.75,40625.0,4,100.297,131.25,0
J049,A,83,3,2026-09-26 17:15:00,3,A-INS,M05,Light,2026-09-29 08:00:00,2026-09-29 09:10:00,10,60,70,41.6,5824.0,0,14.56,3840923.28,33.067,4629.33,0,15.161,11.573,0
J077,A,154,1,2026-09-26 18:45:00,1,A-CUT,M01,Medium,2026-09-28 12:00:00,2026-09-28 14:00:00,0,120,120,144.0,20160.0,0,64.8,2615604.15,144.0,20160.0,0,66.024,64.8,0
J077,A,154,1,2026-09-26 18:45:00,2,A-PRS,M04,Maximum,2026-09-28 18:00:00,2026-09-28 21:15:00,0,195,195,406.25,76875.0,8,243.75,3111008.875,406.25,76875.0,8,186.266,243.75,0
J077,A,154,1,2026-09-26 18:45:00,3,A-INS,M05,Light,2026-09-29 09:15:00,2026-09-29 11:00:00,0,105,105,56.0,10400.0,4,19.6,3867445.8,56.0,10400.0,4,25.676,19.6,0
J013,B,233,3,2026-09-26 22:15:00,1,B-CUT,M01,Medium,2026-09-28 14:00:00,2026-09-28 17:20:00,20,180,200,241.2,36648.0,2,108.54,2623227.52,220.8,32832.0,2,101.237,99.36,0
J013,B,233,3,2026-09-26 22:15:00,2,B-HT,M03,Maximum,2026-09-29 16:45:00,2026-09-29 23:20:00,35,360,395,928.0,152105.0,13,556.8,4544128.65,886.917,146208.33,12,406.651,532.15,0
J013,B,233,3,2026-09-26 22:15:00,3,B-ASM,M02,Medium,2026-09-30 06:00:00,2026-09-30 10:15:00,15,240,255,222.75,27335.0,1,100.237,5067980.119,222.75,27335.0,1,102.131,100.238,0
J011,B,286,1,2026-09-26 23:15:00,1,B-CUT,M01,Medium,2026-09-28 17:30:00,2026-09-28 21:15:00,0,225,225,270.0,52200.0,10,121.5,2817603.5,270.0,52200.0,10,123.795,121.5,0
J011,B,286,1,2026-09-26 23:15:00,2,B-HT,M03,Maximum,2026-09-29 23:30:00,2026-09-30 06:45:00,0,435,435,1051.25,94612.5,0,630.75,4865006.625,1051.25,94612.5,0,481.998,630.75,0
J011,B,286,1,2026-09-26 23:15:00,3,B-ASM,M02,Medium,2026-09-30 10:15:00,2026-09-30 15:15:00,0,300,300,275.0,46200.0,7,123.75,5329772.375,275.0,46200.0,7,126.088,123.75,0
J072,C,166,2,2026-09-27 01:45:00,1,C-ASM,M02,Medium,2026-09-28 18:30:00,2026-09-28 21:45:00,15,180,195,167.75,29205.0,6,75.487,2672823.994,167.75,29205.0,6,76.913,75.488,0
J072,C,166,2,2026-09-27 01:45:00,2,C-HT,M03,Maximum,2026-09-30 06:45:00,2026-09-30 11:35:00,35,255,290,674.25,108170.0,7,404.55,5022146.275,633.167,101330.83,7,290.307,379.9,0
J072,C,166,2,2026-09-27 01:45:00,3,C-INS,M05,Light,2026-09-30 11:45:00,2026-09-30 13:40:00,10,105,115,65.6,9952.0,2,22.96,5046013.98,57.067,8288.0,1,26.165,19.973,0
J062,A,286,1,2026-09-27 02:15:00,1,A-CUT,M01,Medium,2026-09-29 06:00:00,2026-09-29 10:05:00,20,225,245,295.2,36108.0,1,132.84,3387163.67,274.8,32712.0,1,125.996,123.66,0
J062,A,286,1,2026-09-27 02:15:00,2,A-PRS,M04,Maximum,2026-09-29 10:15:00,2026-09-29 16:00:00,0,345,345,718.75,118125.0,7,431.25,3826841.125,718.75,118125.0,7,329.547,431.25,0
J062,A,286,1,2026-09-27 02:15:00,3,A-INS,M05,Light,2026-09-30 08:00:00,2026-09-30 11:10:00,10,180,190,105.6,17984.0,5,36.96,4875600.48,97.067,16576.0,5,44.505,33.973,0
J030,A,160,3,2026-09-27 04:45:00,1,A-CUT,M01,Medium,2026-09-29 10:15:00,2026-09-29 12:15:00,0,120,120,144.0,30240.0,7,64.8,3364241.9,144.0,30240.0,7,66.024,64.8,0
J030,A,160,3,2026-09-27 04:45:00,2,A-PRS,M04,Maximum,2026-09-29 16:00:00,2026-09-29 19:15:00,0,195,195,406.25,79375.0,9,243.75,3834008.125,406.25,79375.0,9,186.266,243.75,0
J030,A,160,3,2026-09-27 04:45:00,3,A-INS,M05,Light,2026-09-30 13:45:00,2026-09-30 15:30:00,0,105,105,56.0,7840.0,0,19.6,4972905.3,56.0,7840.0,0,25.676,19.6,0
J079,A,149,2,2026-09-27 08:15:00,1,A-CUT,M01,Medium,2026-09-29 12:15:00,2026-09-29 14:15:00,0,120,120,144.0,20160.0,0,64.8,3260645.4,144.0,20160.0,0,66.024,64.8,0
J079,A,149,2,2026-09-27 08:15:00,2,A-PRS,M04,Maximum,2026-09-30 06:00:00,2026-09-30 09:00:00,0,180,180,375.0,40000.0,0,225.0,4405159.75,375.0,40000.0,0,171.938,225.0,0
J079,A,149,2,2026-09-27 08:15:00,3,A-INS,M05,Light,2026-09-30 15:30:00,2026-09-30 17:00:00,0,90,90,48.0,6720.0,0,16.8,4851747.9,48.0,6720.0,0,22.008,16.8,0
J019,B,294,3,2026-09-27 10:15:00,1,B-CUT,M01,Medium,2026-09-29 14:15:00,2026-09-29 18:20:00,20,225,245,295.2,49968.0,6,132.84,3418653.42,274.8,46152.0,6,125.996,123.66,0
J019,B,294,3,2026-09-27 10:15:00,2,B-HT,M03,Maximum,2026-09-30 11:45:00,2026-09-30 19:50:00,35,450,485,1145.5,195750.0,13,687.3,5097820.9,1104.417,188065.0,13,506.375,662.65,0
J019,B,294,3,2026-09-27 10:15:00,3,B-ASM,M02,Medium,2026-10-01 06:00:00,2026-10-01 11:15:00,15,300,315,277.75,39435.0,5,124.987,5862102.994,277.75,39435.0,5,127.348,124.988,0
J045,B,127,1,2026-09-27 12:00:00,1,B-CUT,M01,Medium,2026-09-29 18:30:00,2026-09-29 20:15:00,0,105,105,126.0,26280.0,6,56.7,3404738.85,126.0,26280.0,6,57.771,56.7,0
J045,B,127,1,2026-09-27 12:00:00,2,B-HT,M03,Maximum,2026-09-30 20:00:00,2026-09-30 23:15:00,0,195,195,471.25,56912.5,0,282.75,5052125.125,471.25,56912.5,0,216.068,282.75,0
J045,B,127,1,2026-09-27 12:00:00,3,B-ASM,M02,Medium,2026-10-01 11:15:00,2026-10-01 13:30:00,0,135,135,123.75,20625.0,3,55.688,5872188.844,123.75,20625.0,3,56.739,55.688,0
J017,B,202,3,2026-09-27 12:00:00,1,B-CUT,M01,Medium,2026-09-30 06:00:00,2026-09-30 08:45:00,0,165,165,198.0,20520.0,0,89.1,4146052.05,198.0,20520.0,0,90.783,89.1,0
J017,B,202,3,2026-09-27 12:00:00,2,B-HT,M03,Maximum,2026-09-30 23:15:00,2026-10-01 04:30:00,0,315,315,761.25,68512.5,0,456.75,5378784.375,761.25,68512.5,0,349.033,456.75,0
J017,B,202,3,2026-09-27 12:00:00,3,B-ASM,M02,Medium,2026-10-01 13:30:00,2026-10-01 17:00:00,0,210,210,192.5,26950.0,0,86.625,6087020.312,192.5,26950.0,0,88.261,86.625,0
J007,C,70,1,2026-09-27 13:00:00,1,C-ASM,M02,Medium,2026-09-26 20:00:00,2026-09-26 21:30:00,15,75,90,71.5,8508.5,0,32.175,8808.087,71.5,8508.5,0,32.783,32.175,0
J007,C,70,1,2026-09-27 13:00:00,2,C-HT,M03,Maximum,2026-10-01 04:30:00,2026-10-01 06:50:00,35,105,140,311.75,28057.5,0,187.05,5418635.025,270.667,24360.0,0,124.101,162.4,0
J007,C,70,1,2026-09-27 13:00:00,3,C-INS,M05,Light,2026-10-01 08:00:00,2026-10-01 08:55:00,10,45,55,33.6,4704.0,0,11.76,5519763.38,25.067,3509.33,0,11.493,8.773,0
J074,B,116,2,2026-09-27 14:30:00,1,B-CUT,M01,Medium,2026-09-29 20:15:00,2026-09-29 21:45:00,0,90,90,108.0,15120.0,0,48.6,3330686.55,108.0,15120.0,0,49.518,48.6,0
J074,B,116,2,2026-09-27 14:30:00,2,B-HT,M03,Maximum,2026-10-01 07:00:00,2026-10-01 10:35:00,35,180,215,493.0,73007.5,3,295.8,5599930.15,451.917,66168.33,3,207.204,271.15,0
J074,B,116,2,2026-09-27 14:30:00,3,B-ASM,M02,Medium,2026-10-01 17:00:00,2026-10-01 19:15:00,15,120,135,112.75,24805.0,9,50.737,6074424.619,112.75,24805.0,9,51.696,50.738,0
J066,A,103,2,2026-09-27 14:30:00,1,A-CUT,M01,Medium,2026-09-30 08:45:00,2026-09-30 10:35:00,20,90,110,133.2,22968.0,3,59.94,4110105.72,112.8,19152.0,3,51.719,50.76,0
J066,A,103,2,2026-09-27 14:30:00,2,A-PRS,M04,Maximum,2026-09-30 10:45:00,2026-09-30 13:00:00,0,135,135,281.25,51875.0,5,168.75,4284459.875,281.25,51875.0,5,128.953,168.75,0
J066,A,103,2,2026-09-27 14:30:00,3,A-INS,M05,Light,2026-09-30 17:00:00,2026-09-30 18:25:00,10,75,85,49.6,10912.0,7,17.36,4569482.68,41.067,9034.67,6,18.829,14.373,0
J021,B,249,1,2026-09-27 15:00:00,1,B-CUT,M01,Medium,2026-09-30 10:45:00,2026-09-30 14:20:00,20,195,215,259.2,42624.0,6,116.64,4326261.57,238.8,39096.0,5,109.49,107.46,0
J021,B,249,1,2026-09-27 15:00:00,2,B-HT,M03,Maximum,2026-10-01 10:45:00,2026-10-01 17:00:00,0,375,375,906.25,141375.0,5,543.75,6024208.125,906.25,141375.0,5,415.516,543.75,0
J021,B,249,1,2026-09-27 15:00:00,3,B-ASM,M02,Medium,2026-10-02 06:00:00,2026-10-02 10:15:00,0,255,255,233.75,28325.0,1,105.188,6943916.594,233.75,28325.0,1,107.174,105.188,0
J058,C,297,2,2026-09-27 17:30:00,1,C-ASM,M02,Medium,2026-09-30 15:15:00,2026-09-30 20:30:00,15,300,315,277.75,52085.0,12,124.987,4558809.744,277.75,52085.0,12,127.348,124.988,0
J058,C,297,2,2026-09-27 17:30:00,2,C-HT,M03,Maximum,2026-10-01 17:00:00,2026-10-02 01:05:00,35,450,485,1145.5,167547.5,13,687.3,6389627.65,1104.417,161650.83,12,506.375,662.65,0
J058,C,297,2,2026-09-27 17:30:00,3,C-INS,M05,Light,2026-10-02 08:00:00,2026-10-02 11:10:00,10,180,190,105.6,17984.0,5,36.96,6840573.23,97.067,16576.0,5,44.505,33.973,0
J029,A,289,1,2026-09-27 18:15:00,1,A-CUT,M01,Medium,2026-09-30 14:30:00,2026-09-30 18:35:00,20,225,245,295.2,51408.0,7,132.84,4395585.17,274.8,47592.0,7,125.996,123.66,0
J029,A,289,1,2026-09-27 18:15:00,2,A-PRS,M04,Maximum,2026-10-01 06:00:00,2026-10-01 12:00:00,0,360,360,750.0,112500.0,8,450.0,5501759.25,750.0,112500.0,8,343.875,450.0,0
J029,A,289,1,2026-09-27 18:15:00,3,A-INS,M05,Light,2026-10-01 12:00:00,2026-10-01 15:10:00,10,180,190,105.6,14784.0,0,36.96,5589852.48,97.067,13589.33,0,44.505,33.973,0
J036,B,287,2,2026-09-27 18:30:00,1,B-CUT,M01,Medium,2026-10-01 06:00:00,2026-10-01 10:05:00,20,225,245,295.2,36108.0,1,132.84,5292336.92,274.8,32712.0,1,125.996,123.66,0
J036,B,287,2,2026-09-27 18:30:00,2,B-HT,M03,Maximum,2026-10-02 01:15:00,2026-10-02 09:05:00,35,435,470,1109.25,108895.0,0,665.55,6744448.275,1068.167,103989.17,0,489.754,640.9,0
J036,B,287,2,2026-09-27 18:30:00,3,B-ASM,M02,Medium,2026-10-02 10:15:00,2026-10-02 15:30:00,15,300,315,277.75,45705.0,7,124.987,7069345.994,277.75,45705.0,7,127.348,124.988,0
J023,C,71,2,2026-09-27 20:00:00,1,C-ASM,M02,Medium,2026-09-29 17:45:00,2026-09-29 19:15:00,15,75,90,71.5,15730.0,6,32.175,2854264.337,71.5,15730.0,6,32.783,32.175,0
J023,C,71,2,2026-09-27 20:00:00,2,C-HT,M03,Maximum,2026-10-02 09:15:00,2026-10-02 11:50:00,35,120,155,348.0,71920.0,8,208.8,6786385.4,306.917,64235.0,8,140.721,184.15,0
J023,C,71,2,2026-09-27 20:00:00,3,C-INS,M05,Light,2026-10-02 12:00:00,2026-10-02 12:55:00,10,45,55,33.6,4704.0,0,11.76,6779760.38,25.067,3509.33,0,11.493,8.773,0
J073,C,278,3,2026-09-27 20:00:00,1,C-ASM,M02,Medium,2026-10-02 15:30:00,2026-10-02 20:15:00,0,285,285,261.25,49775.0,12,117.562,7271502.031,261.25,49775.0,12,119.783,117.562,0
J073,C,278,3,2026-09-27 20:00:00,2,C-HT,M03,Maximum,2026-10-02 20:15:00,2026-10-03 03:15:00,0,420,420,1015.0,97440.0,0,609.0,7732744.5,1015.0,97440.0,0,465.378,609.0,0
J073,C,278,3,2026-09-27 20:00:00,3,C-INS,M05,Light,2026-10-03 08:00:00,2026-10-03 11:00:00,0,180,180,96.0,13600.0,4,33.6,8115631.05,96.0,13600.0,4,44.016,33.6,0
J002,B,278,1,2026-09-27 22:00:00,1,B-CUT,M01,Medium,2026-10-01 10:15:00,2026-10-01 13:45:00,0,210,210,252.0,45360.0,7,113.4,5314460.45,252.0,45360.0,7,115.542,113.4,0
J002,B,278,1,2026-09-27 22:00:00,2,B-HT,M03,Maximum,2026-10-02 12:00:00,2026-10-02 19:35:00,35,420,455,1073.0,182120.0,11,643.8,7243183.65,1031.917,174435.0,11,473.134,619.15,0
J002,B,278,1,2026-09-27 22:00:00,3,B-ASM,M02,Medium,2026-10-03 06:00:00,2026-10-03 11:00:00,15,285,300,264.0,30899.0,4,118.8,8013064.65,264.0,30899.0,4,121.044,118.8,0
