job_id,product_type,quantity,priority,due_time,process_step,process_id,machine_id,load_type,start_time,end_time,setup_time_min,processing_time_min,total_time_min,operation_energy_kWh_est,common_energy_kWh,common_energy_cost,common_peak_overlap_slots,common_co2_kg,common_co2_kg_loadtype_proxy,outside_energy_context
J027,A,106,1,2026-09-22 03:00:00,1,A-CUT,M01,Medium,2026-09-21 06:00:00,2026-09-21 07:30:00,0,90,90,108.0,108.0,9720.0,0,49.518,48.6,0
J027,A,106,1,2026-09-22 03:00:00,2,A-PRS,M04,Maximum,2026-09-21 07:30:00,2026-09-21 09:45:00,0,135,135,281.25,281.25,36250.0,0,128.953,168.75,0
J027,A,106,1,2026-09-22 03:00:00,3,A-INS,M05,Light,2026-09-21 09:45:00,2026-09-21 11:00:00,0,75,75,40.0,40.0,8160.0,4,18.34,14.0,0
J004,B,257,2,2026-09-25 05:15:00,1,B-CUT,M01,Medium,2026-09-21 07:30:00,2026-09-21 11:05:00,20,195,215,238.8,238.8,38832.0,5,109.49,107.46,0
J004,B,257,2,2026-09-25 05:15:00,2,B-HT,M03,Maximum,2026-09-21 11:15:00,2026-09-21 17:45:00,0,390,390,942.5,942.5,149350.0,6,432.136,565.5,0
J004,B,257,2,2026-09-25 05:15:00,3,B-ASM,M02,Medium,2026-09-22 06:00:00,2026-09-22 10:30:00,0,270,270,247.5,247.5,31350.0,2,113.479,111.375,0
J034,C,264,2,2026-09-23 03:00:00,1,C-ASM,M02,Medium,2026-09-21 06:00:00,2026-09-21 10:45:00,15,270,285,250.25,250.25,33385.0,3,114.74,112.612,0
J034,C,264,2,2026-09-23 03:00:00,2,C-HT,M03,Maximum,2026-09-21 17:45:00,2026-09-22 01:05:00,35,405,440,995.667,995.667,137725.83,9,456.513,597.4,0
J034,C,264,2,2026-09-23 03:00:00,3,C-INS,M05,Light,2026-09-22 08:00:00,2026-09-22 10:55:00,10,165,175,89.067,89.067,14816.0,4,40.837,31.173,0
J078,B,281,3,2026-09-25 02:45:00,1,B-CUT,M01,Medium,2026-09-21 11:15:00,2026-09-21 15:00:00,0,225,225,270.0,270.0,42120.0,3,123.795,121.5,0
J078,B,281,3,2026-09-25 02:45:00,2,B-HT,M03,Maximum,2026-09-22 01:15:00,2026-09-22 09:05:00,35,435,470,1068.167,1068.167,103989.17,0,489.754,640.9,0
J078,B,281,3,2026-09-25 02:45:00,3,B-ASM,M02,Medium,2026-09-22 10:30:00,2026-09-22 15:30:00,15,285,300,264.0,264.0,42680.0,6,121.044,118.8,0
J059,C,134,2,2026-09-24 05:00:00,1,C-ASM,M02,Medium,2026-09-21 10:45:00,2026-09-21 13:15:00,15,135,150,126.5,126.5,22330.0,5,58.0,56.925,0
J059,C,134,2,2026-09-24 05:00:00,2,C-HT,M03,Maximum,2026-09-22 09:15:00,2026-09-22 13:20:00,35,210,245,524.417,524.417,96618.33,8,240.445,314.65,0
J059,C,134,2,2026-09-24 05:00:00,3,C-INS,M05,Light,2026-09-22 13:30:00,2026-09-22 15:00:00,0,90,90,48.0,48.0,6720.0,0,22.008,16.8,0
J003,A,179,1,2026-09-26 09:15:00,1,A-CUT,M01,Medium,2026-09-21 15:00:00,2026-09-21 17:35:00,20,135,155,166.8,166.8,26712.0,3,76.478,75.06,0
J003,A,179,1,2026-09-26 09:15:00,2,A-PRS,M04,Maximum,2026-09-21 17:45:00,2026-09-21 21:30:00,0,225,225,468.75,468.75,88125.0,9,214.922,281.25,0
J003,A,179,1,2026-09-26 09:15:00,3,A-INS,M05,Light,2026-09-22 11:00:00,2026-09-22 13:10:00,10,120,130,65.067,65.067,11328.0,4,29.833,22.773,0
J040,B,198,2,2026-09-25 13:00:00,1,B-CUT,M01,Medium,2026-09-21 17:45:00,2026-09-21 20:35:00,20,150,170,184.8,184.8,37296.0,9,84.731,83.16,0
J040,B,198,2,2026-09-25 13:00:00,2,B-HT,M03,Maximum,2026-09-22 13:30:00,2026-09-22 19:05:00,35,300,335,741.917,741.917,128035.0,9,340.169,445.15,0
J040,B,198,2,2026-09-25 13:00:00,3,B-ASM,M02,Medium,2026-09-23 06:00:00,2026-09-23 09:45:00,15,210,225,195.25,195.25,22385.0,0,89.522,87.862,0
J052,C,298,2,2026-09-23 08:30:00,1,C-ASM,M02,Medium,2026-09-21 13:15:00,2026-09-21 18:30:00,15,300,315,277.75,277.75,45485.0,6,127.348,124.988,0
J052,C,298,2,2026-09-23 08:30:00,2,C-HT,M03,Maximum,2026-09-22 19:15:00,2026-09-23 03:20:00,35,450,485,1104.417,1104.417,119238.33,3,506.375,662.65,0
J052,C,298,2,2026-09-23 08:30:00,3,C-INS,M05,Light,2026-09-23 08:00:00,2026-09-23 11:10:00,10,180,190,97.067,97.067,16576.0,5,44.505,33.973,0
J048,C,266,1,2026-09-25 10:00:00,1,C-ASM,M02,Medium,2026-09-22 15:30:00,2026-09-22 20:00:00,0,270,270,247.5,247.5,47850.0,12,113.479,111.375,0
J048,C,266,1,2026-09-25 10:00:00,2,C-HT,M03,Maximum,2026-09-23 03:30:00,2026-09-23 10:15:00,0,405,405,978.75,978.75,107300.0,1,448.757,587.25,0
J048,C,266,1,2026-09-25 10:00:00,3,C-INS,M05,Light,2026-09-23 11:15:00,2026-09-23 14:00:00,0,165,165,88.0,88.0,14240.0,3,40.348,30.8,0
J039,A,202,3,2026-09-25 09:15:00,1,A-CUT,M01,Medium,2026-09-22 06:00:00,2026-09-22 09:05:00,20,165,185,202.8,202.8,22152.0,0,92.984,91.26,0
J039,A,202,3,2026-09-25 09:15:00,2,A-PRS,M04,Maximum,2026-09-22 09:15:00,2026-09-22 13:30:00,0,255,255,531.25,531.25,94375.0,8,243.578,318.75,0
J039,A,202,3,2026-09-25 09:15:00,3,A-INS,M05,Light,2026-09-22 15:00:00,2026-09-22 17:25:00,10,135,145,73.067,73.067,11296.0,2,33.501,25.573,0
J010,A,289,1,2026-09-26 12:15:00,1,A-CUT,M01,Medium,2026-09-22 09:15:00,2026-09-22 13:00:00,0,225,225,270.0,270.0,49320.0,8,123.795,121.5,0
J010,A,289,1,2026-09-26 12:15:00,2,A-PRS,M04,Maximum,2026-09-22 13:30:00,2026-09-22 19:30:00,0,360,360,750.0,750.0,130000.0,10,343.875,450.0,0
J010,A,289,1,2026-09-26 12:15:00,3,A-INS,M05,Light,2026-09-23 14:00:00,2026-09-23 17:00:00,0,180,180,96.0,96.0,13440.0,0,44.016,33.6,0
J028,A,134,1,2026-09-24 16:15:00,1,A-CUT,M01,Medium,2026-09-22 13:00:00,2026-09-22 14:45:00,0,105,105,126.0,126.0,17640.0,0,57.771,56.7,0
J028,A,134,1,2026-09-24 16:15:00,2,A-PRS,M04,Maximum,2026-09-23 06:00:00,2026-09-23 08:45:00,0,165,165,343.75,343.75,35625.0,0,157.609,206.25,0
J028,A,134,1,2026-09-24 16:15:00,3,A-INS,M05,Light,2026-09-23 17:00:00,2026-09-23 18:30:00,0,90,90,48.0,48.0,10560.0,6,22.008,16.8,0
J043,B,75,1,2026-09-26 13:15:00,1,B-CUT,M01,Medium,2026-09-22 14:45:00,2026-09-22 16:05:00,20,60,80,76.8,76.8,10752.0,0,35.213,34.56,0
J043,B,75,1,2026-09-26 13:15:00,2,B-HT,M03,Maximum,2026-09-23 10:15:00,2026-09-23 12:50:00,35,120,155,306.917,306.917,57855.0,7,140.721,184.15,0
J043,B,75,1,2026-09-26 13:15:00,3,B-ASM,M02,Medium,2026-09-23 13:00:00,2026-09-23 14:30:00,15,75,90,71.5,71.5,10010.0,0,32.783,32.175,0
J050,B,78,3,2026-09-26 09:15:00,1,B-CUT,M01,Medium,2026-09-21 20:45:00,2026-09-21 21:45:00,0,60,60,72.0,72.0,10080.0,0,33.012,32.4,0
J050,B,78,3,2026-09-26 09:15:00,2,B-HT,M03,Maximum,2026-09-23 13:00:00,2026-09-23 15:00:00,0,120,120,290.0,290.0,40600.0,0,132.965,174.0,0
J050,B,78,3,2026-09-26 09:15:00,3,B-ASM,M02,Medium,2026-09-23 15:00:00,2026-09-23 16:30:00,0,90,90,82.5,82.5,11550.0,0,37.826,37.125,0
J033,B,273,1,2026-09-26 10:45:00,1,B-CUT,M01,Medium,2026-09-22 16:15:00,2026-09-22 19:45:00,0,210,210,252.0,252.0,51120.0,11,115.542,113.4,0
J033,B,273,1,2026-09-26 10:45:00,2,B-HT,M03,Maximum,2026-09-23 15:00:00,2026-09-23 22:00:00,0,420,420,1015.0,1015.0,176900.0,12,465.378,609.0,0
J033,B,273,1,2026-09-26 10:45:00,3,B-ASM,M02,Medium,2026-09-24 06:00:00,2026-09-24 10:45:00,0,285,285,261.25,261.25,34375.0,3,119.783,117.562,0
J069,A,171,3,2026-09-25 12:45:00,1,A-CUT,M01,Medium,2026-09-23 06:00:00,2026-09-23 08:35:00,20,135,155,166.8,166.8,17112.0,0,76.478,75.06,0
J069,A,171,3,2026-09-25 12:45:00,2,A-PRS,M04,Maximum,2026-09-23 08:45:00,2026-09-23 12:15:00,0,210,210,437.5,437.5,81250.0,8,200.594,262.5,0
J069,A,171,3,2026-09-25 12:45:00,3,A-INS,M05,Light,2026-09-24 08:00:00,2026-09-24 09:45:00,0,105,105,56.0,56.0,7840.0,0,25.676,19.6,0
J031,A,217,3,2026-09-25 17:00:00,1,A-CUT,M01,Medium,2026-09-23 08:45:00,2026-09-23 11:30:00,0,165,165,198.0,198.0,36360.0,6,90.783,89.1,0
J031,A,217,3,2026-09-25 17:00:00,2,A-PRS,M04,Maximum,2026-09-23 12:15:00,2026-09-23 16:45:00,0,270,270,562.5,562.5,78750.0,0,257.906,337.5,0
J031,A,217,3,2026-09-25 17:00:00,3,A-INS,M05,Light,2026-09-24 09:45:00,2026-09-24 12:00:00,0,135,135,72.0,72.0,15200.0,8,33.012,25.2,0
J060,C,59,2,2026-09-24 18:45:00,1,C-ASM,M02,Medium,2026-09-21 18:30:00,2026-09-21 19:45:00,15,60,75,57.75,57.75,12705.0,5,26.478,25.988,0
J060,C,59,2,2026-09-24 18:45:00,2,C-HT,M03,Maximum,2026-09-23 22:00:00,2026-09-24 00:05:00,35,90,125,234.417,234.417,21097.5,0,107.48,140.65,0
J060,C,59,2,2026-09-24 18:45:00,3,C-INS,M05,Light,2026-09-24 12:00:00,2026-09-24 12:55:00,10,45,55,25.067,25.067,3509.33,0,11.493,8.773,0
J046,C,117,2,2026-09-26 16:00:00,1,C-ASM,M02,Medium,2026-09-21 19:45:00,2026-09-21 21:45:00,0,120,120,110.0,110.0,16500.0,1,50.435,49.5,0
J046,C,117,2,2026-09-26 16:00:00,2,C-HT,M03,Maximum,2026-09-24 00:15:00,2026-09-24 03:15:00,0,180,180,435.0,435.0,39150.0,0,199.448,261.0,0
J046,C,117,2,2026-09-26 16:00:00,3,C-INS,M05,Light,2026-09-24 13:00:00,2026-09-24 14:15:00,0,75,75,40.0,40.0,5600.0,0,18.34,14.0,0
J016,A,62,2,2026-09-23 20:15:00,1,A-CUT,M01,Medium,2026-09-22 19:45:00,2026-09-22 20:45:00,0,60,60,72.0,72.0,11520.0,1,33.012,32.4,0
J016,A,62,2,2026-09-23 20:15:00,2,A-PRS,M04,Maximum,2026-09-22 20:45:00,2026-09-22 22:00:00,0,75,75,156.25,156.25,21875.0,0,71.641,93.75,0
J016,A,62,2,2026-09-23 20:15:00,3,A-INS,M05,Light,2026-09-23 18:30:00,2026-09-23 19:25:00,10,45,55,25.067,25.067,5514.67,4,11.493,8.773,0
J072,C,166,2,2026-09-27 01:45:00,1,C-ASM,M02,Medium,2026-09-23 09:45:00,2026-09-23 12:45:00,0,180,180,165.0,165.0,31900.0,8,75.652,74.25,0
J072,C,166,2,2026-09-27 01:45:00,2,C-HT,M03,Maximum,2026-09-24 03:15:00,2026-09-24 07:30:00,0,255,255,616.25,616.25,55462.5,0,282.551,369.75,0
J072,C,166,2,2026-09-27 01:45:00,3,C-INS,M05,Light,2026-09-24 14:15:00,2026-09-24 16:10:00,10,105,115,57.067,57.067,7989.33,0,26.165,19.973,0
J076,B,85,3,2026-09-25 21:15:00,1,B-CUT,M01,Medium,2026-09-23 11:30:00,2026-09-23 13:05:00,20,75,95,94.8,94.8,14616.0,2,43.466,42.66,0
J076,B,85,3,2026-09-25 21:15:00,2,B-HT,M03,Maximum,2026-09-24 07:30:00,2026-09-24 10:20:00,35,135,170,343.167,343.167,51185.0,2,157.342,205.9,0
J076,B,85,3,2026-09-25 21:15:00,3,B-ASM,M02,Medium,2026-09-24 10:45:00,2026-09-24 12:30:00,15,90,105,85.25,85.25,16555.0,5,39.087,38.363,0
J067,A,171,2,2026-09-25 05:00:00,1,A-CUT,M01,Medium,2026-09-23 13:15:00,2026-09-23 15:50:00,20,135,155,166.8,166.8,23352.0,0,76.478,75.06,0
J067,A,171,2,2026-09-25 05:00:00,2,A-PRS,M04,Maximum,2026-09-23 16:45:00,2026-09-23 20:15:00,0,210,210,437.5,437.5,91250.0,12,200.594,262.5,0
J067,A,171,2,2026-09-25 05:00:00,3,A-INS,M05,Light,2026-09-24 16:15:00,2026-09-24 18:10:00,10,105,115,57.067,57.067,10976.0,5,26.165,19.973,0
J065,B,241,3,2026-09-26 06:30:00,1,B-CUT,M01,Medium,2026-09-23 16:00:00,2026-09-23 19:35:00,20,195,215,238.8,238.8,48312.0,11,109.49,107.46,0
J065,B,241,3,2026-09-26 06:30:00,2,B-HT,M03,Maximum,2026-09-24 10:30:00,2026-09-24 16:45:00,0,375,375,906.25,906.25,144275.0,6,415.516,543.75,0
J065,B,241,3,2026-09-26 06:30:00,3,B-ASM,M02,Medium,2026-09-24 16:45:00,2026-09-24 21:00:00,0,255,255,233.75,233.75,45925.0,12,107.174,105.188,0
J032,A,99,1,2026-09-24 06:45:00,1,A-CUT,M01,Medium,2026-09-23 19:45:00,2026-09-23 21:20:00,20,75,95,94.8,94.8,13560.0,1,43.466,42.66,0
J032,A,99,1,2026-09-24 06:45:00,2,A-PRS,M04,Maximum,2026-09-24 06:00:00,2026-09-24 08:00:00,0,120,120,250.0,250.0,22500.0,0,114.625,150.0,0
J032,A,99,1,2026-09-24 06:45:00,3,A-INS,M05,Light,2026-09-24 18:15:00,2026-09-24 19:15:00,0,60,60,32.0,32.0,7040.0,4,14.672,11.2,0
J026,B,113,2,2026-09-25 04:00:00,1,B-CUT,M01,Medium,2026-09-24 06:00:00,2026-09-24 07:50:00,20,90,110,112.8,112.8,10152.0,0,51.719,50.76,0
J026,B,113,2,2026-09-25 04:00:00,2,B-HT,M03,Maximum,2026-09-24 20:00:00,2026-09-24 23:00:00,0,180,180,435.0,435.0,53650.0,0,199.448,261.0,0
J026,B,113,2,2026-09-25 04:00:00,3,B-ASM,M02,Medium,2026-09-25 06:00:00,2026-09-25 08:00:00,0,120,120,110.0,110.0,9900.0,0,50.435,49.5,0
J057,C,108,2,2026-09-24 10:00:00,1,C-ASM,M02,Medium,2026-09-23 16:30:00,2026-09-23 18:45:00,15,120,135,112.75,112.75,23485.0,7,51.696,50.738,0
J057,C,108,2,2026-09-24 10:00:00,2,C-HT,M03,Maximum,2026-09-24 23:00:00,2026-09-25 02:20:00,35,165,200,415.667,415.667,37410.0,0,190.583,249.4,0
J057,C,108,2,2026-09-24 10:00:00,3,C-INS,M05,Light,2026-09-25 08:00:00,2026-09-25 09:25:00,10,75,85,41.067,41.067,5749.33,0,18.829,14.373,0
J056,A,170,2,2026-09-26 09:15:00,1,A-CUT,M01,Medium,2026-09-24 08:00:00,2026-09-24 10:35:00,20,135,155,166.8,166.8,26712.0,3,76.478,75.06,0
J056,A,170,2,2026-09-26 09:15:00,2,A-PRS,M04,Maximum,2026-09-24 10:45:00,2026-09-24 14:15:00,0,210,210,437.5,437.5,73750.0,5,200.594,262.5,0
J056,A,170,2,2026-09-26 09:15:00,3,A-INS,M05,Light,2026-09-25 09:30:00,2026-09-25 11:25:00,10,105,115,57.067,57.067,11616.0,6,26.165,19.973,0
J008,A,219,3,2026-09-23 08:30:00,1,A-CUT,M01,Medium,2026-09-24 10:45:00,2026-09-24 13:30:00,0,165,165,198.0,198.0,34920.0,5,90.783,89.1,0
J008,A,219,3,2026-09-23 08:30:00,2,A-PRS,M04,Maximum,2026-09-24 14:15:00,2026-09-24 18:45:00,0,270,270,562.5,562.5,96250.0,7,257.906,337.5,0
J008,A,219,3,2026-09-23 08:30:00,3,A-INS,M05,Light,2026-09-25 11:30:00,2026-09-25 13:45:00,0,135,135,72.0,72.0,11360.0,2,33.012,25.2,0
J068,B,73,1,2026-09-24 09:30:00,1,B-CUT,M01,Medium,2026-09-24 13:30:00,2026-09-24 14:50:00,20,60,80,76.8,76.8,10752.0,0,35.213,34.56,0
J068,B,73,1,2026-09-24 09:30:00,2,B-HT,M03,Maximum,2026-09-25 02:30:00,2026-09-25 05:05:00,35,120,155,306.917,306.917,27622.5,0,140.721,184.15,0
J068,B,73,1,2026-09-24 09:30:00,3,B-ASM,M02,Medium,2026-09-25 08:00:00,2026-09-25 09:30:00,15,75,90,71.5,71.5,10010.0,0,32.783,32.175,0
J070,B,152,3,2026-09-23 08:15:00,1,B-CUT,M01,Medium,2026-09-24 15:00:00,2026-09-24 17:00:00,0,120,120,144.0,144.0,20160.0,0,66.024,64.8,0
J070,B,152,3,2026-09-23 08:15:00,2,B-HT,M03,Maximum,2026-09-25 05:15:00,2026-09-25 09:15:00,0,240,240,580.0,580.0,61262.5,0,265.93,348.0,0
J070,B,152,3,2026-09-23 08:15:00,3,B-ASM,M02,Medium,2026-09-25 09:30:00,2026-09-25 12:15:00,0,165,165,151.25,151.25,29975.0,8,69.348,68.062,0
J044,A,67,2,2026-09-25 09:30:00,1,A-CUT,M01,Medium,2026-09-24 17:00:00,2026-09-24 18:20:00,20,60,80,76.8,76.8,16896.0,6,35.213,34.56,0
J044,A,67,2,2026-09-25 09:30:00,2,A-PRS,M04,Maximum,2026-09-24 18:45:00,2026-09-24 20:15:00,0,90,90,187.5,187.5,38750.0,5,85.969,112.5,0
J044,A,67,2,2026-09-25 09:30:00,3,A-INS,M05,Light,2026-09-25 13:45:00,2026-09-25 14:30:00,0,45,45,24.0,24.0,3360.0,0,11.004,8.4,0
J055,B,221,2,2026-09-24 08:30:00,1,B-CUT,M01,Medium,2026-09-24 18:30:00,2026-09-24 21:50:00,20,180,200,220.8,220.8,38016.0,6,101.237,99.36,0
J055,B,221,2,2026-09-24 08:30:00,2,B-HT,M03,Maximum,2026-09-25 09:15:00,2026-09-25 15:00:00,0,345,345,833.75,833.75,139925.0,8,382.274,500.25,0
J055,B,221,2,2026-09-24 08:30:00,3,B-ASM,M02,Medium,2026-09-25 15:00:00,2026-09-25 18:45:00,0,225,225,206.25,206.25,36575.0,7,94.566,92.812,0
J074,B,116,2,2026-09-27 14:30:00,1,B-CUT,M01,Medium,2026-09-25 06:00:00,2026-09-25 07:30:00,0,90,90,108.0,108.0,9720.0,0,49.518,48.6,0
J074,B,116,2,2026-09-27 14:30:00,2,B-HT,M03,Maximum,2026-09-25 15:00:00,2026-09-25 18:00:00,0,180,180,435.0,435.0,72500.0,4,199.448,261.0,0
J074,B,116,2,2026-09-27 14:30:00,3,B-ASM,M02,Medium,2026-09-25 18:45:00,2026-09-25 20:45:00,0,120,120,110.0,110.0,20900.0,5,50.435,49.5,0
J006,C,204,1,2026-09-26 17:00:00,1,C-ASM,M02,Medium,2026-09-24 12:30:00,2026-09-24 16:15:00,15,210,225,195.25,195.25,27335.0,0,89.522,87.862,0
J006,C,204,1,2026-09-26 17:00:00,2,C-HT,M03,Maximum,2026-09-25 18:00:00,2026-09-25 23:50:00,35,315,350,778.167,778.167,113438.33,8,356.789,466.9,0
J006,C,204,1,2026-09-26 17:00:00,3,C-INS,M05,Light,2026-09-26 08:00:00,2026-09-26 10:25:00,10,135,145,73.067,73.067,9601.6,2,33.501,25.573,0
J014,B,86,2,2026-09-24 17:15:00,1,B-CUT,M01,Medium,2026-09-22 20:45:00,2026-09-22 22:00:00,0,75,75,90.0,90.0,12600.0,0,41.265,40.5,0
J014,B,86,2,2026-09-24 17:15:00,2,B-HT,M03,Maximum,2026-09-26 00:00:00,2026-09-26 02:50:00,35,135,170,343.167,343.167,26080.67,0,157.342,205.9,0
J014,B,86,2,2026-09-24 17:15:00,3,B-ASM,M02,Medium,2026-09-26 06:00:00,2026-09-26 07:45:00,15,90,105,85.25,85.25,6479.0,0,39.087,38.363,0
J019,B,294,3,2026-09-27 10:15:00,1,B-CUT,M01,Medium,2026-09-25 07:30:00,2026-09-25 11:15:00,0,225,225,270.0,270.0,43200.0,5,123.795,121.5,0
J019,B,294,3,2026-09-27 10:15:00,2,B-HT,M03,Maximum,2026-09-26 03:00:00,2026-09-26 10:30:00,0,450,450,1087.5,1087.5,103167.5,2,498.619,652.5,0
J019,B,294,3,2026-09-27 10:15:00,3,B-ASM,M02,Medium,2026-09-26 10:30:00,2026-09-26 15:30:00,0,300,300,275.0,275.0,38335.0,6,126.088,123.75,0
J049,A,83,3,2026-09-26 17:15:00,1,A-CUT,M01,Medium,2026-09-25 11:15:00,2026-09-25 12:50:00,20,75,95,94.8,94.8,16056.0,3,43.466,42.66,0
J049,A,83,3,2026-09-26 17:15:00,2,A-PRS,M04,Maximum,2026-09-25 13:00:00,2026-09-25 14:45:00,0,105,105,218.75,218.75,30625.0,0,100.297,131.25,0
J049,A,83,3,2026-09-26 17:15:00,3,A-INS,M05,Light,2026-09-25 14:45:00,2026-09-25 15:55:00,10,60,70,33.067,33.067,4629.33,0,15.161,11.573,0
J024,C,92,3,2026-09-24 17:45:00,1,C-ASM,M02,Medium,2026-09-22 20:00:00,2026-09-22 22:00:00,15,105,120,99.0,99.0,13860.0,0,45.391,44.55,0
J024,C,92,3,2026-09-24 17:45:00,2,C-HT,M03,Maximum,2026-09-26 10:30:00,2026-09-26 13:35:00,35,150,185,379.417,379.417,55339.25,6,173.963,227.65,0
J024,C,92,3,2026-09-24 17:45:00,3,C-INS,M05,Light,2026-09-26 13:45:00,2026-09-26 14:55:00,10,60,70,33.067,33.067,3934.93,0,15.161,11.573,0
J018,B,187,2,2026-09-23 14:30:00,1,B-CUT,M01,Medium,2026-09-25 13:00:00,2026-09-25 15:50:00,20,150,170,184.8,184.8,25872.0,0,84.731,83.16,0
J018,B,187,2,2026-09-23 14:30:00,2,B-HT,M03,Maximum,2026-09-26 13:45:00,2026-09-26 19:05:00,35,285,320,705.667,705.667,104516.0,9,323.548,423.4,0
J018,B,187,2,2026-09-23 14:30:00,3,B-ASM,M02,Medium,2026-09-27 06:00:00,2026-09-27 09:30:00,15,195,210,181.5,181.5,17341.5,0,83.218,81.675,0
J001,B,56,3,2026-09-24 13:15:00,1,B-CUT,M01,Medium,2026-09-25 16:00:00,2026-09-25 17:00:00,0,60,60,72.0,72.0,10080.0,0,33.012,32.4,0
J001,B,56,3,2026-09-24 13:15:00,2,B-HT,M03,Maximum,2026-09-26 19:15:00,2026-09-26 20:45:00,0,90,90,217.5,217.5,33277.5,3,99.724,130.5,0
J001,B,56,3,2026-09-24 13:15:00,3,B-ASM,M02,Medium,2026-09-26 20:45:00,2026-09-26 21:45:00,0,60,60,55.0,55.0,6545.0,0,25.218,24.75,0
J058,C,297,2,2026-09-27 17:30:00,1,C-ASM,M02,Medium,2026-09-26 15:30:00,2026-09-26 20:45:00,15,300,315,277.75,277.75,44272.25,12,127.348,124.988,0
J058,C,297,2,2026-09-27 17:30:00,2,C-HT,M03,Maximum,2026-09-26 20:45:00,2026-09-27 04:50:00,35,450,485,1104.417,1104.417,88819.75,0,506.375,662.65,0
J058,C,297,2,2026-09-27 17:30:00,3,C-INS,M05,Light,2026-09-27 08:00:00,2026-09-27 11:00:00,0,180,180,96.0,96.0,13600.0,4,44.016,33.6,0
J075,A,69,2,2026-09-25 17:15:00,1,A-CUT,M01,Medium,2026-09-25 17:00:00,2026-09-25 18:20:00,20,60,80,76.8,76.8,16896.0,6,35.213,34.56,0
J075,A,69,2,2026-09-25 17:15:00,2,A-PRS,M04,Maximum,2026-09-25 20:00:00,2026-09-25 21:30:00,0,90,90,187.5,187.5,26250.0,0,85.969,112.5,0
J075,A,69,2,2026-09-25 17:15:00,3,A-INS,M05,Light,2026-09-26 10:30:00,2026-09-26 11:25:00,10,45,55,25.067,25.067,4687.47,4,11.493,8.773,0
J037,B,98,1,2026-09-23 21:15:00,1,B-CUT,M01,Medium,2026-09-25 18:30:00,2026-09-25 20:05:00,20,75,95,94.8,94.8,20376.0,6,43.466,42.66,0
J037,B,98,1,2026-09-23 21:15:00,2,B-HT,M03,Maximum,2026-09-27 05:00:00,2026-09-27 08:05:00,35,150,185,379.417,379.417,29355.25,0,173.963,227.65,0
J037,B,98,1,2026-09-23 21:15:00,3,B-ASM,M02,Medium,2026-09-27 09:30:00,2026-09-27 11:30:00,15,105,120,99.0,99.0,17391.0,6,45.391,44.55,0
J064,B,153,2,2026-09-24 19:15:00,1,B-CUT,M01,Medium,2026-09-26 06:00:00,2026-09-26 08:00:00,0,120,120,144.0,144.0,10944.0,0,66.024,64.8,0
J064,B,153,2,2026-09-24 19:15:00,2,B-HT,M03,Maximum,2026-09-27 08:15:00,2026-09-27 12:15:00,0,240,240,580.0,580.0,88740.0,8,265.93,348.0,0
J064,B,153,2,2026-09-24 19:15:00,3,B-ASM,M02,Medium,2026-09-27 12:15:00,2026-09-27 15:00:00,0,165,165,151.25,151.25,17998.75,0,69.348,68.062,0
J022,C,274,3,2026-09-23 18:15:00,1,C-ASM,M02,Medium,2026-09-27 15:00:00,2026-09-27 20:00:00,15,285,300,264.0,264.0,42636.0,12,121.044,118.8,0
J022,C,274,3,2026-09-23 18:15:00,2,C-HT,M03,Maximum,2026-09-27 20:00:00,2026-09-28 03:35:00,35,420,455,1031.917,1031.917,95260.17,0,473.134,619.15,0
J022,C,274,3,2026-09-23 18:15:00,3,C-INS,M05,Light,2026-09-28 08:00:00,2026-09-28 10:55:00,10,165,175,89.067,89.067,14816.0,4,40.837,31.173,0
J025,B,232,3,2026-09-25 22:45:00,1,B-CUT,M01,Medium,2026-09-26 08:00:00,2026-09-26 11:00:00,0,180,180,216.0,216.0,30600.0,4,99.036,97.2,0
J025,B,232,3,2026-09-25 22:45:00,2,B-HT,M03,Maximum,2026-09-27 12:15:00,2026-09-27 18:50:00,35,360,395,886.917,886.917,123619.75,8,406.651,532.15,0
J025,B,232,3,2026-09-25 22:45:00,3,B-ASM,M02,Medium,2026-09-28 06:00:00,2026-09-28 10:15:00,15,240,255,222.75,222.75,27335.0,1,102.131,100.238,0
J042,B,167,2,2026-09-23 23:00:00,1,B-CUT,M01,Medium,2026-09-26 11:00:00,2026-09-26 13:15:00,0,135,135,162.0,162.0,24174.0,4,74.277,72.9,0
J042,B,167,2,2026-09-23 23:00:00,2,B-HT,M03,Maximum,2026-09-28 03:45:00,2026-09-28 08:00:00,0,255,255,616.25,616.25,55462.5,0,282.551,369.75,0
J042,B,167,2,2026-09-23 23:00:00,3,B-ASM,M02,Medium,2026-09-28 10:15:00,2026-09-28 13:15:00,0,180,180,165.0,165.0,30800.0,7,75.652,74.25,0
J063,B,134,2,2026-09-26 00:00:00,1,B-CUT,M01,Medium,2026-09-25 20:15:00,2026-09-25 22:00:00,0,105,105,126.0,126.0,17640.0,0,57.771,56.7,0
J063,B,134,2,2026-09-26 00:00:00,2,B-HT,M03,Maximum,2026-09-28 08:00:00,2026-09-28 11:30:00,0,210,210,507.5,507.5,88450.0,6,232.689,304.5,0
J063,B,134,2,2026-09-26 00:00:00,3,B-ASM,M02,Medium,2026-09-28 13:15:00,2026-09-28 15:30:00,0,135,135,123.75,123.75,17325.0,0,56.739,55.688,0
J013,B,233,3,2026-09-26 22:15:00,1,B-CUT,M01,Medium,2026-09-26 13:15:00,2026-09-26 16:15:00,0,180,180,216.0,216.0,25704.0,0,99.036,97.2,0
J013,B,233,3,2026-09-26 22:15:00,2,B-HT,M03,Maximum,2026-09-28 11:30:00,2026-09-28 17:30:00,0,360,360,870.0,870.0,133400.0,4,398.895,522.0,0
J013,B,233,3,2026-09-26 22:15:00,3,B-ASM,M02,Medium,2026-09-28 17:30:00,2026-09-28 21:30:00,0,240,240,220.0,220.0,41800.0,10,100.87,99.0,0
J041,A,221,1,2026-09-25 22:15:00,1,A-CUT,M01,Medium,2026-09-26 16:15:00,2026-09-26 19:35:00,20,180,200,220.8,220.8,38923.2,11,101.237,99.36,0
J041,A,221,1,2026-09-25 22:15:00,2,A-PRS,M04,Maximum,2026-09-27 06:00:00,2026-09-27 10:30:00,0,270,270,562.5,562.5,60437.5,2,257.906,337.5,0
J041,A,221,1,2026-09-25 22:15:00,3,A-INS,M05,Light,2026-09-27 11:00:00,2026-09-27 13:25:00,10,135,145,73.067,73.067,10580.8,4,33.501,25.573,0
J077,A,154,1,2026-09-26 18:45:00,1,A-CUT,M01,Medium,2026-09-26 19:45:00,2026-09-26 21:45:00,0,120,120,144.0,144.0,18360.0,1,66.024,64.8,0
J077,A,154,1,2026-09-26 18:45:00,2,A-PRS,M04,Maximum,2026-09-27 10:30:00,2026-09-27 13:45:00,0,195,195,406.25,406.25,61093.75,6,186.266,243.75,0
J077,A,154,1,2026-09-26 18:45:00,3,A-INS,M05,Light,2026-09-27 13:45:00,2026-09-27 15:30:00,0,105,105,56.0,56.0,6664.0,0,25.676,19.6,0
J005,A,245,1,2026-09-24 01:00:00,1,A-CUT,M01,Medium,2026-09-27 06:00:00,2026-09-27 09:15:00,0,195,195,234.0,234.0,21654.0,0,107.289,105.3,0
J005,A,245,1,2026-09-24 01:00:00,2,A-PRS,M04,Maximum,2026-09-27 13:45:00,2026-09-27 18:45:00,0,300,300,625.0,625.0,89250.0,7,286.563,375.0,0
J005,A,245,1,2026-09-24 01:00:00,3,A-INS,M05,Light,2026-09-28 11:00:00,2026-09-28 13:30:00,0,150,150,80.0,80.0,13760.0,4,36.68,28.0,0
J047,B,233,2,2026-09-26 03:15:00,1,B-CUT,M01,Medium,2026-09-27 09:15:00,2026-09-27 12:35:00,20,180,200,220.8,220.8,36067.2,8,101.237,99.36,0
J047,B,233,2,2026-09-26 03:15:00,2,B-HT,M03,Maximum,2026-09-28 17:30:00,2026-09-28 23:30:00,0,360,360,870.0,870.0,139925.0,10,398.895,522.0,0
J047,B,233,2,2026-09-26 03:15:00,3,B-ASM,M02,Medium,2026-09-29 06:00:00,2026-09-29 10:00:00,0,240,240,220.0,220.0,25300.0,0,100.87,99.0,0
J080,B,149,3,2026-09-25 02:45:00,1,B-CUT,M01,Medium,2026-09-27 12:45:00,2026-09-27 14:45:00,0,120,120,144.0,144.0,17136.0,0,66.024,64.8,0
J080,B,149,3,2026-09-25 02:45:00,2,B-HT,M03,Maximum,2026-09-28 23:30:00,2026-09-29 03:15:00,0,225,225,543.75,543.75,48937.5,0,249.309,326.25,0
J080,B,149,3,2026-09-25 02:45:00,3,B-ASM,M02,Medium,2026-09-29 10:00:00,2026-09-29 12:30:00,0,150,150,137.5,137.5,28050.0,8,63.044,61.875,0
J030,A,160,3,2026-09-27 04:45:00,1,A-CUT,M01,Medium,2026-09-27 14:45:00,2026-09-27 17:05:00,20,120,140,148.8,148.8,18115.2,1,68.225,66.96,0
J030,A,160,3,2026-09-27 04:45:00,2,A-PRS,M04,Maximum,2026-09-27 18:45:00,2026-09-27 22:00:00,0,195,195,406.25,406.25,58968.75,5,186.266,243.75,0
J030,A,160,3,2026-09-27 04:45:00,3,A-INS,M05,Light,2026-09-28 13:30:00,2026-09-28 15:15:00,0,105,105,56.0,56.0,7840.0,0,25.676,19.6,0
J009,B,166,1,2026-09-26 03:15:00,1,B-CUT,M01,Medium,2026-09-27 17:15:00,2026-09-27 19:50:00,20,135,155,166.8,166.8,31191.6,11,76.478,75.06,0
J009,B,166,1,2026-09-26 03:15:00,2,B-HT,M03,Maximum,2026-09-29 03:15:00,2026-09-29 07:30:00,0,255,255,616.25,616.25,55462.5,0,282.551,369.75,0
J009,B,166,1,2026-09-26 03:15:00,3,B-ASM,M02,Medium,2026-09-29 12:30:00,2026-09-29 15:30:00,0,180,180,165.0,165.0,23100.0,0,75.652,74.25,0
J061,C,79,3,2026-09-26 01:15:00,1,C-ASM,M02,Medium,2026-09-23 18:45:00,2026-09-23 20:30:00,15,90,105,85.25,85.25,16555.0,5,39.087,38.363,0
J061,C,79,3,2026-09-26 01:15:00,2,C-HT,M03,Maximum,2026-09-29 07:30:00,2026-09-29 10:05:00,35,120,155,306.917,306.917,43210.0,1,140.721,184.15,0
J061,C,79,3,2026-09-26 01:15:00,3,C-INS,M05,Light,2026-09-29 10:15:00,2026-09-29 11:25:00,10,60,70,33.067,33.067,7274.67,5,15.161,11.573,0
J035,B,271,1,2026-09-25 09:00:00,1,B-CUT,M01,Medium,2026-09-28 06:00:00,2026-09-28 09:30:00,0,210,210,252.0,252.0,28080.0,0,115.542,113.4,0
J035,B,271,1,2026-09-25 09:00:00,2,B-HT,M03,Maximum,2026-09-29 10:15:00,2026-09-29 17:50:00,35,420,455,1031.917,1031.917,169021.67,11,473.134,619.15,0
J035,B,271,1,2026-09-25 09:00:00,3,B-ASM,M02,Medium,2026-09-30 06:00:00,2026-09-30 11:00:00,15,285,300,264.0,264.0,36410.0,4,121.044,118.8,0
J012,A,130,3,2026-09-24 06:30:00,1,A-CUT,M01,Medium,2026-09-28 09:30:00,2026-09-28 11:35:00,20,105,125,130.8,130.8,27432.0,7,59.972,58.86,0
J012,A,130,3,2026-09-24 06:30:00,2,A-PRS,M04,Maximum,2026-09-28 11:45:00,2026-09-28 14:30:00,0,165,165,343.75,343.75,50625.0,1,157.609,206.25,0
J012,A,130,3,2026-09-24 06:30:00,3,A-INS,M05,Light,2026-09-28 15:15:00,2026-09-28 16:55:00,10,90,100,49.067,49.067,6869.33,0,22.497,17.173,0
J015,C,159,2,2026-09-25 05:30:00,1,C-ASM,M02,Medium,2026-09-29 15:30:00,2026-09-29 18:30:00,15,165,180,154.0,154.0,28160.0,6,70.609,69.3,0
J015,C,159,2,2026-09-25 05:30:00,2,C-HT,M03,Maximum,2026-09-29 18:30:00,2026-09-29 23:05:00,35,240,275,596.917,596.917,87700.83,6,273.686,358.15,0
J015,C,159,2,2026-09-25 05:30:00,3,C-INS,M05,Light,2026-09-30 08:00:00,2026-09-30 09:55:00,10,105,115,57.067,57.067,7989.33,0,26.165,19.973,0
J054,C,275,3,2026-09-25 09:00:00,1,C-ASM,M02,Medium,2026-09-30 11:00:00,2026-09-30 15:45:00,0,285,285,261.25,261.25,40975.0,4,119.783,117.562,0
J054,C,275,3,2026-09-25 09:00:00,2,C-HT,M03,Maximum,2026-09-30 15:45:00,2026-09-30 22:45:00,0,420,420,1015.0,1015.0,171462.5,12,465.378,609.0,0
J054,C,275,3,2026-09-25 09:00:00,3,C-INS,M05,Light,2026-10-01 08:00:00,2026-10-01 10:45:00,0,165,165,88.0,88.0,14240.0,3,40.348,30.8,0
J053,B,193,3,2026-09-25 06:15:00,1,B-CUT,M01,Medium,2026-09-28 11:45:00,2026-09-28 14:35:00,20,150,170,184.8,184.8,26160.0,1,84.731,83.16,0
J053,B,193,3,2026-09-25 06:15:00,2,B-HT,M03,Maximum,2026-09-29 23:15:00,2026-09-30 04:50:00,35,300,335,741.917,741.917,66772.5,0,340.169,445.15,0
J053,B,193,3,2026-09-25 06:15:00,3,B-ASM,M02,Medium,2026-09-30 15:45:00,2026-09-30 19:15:00,15,195,210,181.5,181.5,35310.0,9,83.218,81.675,0
J079,A,149,2,2026-09-27 08:15:00,1,A-CUT,M01,Medium,2026-09-28 14:45:00,2026-09-28 17:05:00,20,120,140,148.8,148.8,21312.0,1,68.225,66.96,0
J079,A,149,2,2026-09-27 08:15:00,2,A-PRS,M04,Maximum,2026-09-28 17:15:00,2026-09-28 20:15:00,0,180,180,375.0,375.0,80000.0,11,171.938,225.0,0
J079,A,149,2,2026-09-27 08:15:00,3,A-INS,M05,Light,2026-09-29 08:00:00,2026-09-29 09:40:00,10,90,100,49.067,49.067,6869.33,0,22.497,17.173,0
J051,B,87,2,2026-09-24 11:15:00,1,B-CUT,M01,Medium,2026-09-27 20:00:00,2026-09-27 21:35:00,20,75,95,94.8,94.8,11281.2,0,43.466,42.66,0
J051,B,87,2,2026-09-24 11:15:00,2,B-HT,M03,Maximum,2026-09-30 05:00:00,2026-09-30 07:15:00,0,135,135,326.25,326.25,29362.5,0,149.586,195.75,0
J051,B,87,2,2026-09-24 11:15:00,3,B-ASM,M02,Medium,2026-09-30 19:15:00,2026-09-30 20:45:00,0,90,90,82.5,82.5,14850.0,3,37.826,37.125,0
J066,A,103,2,2026-09-27 14:30:00,1,A-CUT,M01,Medium,2026-09-28 17:15:00,2026-09-28 19:05:00,20,90,110,112.8,112.8,24816.0,8,51.719,50.76,0
J066,A,103,2,2026-09-27 14:30:00,2,A-PRS,M04,Maximum,2026-09-29 06:00:00,2026-09-29 08:15:00,0,135,135,281.25,281.25,26875.0,0,128.953,168.75,0
J066,A,103,2,2026-09-27 14:30:00,3,A-INS,M05,Light,2026-09-29 11:30:00,2026-09-29 12:45:00,0,75,75,40.0,40.0,6880.0,2,18.34,14.0,0
J073,C,278,3,2026-09-27 20:00:00,1,C-ASM,M02,Medium,2026-10-01 06:00:00,2026-10-01 11:00:00,15,285,300,264.0,264.0,36410.0,4,121.044,118.8,0
J073,C,278,3,2026-09-27 20:00:00,2,C-HT,M03,Maximum,2026-10-01 11:00:00,2026-10-01 18:35:00,35,420,455,1031.917,1031.917,169021.67,11,473.134,619.15,0
J073,C,278,3,2026-09-27 20:00:00,3,C-INS,M05,Light,2026-10-02 08:00:00,2026-10-02 11:10:00,10,180,190,97.067,97.067,16576.0,5,44.505,33.973,0
J036,B,287,2,2026-09-27 18:30:00,1,B-CUT,M01,Medium,2026-09-29 06:00:00,2026-09-29 10:05:00,20,225,245,274.8,274.8,32712.0,1,125.996,123.66,0
J036,B,287,2,2026-09-27 18:30:00,2,B-HT,M03,Maximum,2026-09-30 07:15:00,2026-09-30 15:05:00,35,435,470,1068.167,1068.167,170689.17,8,489.754,640.9,0
J036,B,287,2,2026-09-27 18:30:00,3,B-ASM,M02,Medium,2026-10-01 11:00:00,2026-10-01 16:15:00,15,300,315,277.75,277.75,42405.0,4,127.348,124.988,0
J017,B,202,3,2026-09-27 12:00:00,1,B-CUT,M01,Medium,2026-09-28 19:15:00,2026-09-28 22:00:00,0,165,165,198.0,198.0,32040.0,3,90.783,89.1,0
J017,B,202,3,2026-09-27 12:00:00,2,B-HT,M03,Maximum,2026-09-30 22:45:00,2026-10-01 04:00:00,0,315,315,761.25,761.25,68512.5,0,349.033,456.75,0
J017,B,202,3,2026-09-27 12:00:00,3,B-ASM,M02,Medium,2026-10-01 16:15:00,2026-10-01 19:45:00,0,210,210,192.5,192.5,39050.0,11,88.261,86.625,0
J029,A,289,1,2026-09-27 18:15:00,1,A-CUT,M01,Medium,2026-09-29 10:15:00,2026-09-29 14:20:00,20,225,245,274.8,274.8,47016.0,7,125.996,123.66,0
J029,A,289,1,2026-09-27 18:15:00,2,A-PRS,M04,Maximum,2026-09-29 14:30:00,2026-09-29 20:30:00,0,360,360,750.0,750.0,135000.0,12,343.875,450.0,0
J029,A,289,1,2026-09-27 18:15:00,3,A-INS,M05,Light,2026-09-30 10:00:00,2026-09-30 13:10:00,10,180,190,97.067,97.067,18368.0,8,44.505,33.973,0
J038,A,62,1,2026-09-24 21:15:00,1,A-CUT,M01,Medium,2026-09-29 14:30:00,2026-09-29 15:30:00,0,60,60,72.0,72.0,10080.0,0,33.012,32.4,0
J038,A,62,1,2026-09-24 21:15:00,2,A-PRS,M04,Maximum,2026-09-29 20:30:00,2026-09-29 21:45:00,0,75,75,156.25,156.25,21875.0,0,71.641,93.75,0
J038,A,62,1,2026-09-24 21:15:00,3,A-INS,M05,Light,2026-09-30 13:15:00,2026-09-30 14:00:00,0,45,45,24.0,24.0,3360.0,0,11.004,8.4,0
J023,C,71,2,2026-09-27 20:00:00,1,C-ASM,M02,Medium,2026-09-23 20:30:00,2026-09-23 22:00:00,15,75,90,71.5,71.5,10010.0,0,32.783,32.175,0
J023,C,71,2,2026-09-27 20:00:00,2,C-HT,M03,Maximum,2026-10-01 04:00:00,2026-10-01 06:35:00,35,120,155,306.917,306.917,27622.5,0,140.721,184.15,0
J023,C,71,2,2026-09-27 20:00:00,3,C-INS,M05,Light,2026-10-01 10:45:00,2026-10-01 11:40:00,10,45,55,25.067,25.067,5514.67,4,11.493,8.773,0
J020,A,213,3,2026-09-25 21:15:00,1,A-CUT,M01,Medium,2026-09-29 15:30:00,2026-09-29 18:15:00,0,165,165,198.0,198.0,34920.0,5,90.783,89.1,0
J020,A,213,3,2026-09-25 21:15:00,2,A-PRS,M04,Maximum,2026-09-30 06:00:00,2026-09-30 10:30:00,0,270,270,562.5,562.5,71250.0,2,257.906,337.5,0
J020,A,213,3,2026-09-25 21:15:00,3,A-INS,M05,Light,2026-09-30 14:00:00,2026-09-30 16:25:00,10,135,145,73.067,73.067,10229.33,0,33.501,25.573,0
J071,A,255,1,2026-09-25 02:45:00,1,A-CUT,M01,Medium,2026-09-29 18:15:00,2026-09-29 21:30:00,0,195,195,234.0,234.0,42840.0,7,107.289,105.3,0
J071,A,255,1,2026-09-25 02:45:00,2,A-PRS,M04,Maximum,2026-09-30 10:30:00,2026-09-30 15:45:00,0,315,315,656.25,656.25,106875.0,6,300.891,393.75,0
J071,A,255,1,2026-09-25 02:45:00,3,A-INS,M05,Light,2026-09-30 16:30:00,2026-09-30 19:15:00,0,165,165,88.0,88.0,18080.0,9,40.348,30.8,0
J021,B,249,1,2026-09-27 15:00:00,1,B-CUT,M01,Medium,2026-09-30 06:00:00,2026-09-30 09:35:00,20,195,215,238.8,238.8,27192.0,0,109.49,107.46,0
J021,B,249,1,2026-09-27 15:00:00,2,B-HT,M03,Maximum,2026-10-01 18:45:00,2026-10-02 01:35:00,35,375,410,923.167,923.167,112350.83,5,423.272,553.9,0
J021,B,249,1,2026-09-27 15:00:00,3,B-ASM,M02,Medium,2026-10-02 06:00:00,2026-10-02 10:30:00,15,255,270,236.5,236.5,30360.0,2,108.435,106.425,0
J045,B,127,1,2026-09-27 12:00:00,1,B-CUT,M01,Medium,2026-09-30 09:45:00,2026-09-30 11:30:00,0,105,105,126.0,126.0,26280.0,6,57.771,56.7,0
J045,B,127,1,2026-09-27 12:00:00,2,B-HT,M03,Maximum,2026-10-01 06:45:00,2026-10-01 10:00:00,0,195,195,471.25,471.25,56912.5,0,216.068,282.75,0
J045,B,127,1,2026-09-27 12:00:00,3,B-ASM,M02,Medium,2026-10-01 19:45:00,2026-10-01 22:00:00,0,135,135,123.75,123.75,18425.0,1,56.739,55.688,0
J062,A,286,1,2026-09-27 02:15:00,1,A-CUT,M01,Medium,2026-09-30 11:30:00,2026-09-30 15:35:00,20,225,245,274.8,274.8,39816.0,2,125.996,123.66,0
J062,A,286,1,2026-09-27 02:15:00,2,A-PRS,M04,Maximum,2026-09-30 15:45:00,2026-09-30 21:30:00,0,345,345,718.75,718.75,130625.0,12,329.547,431.25,0
J062,A,286,1,2026-09-27 02:15:00,3,A-INS,M05,Light,2026-10-01 11:45:00,2026-10-01 14:45:00,0,180,180,96.0,96.0,14080.0,1,44.016,33.6,0
J002,B,278,1,2026-09-27 22:00:00,1,B-CUT,M01,Medium,2026-09-30 15:45:00,2026-09-30 19:35:00,20,210,230,256.8,256.8,50832.0,11,117.743,115.56,0
J002,B,278,1,2026-09-27 22:00:00,2,B-HT,M03,Maximum,2026-10-02 01:45:00,2026-10-02 08:45:00,0,420,420,1015.0,1015.0,96787.5,0,465.378,609.0,0
J002,B,278,1,2026-09-27 22:00:00,3,B-ASM,M02,Medium,2026-10-02 10:30:00,2026-10-02 15:15:00,0,285,285,261.25,261.25,43175.0,6,119.783,117.562,0
J007,C,70,1,2026-09-27 13:00:00,1,C-ASM,M02,Medium,2026-09-25 12:15:00,2026-09-25 13:45:00,15,75,90,71.5,71.5,10010.0,0,32.783,32.175,0
J007,C,70,1,2026-09-27 13:00:00,2,C-HT,M03,Maximum,2026-10-02 08:45:00,2026-10-02 11:05:00,35,105,140,270.667,270.667,50460.0,5,124.101,162.4,0
J007,C,70,1,2026-09-27 13:00:00,3,C-INS,M05,Light,2026-10-02 11:15:00,2026-10-02 12:10:00,10,45,55,25.067,25.067,5088.0,3,11.493,8.773,0
J011,B,286,1,2026-09-26 23:15:00,1,B-CUT,M01,Medium,2026-10-01 06:00:00,2026-10-01 09:45:00,0,225,225,270.0,270.0,30600.0,0,123.795,121.5,0
J011,B,286,1,2026-09-26 23:15:00,2,B-HT,M03,Maximum,2026-10-02 11:15:00,2026-10-02 19:05:00,35,435,470,1068.167,1068.167,176996.67,12,489.754,640.9,0
J011,B,286,1,2026-09-26 23:15:00,3,B-ASM,M02,Medium,2026-10-03 06:00:00,2026-10-03 11:15:00,15,300,315,277.75,277.75,33470.25,5,127.348,124.988,0
