job_id,product_type,quantity,priority,due_time,process_step,process_id,machine_id,load_type,start_time,end_time,setup_time_min,processing_time_min,total_time_min,energy_cost_est,peak_overlap_slots,slack_before_operation_min,slack_policy_mode,shift_min,sequence_rank
J027,A,106,1,2026-09-22 03:00:00,1,A-CUT,M01,Medium,2026-09-21 06:00:00,2026-09-21 07:30:00,0,90,90,9720.0,0,960.0,earliest,0,0
J027,A,106,1,2026-09-22 03:00:00,2,A-PRS,M04,Maximum,2026-09-21 07:30:00,2026-09-21 09:45:00,0,135,135,36250.0,0,960.0,energy_shift,0,0
J027,A,106,1,2026-09-22 03:00:00,3,A-INS,M05,Light,2026-09-21 09:45:00,2026-09-21 11:00:00,0,75,75,8160.0,4,960.0,earliest,0,0
J052,C,298,2,2026-09-23 08:30:00,1,C-ASM,M02,Medium,2026-09-21 06:00:00,2026-09-21 11:00:00,0,300,300,37400.0,4,2100.0,earliest,0,1
J052,C,298,2,2026-09-23 08:30:00,2,C-HT,M03,Maximum,2026-09-21 11:00:00,2026-09-21 18:30:00,0,450,450,181250.0,10,2100.0,bottleneck_limited,0,1
J052,C,298,2,2026-09-23 08:30:00,3,C-INS,M05,Light,2026-09-22 08:00:00,2026-09-22 11:10:00,10,180,190,16864.0,5,1275.0,earliest,0,1
J070,B,152,3,2026-09-23 08:15:00,1,B-CUT,M01,Medium,2026-09-22 07:15:00,2026-09-22 09:35:00,20,120,140,19908.0,0,945.0,earliest,0,2
J070,B,152,3,2026-09-23 08:15:00,2,B-HT,M03,Maximum,2026-09-22 09:45:00,2026-09-22 14:20:00,35,240,275,102805.0,8,900.0,bottleneck_limited,0,2
J070,B,152,3,2026-09-23 08:15:00,3,B-ASM,M02,Medium,2026-09-22 14:30:00,2026-09-22 17:30:00,15,165,180,23760.0,2,885.0,earliest,0,2
J005,A,245,1,2026-09-24 01:00:00,1,A-CUT,M01,Medium,2026-09-23 06:00:00,2026-09-23 09:35:00,20,195,215,28008.0,0,465.0,earliest,0,3
J005,A,245,1,2026-09-24 01:00:00,2,A-PRS,M04,Maximum,2026-09-23 09:45:00,2026-09-23 14:45:00,0,300,300,107500.0,8,465.0,earliest,0,3
J005,A,245,1,2026-09-24 01:00:00,3,A-INS,M05,Light,2026-09-23 14:45:00,2026-09-23 17:25:00,10,150,160,12704.0,2,450.0,earliest,0,3
J032,A,99,1,2026-09-24 06:45:00,1,A-CUT,M01,Medium,2026-09-22 06:00:00,2026-09-22 07:15:00,0,75,75,8100.0,0,2670.0,earliest,0,4
J032,A,99,1,2026-09-24 06:45:00,2,A-PRS,M04,Maximum,2026-09-22 07:15:00,2026-09-22 09:15:00,0,120,120,30312.5,0,2670.0,energy_shift,0,4
J032,A,99,1,2026-09-24 06:45:00,3,A-INS,M05,Light,2026-09-22 11:15:00,2026-09-22 12:25:00,10,60,70,6112.0,3,2535.0,earliest,0,4
J034,C,264,2,2026-09-23 03:00:00,1,C-ASM,M02,Medium,2026-09-21 11:00:00,2026-09-21 15:30:00,0,270,270,39050.0,4,1560.0,earliest,0,5
J034,C,264,2,2026-09-23 03:00:00,2,C-HT,M03,Maximum,2026-09-21 18:30:00,2026-09-22 01:15:00,0,405,405,130862.5,6,1380.0,bottleneck_limited,0,5
J034,C,264,2,2026-09-23 03:00:00,3,C-INS,M05,Light,2026-09-22 12:30:00,2026-09-22 15:25:00,10,165,175,12544.0,0,690.0,earliest,0,5
J068,B,73,1,2026-09-24 09:30:00,1,B-CUT,M01,Medium,2026-09-22 09:45:00,2026-09-22 10:45:00,0,60,60,14400.0,3,2610.0,earliest,0,6
J068,B,73,1,2026-09-24 09:30:00,2,B-HT,M03,Maximum,2026-09-22 14:30:00,2026-09-22 16:30:00,0,120,120,40600.0,0,2385.0,bottleneck_limited,0,6
J068,B,73,1,2026-09-24 09:30:00,3,B-ASM,M02,Medium,2026-09-22 17:30:00,2026-09-22 18:45:00,0,75,75,15125.0,5,2325.0,earliest,0,6
J008,A,219,3,2026-09-23 08:30:00,1,A-CUT,M01,Medium,2026-09-22 10:45:00,2026-09-22 13:50:00,20,165,185,33624.0,5,705.0,earliest,0,7
J008,A,219,3,2026-09-23 08:30:00,2,A-PRS,M04,Maximum,2026-09-22 14:00:00,2026-09-22 18:30:00,0,270,270,93750.0,6,705.0,energy_shift,0,7
J008,A,219,3,2026-09-23 08:30:00,3,A-INS,M05,Light,2026-09-23 08:00:00,2026-09-23 10:25:00,10,135,145,11584.0,2,-120.0,earliest,0,7
J018,B,187,2,2026-09-23 14:30:00,1,B-CUT,M01,Medium,2026-09-22 14:00:00,2026-09-22 16:50:00,20,150,170,26208.0,0,810.0,earliest,0,8
J018,B,187,2,2026-09-23 14:30:00,2,B-HT,M03,Maximum,2026-09-22 17:00:00,2026-09-22 21:45:00,0,285,285,131225.0,12,810.0,bottleneck_limited,0,8
J018,B,187,2,2026-09-23 14:30:00,3,B-ASM,M02,Medium,2026-09-23 06:00:00,2026-09-23 09:15:00,0,195,195,19525.0,0,315.0,earliest,0,8
J016,A,62,2,2026-09-23 20:15:00,1,A-CUT,M01,Medium,2026-09-21 14:15:00,2026-09-21 15:15:00,0,60,60,10080.0,0,3060.0,earliest,0,9
J016,A,62,2,2026-09-23 20:15:00,2,A-PRS,M04,Maximum,2026-09-21 15:15:00,2026-09-21 16:30:00,0,75,75,21875.0,0,3060.0,energy_shift,0,9
J016,A,62,2,2026-09-23 20:15:00,3,A-INS,M05,Light,2026-09-21 16:30:00,2026-09-21 17:15:00,0,45,45,4000.0,1,3060.0,earliest,0,9
J037,B,98,1,2026-09-23 21:15:00,1,B-CUT,M01,Medium,2026-09-22 17:00:00,2026-09-22 18:15:00,0,75,75,19800.0,5,1365.0,earliest,0,10
J037,B,98,1,2026-09-23 21:15:00,2,B-HT,M03,Maximum,2026-09-22 21:45:00,2026-09-23 00:15:00,0,150,150,34437.5,0,1155.0,bottleneck_limited,0,10
J037,B,98,1,2026-09-23 21:15:00,3,B-ASM,M02,Medium,2026-09-23 09:15:00,2026-09-23 11:00:00,0,105,105,17875.0,4,615.0,earliest,0,10
J042,B,167,2,2026-09-23 23:00:00,1,B-CUT,M01,Medium,2026-09-22 18:15:00,2026-09-22 20:30:00,0,135,135,32760.0,7,1155.0,earliest,0,11
J042,B,167,2,2026-09-23 23:00:00,2,B-HT,M03,Maximum,2026-09-23 00:15:00,2026-09-23 04:30:00,0,255,255,55462.5,0,930.0,bottleneck_limited,0,11
J042,B,167,2,2026-09-23 23:00:00,3,B-ASM,M02,Medium,2026-09-23 11:00:00,2026-09-23 14:00:00,0,180,180,27500.0,4,540.0,earliest,0,11
J001,B,56,3,2026-09-24 13:15:00,1,B-CUT,M01,Medium,2026-09-22 20:30:00,2026-09-22 21:30:00,0,60,60,10080.0,0,2235.0,earliest,0,12
J001,B,56,3,2026-09-24 13:15:00,2,B-HT,M03,Maximum,2026-09-23 04:30:00,2026-09-23 06:00:00,0,90,90,19575.0,0,1815.0,bottleneck_limited,0,12
J001,B,56,3,2026-09-24 13:15:00,3,B-ASM,M02,Medium,2026-09-23 14:00:00,2026-09-23 15:00:00,0,60,60,7700.0,0,1335.0,earliest,0,12
J022,C,274,3,2026-09-23 18:15:00,1,C-ASM,M02,Medium,2026-09-23 15:00:00,2026-09-23 20:00:00,15,285,300,50160.0,12,-690.0,earliest,0,13
J022,C,274,3,2026-09-23 18:15:00,2,C-HT,M03,Maximum,2026-09-23 20:00:00,2026-09-24 03:35:00,35,420,455,103457.5,0,-735.0,earliest,0,13
J022,C,274,3,2026-09-23 18:15:00,3,C-INS,M05,Light,2026-09-24 08:00:00,2026-09-24 10:55:00,10,165,175,15104.0,4,-1005.0,earliest,0,13
J059,C,134,2,2026-09-24 05:00:00,1,C-ASM,M02,Medium,2026-09-21 15:30:00,2026-09-21 17:45:00,0,135,135,20625.0,3,3255.0,earliest,0,14
J059,C,134,2,2026-09-24 05:00:00,2,C-HT,M03,Maximum,2026-09-22 01:15:00,2026-09-22 04:45:00,0,210,210,45675.0,0,2805.0,bottleneck_limited,0,14
J059,C,134,2,2026-09-24 05:00:00,3,C-INS,M05,Light,2026-09-22 15:30:00,2026-09-22 17:00:00,0,90,90,6720.0,0,2160.0,earliest,0,14
J012,A,130,3,2026-09-24 06:30:00,1,A-CUT,M01,Medium,2026-09-23 09:45:00,2026-09-23 11:30:00,0,105,105,26280.0,6,885.0,earliest,0,15
J012,A,130,3,2026-09-24 06:30:00,2,A-PRS,M04,Maximum,2026-09-23 14:45:00,2026-09-23 17:30:00,0,165,165,53125.0,2,690.0,energy_shift,0,15
J012,A,130,3,2026-09-24 06:30:00,3,A-INS,M05,Light,2026-09-23 17:30:00,2026-09-23 19:00:00,0,90,90,10560.0,6,690.0,earliest,0,15
J055,B,221,2,2026-09-24 08:30:00,1,B-CUT,M01,Medium,2026-09-23 11:30:00,2026-09-23 14:50:00,20,180,200,31824.0,2,480.0,earliest,0,16
J055,B,221,2,2026-09-24 08:30:00,2,B-HT,M03,Maximum,2026-09-24 03:45:00,2026-09-24 10:05:00,35,345,380,96207.5,1,-330.0,earliest,0,16
J055,B,221,2,2026-09-24 08:30:00,3,B-ASM,M02,Medium,2026-09-24 10:15:00,2026-09-24 14:15:00,15,225,240,36080.0,7,-345.0,earliest,0,16
J057,C,108,2,2026-09-24 10:00:00,1,C-ASM,M02,Medium,2026-09-22 06:00:00,2026-09-22 08:00:00,0,120,120,9900.0,0,2760.0,earliest,0,17
J057,C,108,2,2026-09-24 10:00:00,2,C-HT,M03,Maximum,2026-09-23 06:00:00,2026-09-23 09:20:00,35,165,200,48720.0,0,1395.0,bottleneck_limited,0,17
J057,C,108,2,2026-09-24 10:00:00,3,C-INS,M05,Light,2026-09-23 10:30:00,2026-09-23 11:55:00,10,75,85,9152.0,6,1320.0,earliest,0,17
J051,B,87,2,2026-09-24 11:15:00,1,B-CUT,M01,Medium,2026-09-23 15:00:00,2026-09-23 16:15:00,0,75,75,12600.0,0,915.0,earliest,0,18
J051,B,87,2,2026-09-24 11:15:00,2,B-HT,M03,Maximum,2026-09-23 16:15:00,2026-09-23 19:05:00,35,135,170,74820.0,9,870.0,bottleneck_limited,0,18
J051,B,87,2,2026-09-24 11:15:00,3,B-ASM,M02,Medium,2026-09-23 20:00:00,2026-09-23 21:45:00,15,90,105,11935.0,0,810.0,earliest,0,18
J028,A,134,1,2026-09-24 16:15:00,1,A-CUT,M01,Medium,2026-09-21 09:15:00,2026-09-21 11:00:00,0,105,105,23400.0,4,4380.0,earliest,0,19
J028,A,134,1,2026-09-24 16:15:00,2,A-PRS,M04,Maximum,2026-09-21 12:00:00,2026-09-21 14:45:00,0,165,165,48125.0,0,4380.0,energy_shift,60,19
J028,A,134,1,2026-09-24 16:15:00,3,A-INS,M05,Light,2026-09-21 14:45:00,2026-09-21 16:15:00,0,90,90,6720.0,0,4320.0,earliest,0,19
J014,B,86,2,2026-09-24 17:15:00,1,B-CUT,M01,Medium,2026-09-23 16:15:00,2026-09-23 17:30:00,0,75,75,15480.0,2,1200.0,earliest,0,20
J014,B,86,2,2026-09-24 17:15:00,2,B-HT,M03,Maximum,2026-09-24 10:15:00,2026-09-24 12:30:00,0,135,135,65975.0,7,195.0,earliest,0,20
J014,B,86,2,2026-09-24 17:15:00,3,B-ASM,M02,Medium,2026-09-24 14:15:00,2026-09-24 15:45:00,0,90,90,11550.0,0,90.0,earliest,0,20
J024,C,92,3,2026-09-24 17:45:00,1,C-ASM,M02,Medium,2026-09-22 09:45:00,2026-09-22 11:30:00,0,105,105,20075.0,6,3045.0,earliest,0,21
J024,C,92,3,2026-09-24 17:45:00,2,C-HT,M03,Maximum,2026-09-23 09:30:00,2026-09-23 12:00:00,0,150,150,73950.0,8,1725.0,bottleneck_limited,0,21
J024,C,92,3,2026-09-24 17:45:00,3,C-INS,M05,Light,2026-09-23 12:00:00,2026-09-23 13:00:00,0,60,60,4480.0,0,1725.0,earliest,0,21
J060,C,59,2,2026-09-24 18:45:00,1,C-ASM,M02,Medium,2026-09-21 17:45:00,2026-09-21 18:45:00,0,60,60,12100.0,4,4185.0,earliest,0,22
J060,C,59,2,2026-09-24 18:45:00,2,C-HT,M03,Maximum,2026-09-22 04:45:00,2026-09-22 06:15:00,0,90,90,19575.0,0,3585.0,bottleneck_limited,0,22
J060,C,59,2,2026-09-24 18:45:00,3,C-INS,M05,Light,2026-09-22 17:00:00,2026-09-22 17:45:00,0,45,45,5280.0,3,2940.0,earliest,0,22
J064,B,153,2,2026-09-24 19:15:00,1,B-CUT,M01,Medium,2026-09-23 17:30:00,2026-09-23 19:30:00,0,120,120,31680.0,8,1020.0,earliest,0,23
J064,B,153,2,2026-09-24 19:15:00,2,B-HT,M03,Maximum,2026-09-24 12:30:00,2026-09-24 16:30:00,0,240,240,81200.0,0,0.0,earliest,0,23
J064,B,153,2,2026-09-24 19:15:00,3,B-ASM,M02,Medium,2026-09-24 16:30:00,2026-09-24 19:15:00,0,165,165,31075.0,9,0.0,earliest,0,23
J038,A,62,1,2026-09-24 21:15:00,1,A-CUT,M01,Medium,2026-09-23 19:30:00,2026-09-23 20:50:00,20,60,80,11664.0,2,1335.0,earliest,0,24
J038,A,62,1,2026-09-24 21:15:00,2,A-PRS,M04,Maximum,2026-09-24 06:00:00,2026-09-24 07:15:00,0,75,75,14062.5,0,795.0,energy_shift,0,24
J038,A,62,1,2026-09-24 21:15:00,3,A-INS,M05,Light,2026-09-24 11:00:00,2026-09-24 11:55:00,10,45,55,5632.0,4,555.0,earliest,0,24
J071,A,255,1,2026-09-25 02:45:00,1,A-CUT,M01,Medium,2026-09-24 06:00:00,2026-09-24 09:15:00,0,195,195,25560.0,0,570.0,earliest,0,25
J071,A,255,1,2026-09-25 02:45:00,2,A-PRS,M04,Maximum,2026-09-24 11:45:00,2026-09-24 17:00:00,0,315,315,94375.0,1,570.0,energy_shift,150,25
J071,A,255,1,2026-09-25 02:45:00,3,A-INS,M05,Light,2026-09-24 17:00:00,2026-09-24 19:45:00,0,165,165,19360.0,11,420.0,earliest,0,25
J026,B,113,2,2026-09-25 04:00:00,1,B-CUT,M01,Medium,2026-09-24 09:15:00,2026-09-24 11:05:00,20,90,110,23328.0,5,705.0,earliest,0,26
J026,B,113,2,2026-09-25 04:00:00,2,B-HT,M03,Maximum,2026-09-24 20:00:00,2026-09-24 23:00:00,0,180,180,53650.0,0,180.0,earliest,0,26
J026,B,113,2,2026-09-25 04:00:00,3,B-ASM,M02,Medium,2026-09-25 06:00:00,2026-09-25 08:00:00,0,120,120,9900.0,0,-240.0,earliest,0,26
J080,B,149,3,2026-09-25 02:45:00,1,B-CUT,M01,Medium,2026-09-24 11:15:00,2026-09-24 13:15:00,0,120,120,24480.0,3,435.0,earliest,0,27
J080,B,149,3,2026-09-25 02:45:00,2,B-HT,M03,Maximum,2026-09-24 23:00:00,2026-09-25 02:45:00,0,225,225,48937.5,0,-150.0,earliest,0,27
J080,B,149,3,2026-09-25 02:45:00,3,B-ASM,M02,Medium,2026-09-25 08:00:00,2026-09-25 10:30:00,0,150,150,21450.0,2,-465.0,earliest,0,27
J078,B,281,3,2026-09-25 02:45:00,1,B-CUT,M01,Medium,2026-09-24 13:15:00,2026-09-24 17:00:00,0,225,225,37800.0,0,-135.0,earliest,0,28
J078,B,281,3,2026-09-25 02:45:00,2,B-HT,M03,Maximum,2026-09-25 02:45:00,2026-09-25 10:00:00,0,435,435,109112.5,0,-720.0,earliest,0,28
J078,B,281,3,2026-09-25 02:45:00,3,B-ASM,M02,Medium,2026-09-25 10:30:00,2026-09-25 15:15:00,0,285,285,43175.0,6,-750.0,earliest,0,28
J067,A,171,2,2026-09-25 05:00:00,1,A-CUT,M01,Medium,2026-09-24 17:00:00,2026-09-24 19:35:00,20,135,155,37224.0,11,240.0,earliest,0,29
J067,A,171,2,2026-09-25 05:00:00,2,A-PRS,M04,Maximum,2026-09-25 06:00:00,2026-09-25 09:30:00,0,210,210,48750.0,0,-375.0,earliest,0,29
J067,A,171,2,2026-09-25 05:00:00,3,A-INS,M05,Light,2026-09-25 09:30:00,2026-09-25 11:15:00,0,105,105,11040.0,5,-375.0,earliest,0,29
J004,B,257,2,2026-09-25 05:15:00,1,B-CUT,M01,Medium,2026-09-25 06:00:00,2026-09-25 09:35:00,20,195,215,28008.0,0,-930.0,earliest,0,30
J004,B,257,2,2026-09-25 05:15:00,2,B-HT,M03,Maximum,2026-09-25 10:00:00,2026-09-25 16:30:00,0,390,390,155150.0,8,-945.0,earliest,0,30
J004,B,257,2,2026-09-25 05:15:00,3,B-ASM,M02,Medium,2026-09-25 16:30:00,2026-09-25 21:00:00,0,270,270,47850.0,12,-945.0,earliest,0,30
J035,B,271,1,2026-09-25 09:00:00,1,B-CUT,M01,Medium,2026-09-25 09:45:00,2026-09-25 13:15:00,0,210,210,46800.0,8,-960.0,earliest,0,31
J035,B,271,1,2026-09-25 09:00:00,2,B-HT,M03,Maximum,2026-09-25 16:30:00,2026-09-25 23:30:00,0,420,420,166025.0,12,-1155.0,earliest,0,31
J035,B,271,1,2026-09-25 09:00:00,3,B-ASM,M02,Medium,2026-09-26 06:00:00,2026-09-26 10:45:00,0,285,285,29163.75,3,-1545.0,earliest,0,31
J054,C,275,3,2026-09-25 09:00:00,1,C-ASM,M02,Medium,2026-09-26 10:45:00,2026-09-26 15:45:00,15,285,300,35343.0,5,-2430.0,earliest,0,32
J054,C,275,3,2026-09-25 09:00:00,2,C-HT,M03,Maximum,2026-09-26 15:45:00,2026-09-26 23:20:00,35,420,455,143600.75,12,-2475.0,earliest,0,32
J054,C,275,3,2026-09-25 09:00:00,3,C-INS,M05,Light,2026-09-27 08:00:00,2026-09-27 10:55:00,10,165,175,12838.4,4,-3000.0,earliest,0,32
J039,A,202,3,2026-09-25 09:15:00,1,A-CUT,M01,Medium,2026-09-21 11:00:00,2026-09-21 13:45:00,0,165,165,33480.0,4,5100.0,earliest,0,33
J039,A,202,3,2026-09-25 09:15:00,2,A-PRS,M04,Maximum,2026-09-21 17:45:00,2026-09-21 22:00:00,0,255,255,96875.0,9,4935.0,energy_shift,75,33
J039,A,202,3,2026-09-25 09:15:00,3,A-INS,M05,Light,2026-09-24 12:00:00,2026-09-24 14:15:00,0,135,135,10080.0,0,1140.0,earliest,0,33
J044,A,67,2,2026-09-25 09:30:00,1,A-CUT,M01,Medium,2026-09-23 21:00:00,2026-09-23 22:00:00,0,60,60,10080.0,0,1995.0,earliest,0,34
J044,A,67,2,2026-09-25 09:30:00,2,A-PRS,M04,Maximum,2026-09-24 07:15:00,2026-09-24 08:45:00,0,90,90,21562.5,0,1440.0,energy_shift,0,34
J044,A,67,2,2026-09-25 09:30:00,3,A-INS,M05,Light,2026-09-24 14:15:00,2026-09-24 15:00:00,0,45,45,3360.0,0,1110.0,earliest,0,34
J048,C,266,1,2026-09-25 10:00:00,1,C-ASM,M02,Medium,2026-09-26 15:45:00,2026-09-26 20:15:00,0,270,270,40672.5,12,-2625.0,earliest,0,35
J048,C,266,1,2026-09-25 10:00:00,2,C-HT,M03,Maximum,2026-09-26 23:30:00,2026-09-27 06:15:00,0,405,405,74385.0,0,-2820.0,earliest,0,35
J048,C,266,1,2026-09-25 10:00:00,3,C-INS,M05,Light,2026-09-27 11:00:00,2026-09-27 13:45:00,0,165,165,12648.0,4,-3105.0,earliest,0,35
J069,A,171,3,2026-09-25 12:45:00,1,A-CUT,M01,Medium,2026-09-21 15:15:00,2026-09-21 17:30:00,0,135,135,25560.0,2,5160.0,earliest,0,36
J069,A,171,3,2026-09-25 12:45:00,2,A-PRS,M04,Maximum,2026-09-23 06:00:00,2026-09-23 09:30:00,0,210,210,48750.0,0,4215.0,energy_shift,1245,36
J069,A,171,3,2026-09-25 12:45:00,3,A-INS,M05,Light,2026-09-24 15:00:00,2026-09-24 16:45:00,0,105,105,7840.0,0,1200.0,earliest,0,36
J015,C,159,2,2026-09-25 05:30:00,1,C-ASM,M02,Medium,2026-09-24 06:00:00,2026-09-24 09:00:00,15,165,180,16610.0,0,885.0,earliest,0,37
J015,C,159,2,2026-09-25 05:30:00,2,C-HT,M03,Maximum,2026-09-25 23:30:00,2026-09-26 04:05:00,35,240,275,45936.0,0,-1470.0,earliest,0,37
J015,C,159,2,2026-09-25 05:30:00,3,C-INS,M05,Light,2026-09-26 08:00:00,2026-09-26 09:55:00,10,105,115,6854.4,0,-1710.0,earliest,0,37
J053,B,193,3,2026-09-25 06:15:00,1,B-CUT,M01,Medium,2026-09-25 13:15:00,2026-09-25 15:45:00,0,150,150,25200.0,0,-1065.0,earliest,0,38
J053,B,193,3,2026-09-25 06:15:00,2,B-HT,M03,Maximum,2026-09-26 04:15:00,2026-09-26 09:50:00,35,300,335,69223.0,0,-1860.0,earliest,0,38
J053,B,193,3,2026-09-25 06:15:00,3,B-ASM,M02,Medium,2026-09-27 06:00:00,2026-09-27 09:30:00,15,195,210,17341.5,0,-3075.0,earliest,0,38
J040,B,198,2,2026-09-25 13:00:00,1,B-CUT,M01,Medium,2026-09-25 15:45:00,2026-09-25 18:15:00,0,150,150,32400.0,5,-825.0,earliest,0,39
J040,B,198,2,2026-09-25 13:00:00,2,B-HT,M03,Maximum,2026-09-26 10:00:00,2026-09-26 15:00:00,0,300,300,105995.0,8,-1770.0,earliest,0,39
J040,B,198,2,2026-09-25 13:00:00,3,B-ASM,M02,Medium,2026-09-27 09:30:00,2026-09-27 13:00:00,0,210,210,30387.5,8,-2880.0,earliest,0,39
J020,A,213,3,2026-09-25 21:15:00,1,A-CUT,M01,Medium,2026-09-25 18:15:00,2026-09-25 21:20:00,20,165,185,36504.0,7,-420.0,earliest,0,40
J020,A,213,3,2026-09-25 21:15:00,2,A-PRS,M04,Maximum,2026-09-26 06:00:00,2026-09-26 10:30:00,0,270,270,60437.5,2,-930.0,earliest,0,40
J020,A,213,3,2026-09-25 21:15:00,3,A-INS,M05,Light,2026-09-26 10:30:00,2026-09-26 12:55:00,10,135,145,11587.2,6,-945.0,earliest,0,40
J031,A,217,3,2026-09-25 17:00:00,1,A-CUT,M01,Medium,2026-09-21 17:30:00,2026-09-21 20:15:00,0,165,165,42120.0,10,5160.0,earliest,0,41
J031,A,217,3,2026-09-25 17:00:00,2,A-PRS,M04,Maximum,2026-09-22 09:15:00,2026-09-22 13:45:00,0,270,270,98750.0,8,4380.0,energy_shift,0,41
J031,A,217,3,2026-09-25 17:00:00,3,A-INS,M05,Light,2026-09-25 11:15:00,2026-09-25 13:30:00,0,135,135,12000.0,3,210.0,earliest,0,41
J075,A,69,2,2026-09-25 17:15:00,1,A-CUT,M01,Medium,2026-09-24 19:45:00,2026-09-24 20:45:00,0,60,60,11520.0,1,1095.0,earliest,0,42
J075,A,69,2,2026-09-25 17:15:00,2,A-PRS,M04,Maximum,2026-09-25 09:30:00,2026-09-25 11:00:00,0,90,90,36250.0,4,330.0,earliest,0,42
J075,A,69,2,2026-09-25 17:15:00,3,A-INS,M05,Light,2026-09-25 13:30:00,2026-09-25 14:15:00,0,45,45,3360.0,0,180.0,earliest,0,42
J061,C,79,3,2026-09-26 01:15:00,1,C-ASM,M02,Medium,2026-09-26 20:15:00,2026-09-26 21:45:00,0,90,90,9817.5,0,-1410.0,earliest,0,43
J061,C,79,3,2026-09-26 01:15:00,2,C-HT,M03,Maximum,2026-09-27 06:15:00,2026-09-27 08:15:00,0,120,120,23598.75,0,-1920.0,earliest,0,43
J061,C,79,3,2026-09-26 01:15:00,3,C-INS,M05,Light,2026-09-27 13:45:00,2026-09-27 14:45:00,0,60,60,3808.0,0,-2250.0,earliest,0,43
J076,B,85,3,2026-09-25 21:15:00,1,B-CUT,M01,Medium,2026-09-26 06:00:00,2026-09-26 07:35:00,20,75,95,7387.2,0,-855.0,earliest,0,44
J076,B,85,3,2026-09-25 21:15:00,2,B-HT,M03,Maximum,2026-09-27 08:15:00,2026-09-27 11:05:00,35,135,170,53737.0,5,-2370.0,earliest,0,44
J076,B,85,3,2026-09-25 21:15:00,3,B-ASM,M02,Medium,2026-09-27 13:00:00,2026-09-27 14:30:00,0,90,90,9817.5,0,-2475.0,earliest,0,44
J041,A,221,1,2026-09-25 22:15:00,1,A-CUT,M01,Medium,2026-09-26 07:45:00,2026-09-26 11:05:00,20,180,200,32526.0,5,-1185.0,earliest,0,45
J041,A,221,1,2026-09-25 22:15:00,2,A-PRS,M04,Maximum,2026-09-26 11:15:00,2026-09-26 15:45:00,0,270,270,73312.5,3,-1185.0,earliest,0,45
J041,A,221,1,2026-09-25 22:15:00,3,A-INS,M05,Light,2026-09-26 15:45:00,2026-09-26 18:00:00,0,135,135,10744.0,4,-1185.0,earliest,0,45
J063,B,134,2,2026-09-26 00:00:00,1,B-CUT,M01,Medium,2026-09-26 11:15:00,2026-09-26 13:20:00,20,105,125,17564.4,3,-1155.0,earliest,0,46
J063,B,134,2,2026-09-26 00:00:00,2,B-HT,M03,Maximum,2026-09-27 11:15:00,2026-09-27 14:45:00,0,210,210,67787.5,3,-2460.0,earliest,0,46
J063,B,134,2,2026-09-26 00:00:00,3,B-ASM,M02,Medium,2026-09-27 14:45:00,2026-09-27 17:00:00,0,135,135,14726.25,0,-2460.0,earliest,0,46
J009,B,166,1,2026-09-26 03:15:00,1,B-CUT,M01,Medium,2026-09-26 13:30:00,2026-09-26 15:45:00,0,135,135,19278.0,0,-1185.0,earliest,0,47
J009,B,166,1,2026-09-26 03:15:00,2,B-HT,M03,Maximum,2026-09-27 14:45:00,2026-09-27 19:00:00,0,255,255,93053.75,8,-2565.0,earliest,0,47
J009,B,166,1,2026-09-26 03:15:00,3,B-ASM,M02,Medium,2026-09-27 19:00:00,2026-09-27 22:00:00,0,180,180,23375.0,4,-2565.0,earliest,0,47
J065,B,241,3,2026-09-26 06:30:00,1,B-CUT,M01,Medium,2026-09-26 15:45:00,2026-09-26 19:00:00,0,195,195,37638.0,8,-1380.0,earliest,0,48
J065,B,241,3,2026-09-26 06:30:00,2,B-HT,M03,Maximum,2026-09-27 19:00:00,2026-09-28 01:15:00,0,375,375,99977.5,4,-2820.0,earliest,0,48
J065,B,241,3,2026-09-26 06:30:00,3,B-ASM,M02,Medium,2026-09-28 06:00:00,2026-09-28 10:15:00,0,255,255,28325.0,1,-3105.0,earliest,0,48
J056,A,170,2,2026-09-26 09:15:00,1,A-CUT,M01,Medium,2026-09-26 19:00:00,2026-09-26 21:35:00,20,135,155,23072.4,4,-1065.0,earliest,0,49
J056,A,170,2,2026-09-26 09:15:00,2,A-PRS,M04,Maximum,2026-09-27 06:00:00,2026-09-27 09:30:00,0,210,210,41312.5,0,-1560.0,earliest,0,49
J056,A,170,2,2026-09-26 09:15:00,3,A-INS,M05,Light,2026-09-27 14:45:00,2026-09-27 16:40:00,10,105,115,6854.4,0,-1890.0,earliest,0,49
J003,A,179,1,2026-09-26 09:15:00,1,A-CUT,M01,Medium,2026-09-27 06:00:00,2026-09-27 08:15:00,0,135,135,13086.0,0,-1725.0,earliest,0,50
J003,A,179,1,2026-09-26 09:15:00,2,A-PRS,M04,Maximum,2026-09-27 09:30:00,2026-09-27 13:15:00,0,225,225,72781.25,8,-1800.0,earliest,0,50
J003,A,179,1,2026-09-26 09:15:00,3,A-INS,M05,Light,2026-09-27 16:45:00,2026-09-27 18:45:00,0,120,120,11424.0,7,-2010.0,earliest,0,50
J010,A,289,1,2026-09-26 12:15:00,1,A-CUT,M01,Medium,2026-09-27 08:15:00,2026-09-27 12:00:00,0,225,225,41922.0,8,-1965.0,earliest,0,51
J010,A,289,1,2026-09-26 12:15:00,2,A-PRS,M04,Maximum,2026-09-27 13:15:00,2026-09-27 19:15:00,0,360,360,108375.0,9,-2040.0,earliest,0,51
J010,A,289,1,2026-09-26 12:15:00,3,A-INS,M05,Light,2026-09-28 08:00:00,2026-09-28 11:00:00,0,180,180,16000.0,4,-2805.0,earliest,0,51
J050,B,78,3,2026-09-26 09:15:00,1,B-CUT,M01,Medium,2026-09-27 12:00:00,2026-09-27 13:20:00,20,60,80,9424.8,0,-1905.0,earliest,0,52
J050,B,78,3,2026-09-26 09:15:00,2,B-HT,M03,Maximum,2026-09-28 01:15:00,2026-09-28 03:15:00,0,120,120,26100.0,0,-2610.0,earliest,0,52
J050,B,78,3,2026-09-26 09:15:00,3,B-ASM,M02,Medium,2026-09-28 10:15:00,2026-09-28 11:45:00,0,90,90,18150.0,6,-3030.0,earliest,0,52
J046,C,117,2,2026-09-26 16:00:00,1,C-ASM,M02,Medium,2026-09-21 18:45:00,2026-09-21 20:45:00,0,120,120,20900.0,5,6660.0,earliest,0,53
J046,C,117,2,2026-09-26 16:00:00,2,C-HT,M03,Maximum,2026-09-22 06:15:00,2026-09-22 09:15:00,0,180,180,48212.5,0,6090.0,bottleneck_limited,0,53
J046,C,117,2,2026-09-26 16:00:00,3,C-INS,M05,Light,2026-09-22 17:45:00,2026-09-22 19:00:00,0,75,75,8800.0,5,5580.0,earliest,0,53
J025,B,232,3,2026-09-25 22:45:00,1,B-CUT,M01,Medium,2026-09-27 13:30:00,2026-09-27 16:30:00,0,180,180,25704.0,0,-3105.0,earliest,0,54
J025,B,232,3,2026-09-25 22:45:00,2,B-HT,M03,Maximum,2026-09-28 03:15:00,2026-09-28 09:15:00,0,360,360,87362.5,0,-3750.0,earliest,0,54
J025,B,232,3,2026-09-25 22:45:00,3,B-ASM,M02,Medium,2026-09-28 11:45:00,2026-09-28 15:45:00,0,240,240,31900.0,1,-3900.0,earliest,0,54
J047,B,233,2,2026-09-26 03:15:00,1,B-CUT,M01,Medium,2026-09-27 16:30:00,2026-09-27 19:30:00,0,180,180,37944.0,10,-3015.0,earliest,0,55
J047,B,233,2,2026-09-26 03:15:00,2,B-HT,M03,Maximum,2026-09-28 09:15:00,2026-09-28 15:15:00,0,360,360,145000.0,8,-3840.0,earliest,0,55
J047,B,233,2,2026-09-26 03:15:00,3,B-ASM,M02,Medium,2026-09-28 15:45:00,2026-09-28 19:45:00,0,240,240,42900.0,11,-3870.0,earliest,0,55
J077,A,154,1,2026-09-26 18:45:00,1,A-CUT,M01,Medium,2026-09-27 19:30:00,2026-09-27 21:50:00,20,120,140,18482.4,2,-1935.0,earliest,0,56
J077,A,154,1,2026-09-26 18:45:00,2,A-PRS,M04,Maximum,2026-09-28 06:00:00,2026-09-28 09:15:00,0,195,195,44375.0,0,-2415.0,earliest,0,56
J077,A,154,1,2026-09-26 18:45:00,3,A-INS,M05,Light,2026-09-28 11:00:00,2026-09-28 12:45:00,0,105,105,10400.0,4,-2520.0,earliest,0,56
J062,A,286,1,2026-09-27 02:15:00,1,A-CUT,M01,Medium,2026-09-28 06:00:00,2026-09-28 09:45:00,0,225,225,30600.0,0,-2415.0,earliest,0,57
J062,A,286,1,2026-09-27 02:15:00,2,A-PRS,M04,Maximum,2026-09-28 09:45:00,2026-09-28 15:30:00,0,345,345,120625.0,8,-2415.0,earliest,0,57
J062,A,286,1,2026-09-27 02:15:00,3,A-INS,M05,Light,2026-09-28 15:30:00,2026-09-28 18:30:00,0,180,180,17280.0,6,-2415.0,earliest,0,57
J074,B,116,2,2026-09-27 14:30:00,1,B-CUT,M01,Medium,2026-09-28 09:45:00,2026-09-28 11:35:00,20,90,110,25056.0,7,-1575.0,earliest,0,58
J074,B,116,2,2026-09-27 14:30:00,2,B-HT,M03,Maximum,2026-09-28 15:15:00,2026-09-28 18:15:00,0,180,180,75400.0,5,-1785.0,earliest,0,58
J074,B,116,2,2026-09-27 14:30:00,3,B-ASM,M02,Medium,2026-09-28 19:45:00,2026-09-28 21:45:00,0,120,120,16500.0,1,-1875.0,earliest,0,58
J033,B,273,1,2026-09-26 10:45:00,1,B-CUT,M01,Medium,2026-09-28 11:45:00,2026-09-28 15:15:00,0,210,210,36720.0,1,-3855.0,earliest,0,59
J033,B,273,1,2026-09-26 10:45:00,2,B-HT,M03,Maximum,2026-09-28 18:15:00,2026-09-29 01:15:00,0,420,420,138837.5,7,-4035.0,earliest,0,59
J033,B,273,1,2026-09-26 10:45:00,3,B-ASM,M02,Medium,2026-09-29 06:00:00,2026-09-29 10:45:00,0,285,285,34375.0,3,-4320.0,earliest,0,59
J006,C,204,1,2026-09-26 17:00:00,1,C-ASM,M02,Medium,2026-09-29 10:45:00,2026-09-29 14:30:00,15,210,225,31955.0,5,-4620.0,earliest,0,60
J006,C,204,1,2026-09-26 17:00:00,2,C-HT,M03,Maximum,2026-09-29 14:30:00,2026-09-29 20:20:00,35,315,350,144420.0,12,-4665.0,earliest,0,60
J006,C,204,1,2026-09-26 17:00:00,3,C-INS,M05,Light,2026-09-30 08:00:00,2026-09-30 10:25:00,10,135,145,11584.0,2,-5370.0,earliest,0,60
J043,B,75,1,2026-09-26 13:15:00,1,B-CUT,M01,Medium,2026-09-28 15:15:00,2026-09-28 16:15:00,0,60,60,10080.0,0,-3255.0,earliest,0,61
J043,B,75,1,2026-09-26 13:15:00,2,B-HT,M03,Maximum,2026-09-29 01:15:00,2026-09-29 03:15:00,0,120,120,26100.0,0,-3795.0,earliest,0,61
J043,B,75,1,2026-09-26 13:15:00,3,B-ASM,M02,Medium,2026-09-29 14:30:00,2026-09-29 16:00:00,15,75,90,10010.0,0,-4485.0,earliest,0,61
J011,B,286,1,2026-09-26 23:15:00,1,B-CUT,M01,Medium,2026-09-28 16:15:00,2026-09-28 20:00:00,0,225,225,55080.0,12,-3420.0,earliest,0,62
J011,B,286,1,2026-09-26 23:15:00,2,B-HT,M03,Maximum,2026-09-29 03:15:00,2026-09-29 10:30:00,0,435,435,118537.5,2,-3855.0,earliest,0,62
J011,B,286,1,2026-09-26 23:15:00,3,B-ASM,M02,Medium,2026-09-29 16:00:00,2026-09-29 21:00:00,0,300,300,51700.0,12,-4185.0,earliest,0,62
J030,A,160,3,2026-09-27 04:45:00,1,A-CUT,M01,Medium,2026-09-29 06:00:00,2026-09-29 08:20:00,20,120,140,15408.0,0,-3405.0,earliest,0,63
J030,A,160,3,2026-09-27 04:45:00,2,A-PRS,M04,Maximum,2026-09-29 08:30:00,2026-09-29 11:45:00,0,195,195,74375.0,7,-3405.0,earliest,0,63
J030,A,160,3,2026-09-27 04:45:00,3,A-INS,M05,Light,2026-09-29 11:45:00,2026-09-29 13:30:00,0,105,105,8480.0,1,-3405.0,earliest,0,63
J079,A,149,2,2026-09-27 08:15:00,1,A-CUT,M01,Medium,2026-09-29 08:30:00,2026-09-29 10:30:00,0,120,120,23040.0,2,-3285.0,earliest,0,64
J079,A,149,2,2026-09-27 08:15:00,2,A-PRS,M04,Maximum,2026-09-29 11:45:00,2026-09-29 14:45:00,0,180,180,55000.0,1,-3360.0,earliest,0,64
J079,A,149,2,2026-09-27 08:15:00,3,A-INS,M05,Light,2026-09-29 14:45:00,2026-09-29 16:15:00,0,90,90,6720.0,0,-3360.0,earliest,0,64
J049,A,83,3,2026-09-26 17:15:00,1,A-CUT,M01,Medium,2026-09-24 20:45:00,2026-09-24 22:00:00,0,75,75,12600.0,0,2430.0,earliest,0,65
J049,A,83,3,2026-09-26 17:15:00,2,A-PRS,M04,Maximum,2026-09-25 12:00:00,2026-09-25 13:45:00,0,105,105,30625.0,0,1650.0,energy_shift,60,65
J049,A,83,3,2026-09-26 17:15:00,3,A-INS,M05,Light,2026-09-25 14:15:00,2026-09-25 15:15:00,0,60,60,4480.0,0,1560.0,earliest,0,65
J072,C,166,2,2026-09-27 01:45:00,1,C-ASM,M02,Medium,2026-09-22 11:30:00,2026-09-22 14:30:00,0,180,180,25300.0,2,6075.0,earliest,0,66
J072,C,166,2,2026-09-27 01:45:00,2,C-HT,M03,Maximum,2026-09-23 12:00:00,2026-09-23 16:15:00,0,255,255,86275.0,0,4785.0,bottleneck_limited,0,66
J072,C,166,2,2026-09-27 01:45:00,3,C-INS,M05,Light,2026-09-25 15:15:00,2026-09-25 17:10:00,10,105,115,8704.0,1,1950.0,earliest,0,66
J019,B,294,3,2026-09-27 10:15:00,1,B-CUT,M01,Medium,2026-09-29 10:30:00,2026-09-29 14:35:00,20,225,245,45144.0,6,-3900.0,earliest,0,67
J019,B,294,3,2026-09-27 10:15:00,2,B-HT,M03,Maximum,2026-09-29 20:30:00,2026-09-30 04:35:00,35,450,485,106357.5,0,-4290.0,earliest,0,67
J019,B,294,3,2026-09-27 10:15:00,3,B-ASM,M02,Medium,2026-09-30 06:00:00,2026-09-30 11:00:00,0,300,300,37400.0,4,-4365.0,earliest,0,67
J013,B,233,3,2026-09-26 22:15:00,1,B-CUT,M01,Medium,2026-09-29 14:45:00,2026-09-29 17:45:00,0,180,180,34560.0,3,-4650.0,earliest,0,68
J013,B,233,3,2026-09-26 22:15:00,2,B-HT,M03,Maximum,2026-09-30 04:45:00,2026-09-30 10:45:00,0,360,360,106937.5,3,-5310.0,earliest,0,68
J013,B,233,3,2026-09-26 22:15:00,3,B-ASM,M02,Medium,2026-09-30 11:00:00,2026-09-30 15:00:00,0,240,240,35200.0,4,-5325.0,earliest,0,68
J029,A,289,1,2026-09-27 18:15:00,1,A-CUT,M01,Medium,2026-09-29 17:45:00,2026-09-29 21:50:00,20,225,245,49464.0,9,-3645.0,earliest,0,69
J029,A,289,1,2026-09-27 18:15:00,2,A-PRS,M04,Maximum,2026-09-30 06:00:00,2026-09-30 12:00:00,0,360,360,112500.0,8,-4125.0,earliest,0,69
J029,A,289,1,2026-09-27 18:15:00,3,A-INS,M05,Light,2026-09-30 12:00:00,2026-09-30 15:10:00,10,180,190,13664.0,0,-4140.0,earliest,0,69
J066,A,103,2,2026-09-27 14:30:00,1,A-CUT,M01,Medium,2026-09-28 20:00:00,2026-09-28 21:50:00,20,90,110,16128.0,0,-2100.0,earliest,0,70
J066,A,103,2,2026-09-27 14:30:00,2,A-PRS,M04,Maximum,2026-09-29 06:00:00,2026-09-29 08:15:00,0,135,135,26875.0,0,-2580.0,earliest,0,70
J066,A,103,2,2026-09-27 14:30:00,3,A-INS,M05,Light,2026-09-29 08:15:00,2026-09-29 09:30:00,0,75,75,5600.0,0,-2580.0,earliest,0,70
J007,C,70,1,2026-09-27 13:00:00,1,C-ASM,M02,Medium,2026-09-24 09:00:00,2026-09-24 10:15:00,0,75,75,10725.0,1,4335.0,earliest,0,71
J007,C,70,1,2026-09-27 13:00:00,2,C-HT,M03,Maximum,2026-09-29 10:30:00,2026-09-29 12:50:00,35,105,140,49010.0,6,-2925.0,earliest,0,71
J007,C,70,1,2026-09-27 13:00:00,3,C-INS,M05,Light,2026-09-29 16:15:00,2026-09-29 17:10:00,10,45,55,4224.0,1,-3135.0,earliest,0,71
J045,B,127,1,2026-09-27 12:00:00,1,B-CUT,M01,Medium,2026-09-30 06:00:00,2026-09-30 08:05:00,20,105,125,12888.0,0,-4425.0,earliest,0,72
J045,B,127,1,2026-09-27 12:00:00,2,B-HT,M03,Maximum,2026-09-30 10:45:00,2026-09-30 14:00:00,0,195,195,80475.0,5,-4575.0,earliest,0,72
J045,B,127,1,2026-09-27 12:00:00,3,B-ASM,M02,Medium,2026-09-30 15:00:00,2026-09-30 17:15:00,0,135,135,18425.0,1,-4635.0,earliest,0,72
J017,B,202,3,2026-09-27 12:00:00,1,B-CUT,M01,Medium,2026-09-30 08:15:00,2026-09-30 11:00:00,0,165,165,33480.0,4,-4785.0,earliest,0,73
J017,B,202,3,2026-09-27 12:00:00,2,B-HT,M03,Maximum,2026-09-30 14:00:00,2026-09-30 19:15:00,0,315,315,132675.0,9,-4965.0,earliest,0,73
J017,B,202,3,2026-09-27 12:00:00,3,B-ASM,M02,Medium,2026-10-01 06:00:00,2026-10-01 09:30:00,0,210,210,21450.0,0,-5610.0,earliest,0,73
J023,C,71,2,2026-09-27 20:00:00,1,C-ASM,M02,Medium,2026-10-01 09:30:00,2026-10-01 11:00:00,15,75,90,14410.0,4,-5385.0,earliest,0,74
J023,C,71,2,2026-09-27 20:00:00,2,C-HT,M03,Maximum,2026-10-01 11:00:00,2026-10-01 13:35:00,35,120,155,48285.0,4,-5430.0,earliest,0,74
J023,C,71,2,2026-09-27 20:00:00,3,C-INS,M05,Light,2026-10-01 13:45:00,2026-10-01 14:40:00,10,45,55,3584.0,0,-5445.0,earliest,0,74
J021,B,249,1,2026-09-27 15:00:00,1,B-CUT,M01,Medium,2026-09-30 11:00:00,2026-09-30 14:15:00,0,195,195,38520.0,4,-4905.0,earliest,0,75
J021,B,249,1,2026-09-27 15:00:00,2,B-HT,M03,Maximum,2026-09-30 19:15:00,2026-10-01 01:30:00,0,375,375,110200.0,3,-5205.0,earliest,0,75
J021,B,249,1,2026-09-27 15:00:00,3,B-ASM,M02,Medium,2026-10-01 11:00:00,2026-10-01 15:30:00,15,255,270,36630.0,4,-5790.0,earliest,0,75
J073,C,278,3,2026-09-27 20:00:00,1,C-ASM,M02,Medium,2026-10-01 15:30:00,2026-10-01 20:30:00,15,285,300,50160.0,12,-6390.0,earliest,0,76
J073,C,278,3,2026-09-27 20:00:00,2,C-HT,M03,Maximum,2026-10-01 20:30:00,2026-10-02 03:30:00,0,420,420,102225.0,0,-6390.0,earliest,0,76
J073,C,278,3,2026-09-27 20:00:00,3,C-INS,M05,Light,2026-10-02 08:00:00,2026-10-02 11:00:00,0,180,180,16000.0,4,-6660.0,earliest,0,76
J002,B,278,1,2026-09-27 22:00:00,1,B-CUT,M01,Medium,2026-09-30 14:15:00,2026-09-30 17:45:00,0,210,210,39600.0,3,-4770.0,earliest,0,77
J002,B,278,1,2026-09-27 22:00:00,2,B-HT,M03,Maximum,2026-10-01 01:30:00,2026-10-01 08:30:00,0,420,420,94975.0,0,-5235.0,earliest,0,77
J002,B,278,1,2026-09-27 22:00:00,3,B-ASM,M02,Medium,2026-10-02 06:00:00,2026-10-02 11:00:00,15,285,300,36410.0,4,-6540.0,earliest,0,77
J036,B,287,2,2026-09-27 18:30:00,1,B-CUT,M01,Medium,2026-09-30 17:45:00,2026-09-30 21:30:00,0,225,225,50760.0,9,-5235.0,earliest,0,78
J036,B,287,2,2026-09-27 18:30:00,2,B-HT,M03,Maximum,2026-10-02 03:30:00,2026-10-02 11:20:00,35,435,470,139345.0,6,-7080.0,earliest,0,78
J036,B,287,2,2026-09-27 18:30:00,3,B-ASM,M02,Medium,2026-10-02 11:30:00,2026-10-02 16:30:00,0,300,300,40700.0,2,-7080.0,earliest,0,78
J058,C,297,2,2026-09-27 17:30:00,1,C-ASM,M02,Medium,2026-10-02 16:30:00,2026-10-02 21:45:00,15,300,315,52085.0,12,-8085.0,earliest,0,79
J058,C,297,2,2026-09-27 17:30:00,2,C-HT,M03,Maximum,2026-10-02 21:45:00,2026-10-03 05:50:00,35,450,485,88015.0,0,-8130.0,earliest,0,79
J058,C,297,2,2026-09-27 17:30:00,3,C-INS,M05,Light,2026-10-03 08:00:00,2026-10-03 11:00:00,0,180,180,13600.0,4,-8250.0,earliest,0,79
