job_id,product_type,quantity,priority,due_time,process_step,process_id,machine_id,load_type,start_time,end_time,setup_time_min,processing_time_min,total_time_min,energy_cost_est,peak_overlap_slots,slack_before_operation_min,slack_policy_mode,shift_min,sequence_rank,common_energy_kWh,common_energy_cost,common_peak_overlap_slots,common_co2_kg,common_co2_kg_loadtype_proxy,outside_energy_context
J027,A,106,1,2026-09-22 03:00:00,1,A-CUT,M01,Medium,2026-09-21 06:00:00,2026-09-21 07:30:00,0,90,90,9720.0,0,960.0,earliest,0,0,108.0,9720.0,0,49.518,48.6,0
J027,A,106,1,2026-09-22 03:00:00,2,A-PRS,M04,Maximum,2026-09-21 07:30:00,2026-09-21 09:45:00,0,135,135,36250.0,0,960.0,energy_shift,0,0,281.25,36250.0,0,128.953,168.75,0
J027,A,106,1,2026-09-22 03:00:00,3,A-INS,M05,Light,2026-09-21 09:45:00,2026-09-21 11:00:00,0,75,75,8160.0,4,960.0,earliest,0,0,40.0,8160.0,4,18.34,14.0,0
J052,C,298,2,2026-09-23 08:30:00,1,C-ASM,M02,Medium,2026-09-21 06:00:00,2026-09-21 11:00:00,0,300,300,37400.0,4,2100.0,earliest,0,1,275.0,37400.0,4,126.088,123.75,0
J052,C,298,2,2026-09-23 08:30:00,2,C-HT,M03,Maximum,2026-09-21 11:00:00,2026-09-21 18:30:00,0,450,450,181250.0,10,2100.0,bottleneck_limited,0,1,1087.5,181250.0,10,498.619,652.5,0
J052,C,298,2,2026-09-23 08:30:00,3,C-INS,M05,Light,2026-09-22 08:00:00,2026-09-22 11:10:00,10,180,190,16864.0,5,1275.0,earliest,0,1,97.067,16576.0,5,44.505,33.973,0
J070,B,152,3,2026-09-23 08:15:00,1,B-CUT,M01,Medium,2026-09-22 07:15:00,2026-09-22 09:35:00,20,120,140,19908.0,0,945.0,earliest,0,2,148.8,19092.0,0,68.225,66.96,0
J070,B,152,3,2026-09-23 08:15:00,2,B-HT,M03,Maximum,2026-09-22 09:45:00,2026-09-22 14:20:00,35,240,275,102805.0,8,900.0,bottleneck_limited,0,2,596.917,103675.0,8,273.686,358.15,0
J070,B,152,3,2026-09-23 08:15:00,3,B-ASM,M02,Medium,2026-09-22 14:30:00,2026-09-22 17:30:00,15,165,180,23760.0,2,885.0,earliest,0,2,154.0,23760.0,2,70.609,69.3,0
J005,A,245,1,2026-09-24 01:00:00,1,A-CUT,M01,Medium,2026-09-23 06:00:00,2026-09-23 09:35:00,20,195,215,28008.0,0,465.0,earliest,0,3,238.8,27192.0,0,109.49,107.46,0
J005,A,245,1,2026-09-24 01:00:00,2,A-PRS,M04,Maximum,2026-09-23 09:45:00,2026-09-23 14:45:00,0,300,300,107500.0,8,465.0,earliest,0,3,625.0,107500.0,8,286.563,375.0,0
J005,A,245,1,2026-09-24 01:00:00,3,A-INS,M05,Light,2026-09-23 14:45:00,2026-09-23 17:25:00,10,150,160,12704.0,2,450.0,earliest,0,3,81.067,12416.0,2,37.169,28.373,0
J032,A,99,1,2026-09-24 06:45:00,1,A-CUT,M01,Medium,2026-09-22 06:00:00,2026-09-22 07:15:00,0,75,75,8100.0,0,2670.0,earliest,0,4,90.0,8100.0,0,41.265,40.5,0
J032,A,99,1,2026-09-24 06:45:00,2,A-PRS,M04,Maximum,2026-09-22 07:15:00,2026-09-22 09:15:00,0,120,120,30312.5,0,2670.0,energy_shift,0,4,250.0,30312.5,0,114.625,150.0,0
J032,A,99,1,2026-09-24 06:45:00,3,A-INS,M05,Light,2026-09-22 11:15:00,2026-09-22 12:25:00,10,60,70,6112.0,3,2535.0,earliest,0,4,33.067,6208.0,3,15.161,11.573,0
J034,C,264,2,2026-09-23 03:00:00,1,C-ASM,M02,Medium,2026-09-21 11:00:00,2026-09-21 15:30:00,0,270,270,39050.0,4,1560.0,earliest,0,5,247.5,39050.0,4,113.479,111.375,0
J034,C,264,2,2026-09-23 03:00:00,2,C-HT,M03,Maximum,2026-09-21 18:30:00,2026-09-22 01:15:00,0,405,405,130862.5,6,1380.0,bottleneck_limited,0,5,978.75,130862.5,6,448.757,587.25,0
J034,C,264,2,2026-09-23 03:00:00,3,C-INS,M05,Light,2026-09-22 12:30:00,2026-09-22 15:25:00,10,165,175,12544.0,0,690.0,earliest,0,5,89.067,12469.33,0,40.837,31.173,0
J068,B,73,1,2026-09-24 09:30:00,1,B-CUT,M01,Medium,2026-09-22 09:45:00,2026-09-22 10:45:00,0,60,60,14400.0,3,2610.0,earliest,0,6,72.0,14400.0,3,33.012,32.4,0
J068,B,73,1,2026-09-24 09:30:00,2,B-HT,M03,Maximum,2026-09-22 14:30:00,2026-09-22 16:30:00,0,120,120,40600.0,0,2385.0,bottleneck_limited,0,6,290.0,40600.0,0,132.965,174.0,0
J068,B,73,1,2026-09-24 09:30:00,3,B-ASM,M02,Medium,2026-09-22 17:30:00,2026-09-22 18:45:00,0,75,75,15125.0,5,2325.0,earliest,0,6,68.75,15125.0,5,31.522,30.938,0
J008,A,219,3,2026-09-23 08:30:00,1,A-CUT,M01,Medium,2026-09-22 10:45:00,2026-09-22 13:50:00,20,165,185,33624.0,5,705.0,earliest,0,7,202.8,34056.0,5,92.984,91.26,0
J008,A,219,3,2026-09-23 08:30:00,2,A-PRS,M04,Maximum,2026-09-22 14:00:00,2026-09-22 18:30:00,0,270,270,93750.0,6,705.0,energy_shift,0,7,562.5,93750.0,6,257.906,337.5,0
J008,A,219,3,2026-09-23 08:30:00,3,A-INS,M05,Light,2026-09-23 08:00:00,2026-09-23 10:25:00,10,135,145,11584.0,2,-120.0,earliest,0,7,73.067,11296.0,2,33.501,25.573,0
J018,B,187,2,2026-09-23 14:30:00,1,B-CUT,M01,Medium,2026-09-22 14:00:00,2026-09-22 16:50:00,20,150,170,26208.0,0,810.0,earliest,0,8,184.8,25872.0,0,84.731,83.16,0
J018,B,187,2,2026-09-23 14:30:00,2,B-HT,M03,Maximum,2026-09-22 17:00:00,2026-09-22 21:45:00,0,285,285,131225.0,12,810.0,bottleneck_limited,0,8,688.75,131225.0,12,315.792,413.25,0
J018,B,187,2,2026-09-23 14:30:00,3,B-ASM,M02,Medium,2026-09-23 06:00:00,2026-09-23 09:15:00,0,195,195,19525.0,0,315.0,earliest,0,8,178.75,19525.0,0,81.957,80.438,0
J016,A,62,2,2026-09-23 20:15:00,1,A-CUT,M01,Medium,2026-09-21 14:15:00,2026-09-21 15:15:00,0,60,60,10080.0,0,3060.0,earliest,0,9,72.0,10080.0,0,33.012,32.4,0
J016,A,62,2,2026-09-23 20:15:00,2,A-PRS,M04,Maximum,2026-09-21 15:15:00,2026-09-21 16:30:00,0,75,75,21875.0,0,3060.0,energy_shift,0,9,156.25,21875.0,0,71.641,93.75,0
J016,A,62,2,2026-09-23 20:15:00,3,A-INS,M05,Light,2026-09-21 16:30:00,2026-09-21 17:15:00,0,45,45,4000.0,1,3060.0,earliest,0,9,24.0,4000.0,1,11.004,8.4,0
J037,B,98,1,2026-09-23 21:15:00,1,B-CUT,M01,Medium,2026-09-22 17:00:00,2026-09-22 18:15:00,0,75,75,19800.0,5,1365.0,earliest,0,10,90.0,19800.0,5,41.265,40.5,0
J037,B,98,1,2026-09-23 21:15:00,2,B-HT,M03,Maximum,2026-09-22 21:45:00,2026-09-23 00:15:00,0,150,150,34437.5,0,1155.0,bottleneck_limited,0,10,362.5,34437.5,0,166.206,217.5,0
J037,B,98,1,2026-09-23 21:15:00,3,B-ASM,M02,Medium,2026-09-23 09:15:00,2026-09-23 11:00:00,0,105,105,17875.0,4,615.0,earliest,0,10,96.25,17875.0,4,44.131,43.312,0
J042,B,167,2,2026-09-23 23:00:00,1,B-CUT,M01,Medium,2026-09-22 18:15:00,2026-09-22 20:30:00,0,135,135,32760.0,7,1155.0,earliest,0,11,162.0,32760.0,7,74.277,72.9,0
J042,B,167,2,2026-09-23 23:00:00,2,B-HT,M03,Maximum,2026-09-23 00:15:00,2026-09-23 04:30:00,0,255,255,55462.5,0,930.0,bottleneck_limited,0,11,616.25,55462.5,0,282.551,369.75,0
J042,B,167,2,2026-09-23 23:00:00,3,B-ASM,M02,Medium,2026-09-23 11:00:00,2026-09-23 14:00:00,0,180,180,27500.0,4,540.0,earliest,0,11,165.0,27500.0,4,75.652,74.25,0
J001,B,56,3,2026-09-24 13:15:00,1,B-CUT,M01,Medium,2026-09-22 20:30:00,2026-09-22 21:30:00,0,60,60,10080.0,0,2235.0,earliest,0,12,72.0,10080.0,0,33.012,32.4,0
J001,B,56,3,2026-09-24 13:15:00,2,B-HT,M03,Maximum,2026-09-23 04:30:00,2026-09-23 06:00:00,0,90,90,19575.0,0,1815.0,bottleneck_limited,0,12,217.5,19575.0,0,99.724,130.5,0
J001,B,56,3,2026-09-24 13:15:00,3,B-ASM,M02,Medium,2026-09-23 14:00:00,2026-09-23 15:00:00,0,60,60,7700.0,0,1335.0,earliest,0,12,55.0,7700.0,0,25.218,24.75,0
J022,C,274,3,2026-09-23 18:15:00,1,C-ASM,M02,Medium,2026-09-23 15:00:00,2026-09-23 20:00:00,15,285,300,50160.0,12,-690.0,earliest,0,13,264.0,50160.0,12,121.044,118.8,0
J022,C,274,3,2026-09-23 18:15:00,2,C-HT,M03,Maximum,2026-09-23 20:00:00,2026-09-24 03:35:00,35,420,455,103457.5,0,-735.0,earliest,0,13,1031.917,103989.17,0,473.134,619.15,0
J022,C,274,3,2026-09-23 18:15:00,3,C-INS,M05,Light,2026-09-24 08:00:00,2026-09-24 10:55:00,10,165,175,15104.0,4,-1005.0,earliest,0,13,89.067,14816.0,4,40.837,31.173,0
J059,C,134,2,2026-09-24 05:00:00,1,C-ASM,M02,Medium,2026-09-21 15:30:00,2026-09-21 17:45:00,0,135,135,20625.0,3,3255.0,earliest,0,14,123.75,20625.0,3,56.739,55.688,0
J059,C,134,2,2026-09-24 05:00:00,2,C-HT,M03,Maximum,2026-09-22 01:15:00,2026-09-22 04:45:00,0,210,210,45675.0,0,2805.0,bottleneck_limited,0,14,507.5,45675.0,0,232.689,304.5,0
J059,C,134,2,2026-09-24 05:00:00,3,C-INS,M05,Light,2026-09-22 15:30:00,2026-09-22 17:00:00,0,90,90,6720.0,0,2160.0,earliest,0,14,48.0,6720.0,0,22.008,16.8,0
J012,A,130,3,2026-09-24 06:30:00,1,A-CUT,M01,Medium,2026-09-23 09:45:00,2026-09-23 11:30:00,0,105,105,26280.0,6,885.0,earliest,0,15,126.0,26280.0,6,57.771,56.7,0
J012,A,130,3,2026-09-24 06:30:00,2,A-PRS,M04,Maximum,2026-09-23 14:45:00,2026-09-23 17:30:00,0,165,165,53125.0,2,690.0,energy_shift,0,15,343.75,53125.0,2,157.609,206.25,0
J012,A,130,3,2026-09-24 06:30:00,3,A-INS,M05,Light,2026-09-23 17:30:00,2026-09-23 19:00:00,0,90,90,10560.0,6,690.0,earliest,0,15,48.0,10560.0,6,22.008,16.8,0
J055,B,221,2,2026-09-24 08:30:00,1,B-CUT,M01,Medium,2026-09-23 11:30:00,2026-09-23 14:50:00,20,180,200,31824.0,2,480.0,earliest,0,16,220.8,32256.0,2,101.237,99.36,0
J055,B,221,2,2026-09-24 08:30:00,2,B-HT,M03,Maximum,2026-09-24 03:45:00,2026-09-24 10:05:00,35,345,380,96207.5,1,-330.0,earliest,0,16,850.667,92630.83,1,390.031,510.4,0
J055,B,221,2,2026-09-24 08:30:00,3,B-ASM,M02,Medium,2026-09-24 10:15:00,2026-09-24 14:15:00,15,225,240,36080.0,7,-345.0,earliest,0,16,209.0,36080.0,7,95.826,94.05,0
J057,C,108,2,2026-09-24 10:00:00,1,C-ASM,M02,Medium,2026-09-22 06:00:00,2026-09-22 08:00:00,0,120,120,9900.0,0,2760.0,earliest,0,17,110.0,9900.0,0,50.435,49.5,0
J057,C,108,2,2026-09-24 10:00:00,2,C-HT,M03,Maximum,2026-09-23 06:00:00,2026-09-23 09:20:00,35,165,200,48720.0,0,1395.0,bottleneck_limited,0,17,415.667,47076.67,0,190.583,249.4,0
J057,C,108,2,2026-09-24 10:00:00,3,C-INS,M05,Light,2026-09-23 10:30:00,2026-09-23 11:55:00,10,75,85,9152.0,6,1320.0,earliest,0,17,41.067,9034.67,6,18.829,14.373,0
J051,B,87,2,2026-09-24 11:15:00,1,B-CUT,M01,Medium,2026-09-23 15:00:00,2026-09-23 16:15:00,0,75,75,12600.0,0,915.0,earliest,0,18,90.0,12600.0,0,41.265,40.5,0
J051,B,87,2,2026-09-24 11:15:00,2,B-HT,M03,Maximum,2026-09-23 16:15:00,2026-09-23 19:05:00,35,135,170,74820.0,9,870.0,bottleneck_limited,0,18,343.167,72210.0,9,157.342,205.9,0
J051,B,87,2,2026-09-24 11:15:00,3,B-ASM,M02,Medium,2026-09-23 20:00:00,2026-09-23 21:45:00,15,90,105,11935.0,0,810.0,earliest,0,18,85.25,11935.0,0,39.087,38.363,0
J028,A,134,1,2026-09-24 16:15:00,1,A-CUT,M01,Medium,2026-09-21 09:15:00,2026-09-21 11:00:00,0,105,105,23400.0,4,4380.0,earliest,0,19,126.0,23400.0,4,57.771,56.7,0
J028,A,134,1,2026-09-24 16:15:00,2,A-PRS,M04,Maximum,2026-09-21 12:00:00,2026-09-21 14:45:00,0,165,165,48125.0,0,4380.0,energy_shift,60,19,343.75,48125.0,0,157.609,206.25,0
J028,A,134,1,2026-09-24 16:15:00,3,A-INS,M05,Light,2026-09-21 14:45:00,2026-09-21 16:15:00,0,90,90,6720.0,0,4320.0,earliest,0,19,48.0,6720.0,0,22.008,16.8,0
J014,B,86,2,2026-09-24 17:15:00,1,B-CUT,M01,Medium,2026-09-23 16:15:00,2026-09-23 17:30:00,0,75,75,15480.0,2,1200.0,earliest,0,20,90.0,15480.0,2,41.265,40.5,0
J014,B,86,2,2026-09-24 17:15:00,2,B-HT,M03,Maximum,2026-09-24 10:15:00,2026-09-24 12:30:00,0,135,135,65975.0,7,195.0,earliest,0,20,326.25,65975.0,7,149.586,195.75,0
J014,B,86,2,2026-09-24 17:15:00,3,B-ASM,M02,Medium,2026-09-24 14:15:00,2026-09-24 15:45:00,0,90,90,11550.0,0,90.0,earliest,0,20,82.5,11550.0,0,37.826,37.125,0
J024,C,92,3,2026-09-24 17:45:00,1,C-ASM,M02,Medium,2026-09-22 09:45:00,2026-09-22 11:30:00,0,105,105,20075.0,6,3045.0,earliest,0,21,96.25,20075.0,6,44.131,43.312,0
J024,C,92,3,2026-09-24 17:45:00,2,C-HT,M03,Maximum,2026-09-23 09:30:00,2026-09-23 12:00:00,0,150,150,73950.0,8,1725.0,bottleneck_limited,0,21,362.5,73950.0,8,166.206,217.5,0
J024,C,92,3,2026-09-24 17:45:00,3,C-INS,M05,Light,2026-09-23 12:00:00,2026-09-23 13:00:00,0,60,60,4480.0,0,1725.0,earliest,0,21,32.0,4480.0,0,14.672,11.2,0
J060,C,59,2,2026-09-24 18:45:00,1,C-ASM,M02,Medium,2026-09-21 17:45:00,2026-09-21 18:45:00,0,60,60,12100.0,4,4185.0,earliest,0,22,55.0,12100.0,4,25.218,24.75,0
J060,C,59,2,2026-09-24 18:45:00,2,C-HT,M03,Maximum,2026-09-22 04:45:00,2026-09-22 06:15:00,0,90,90,19575.0,0,3585.0,bottleneck_limited,0,22,217.5,19575.0,0,99.724,130.5,0
J060,C,59,2,2026-09-24 18:45:00,3,C-INS,M05,Light,2026-09-22 17:00:00,2026-09-22 17:45:00,0,45,45,5280.0,3,2940.0,earliest,0,22,24.0,5280.0,3,11.004,8.4,0
J064,B,153,2,2026-09-24 19:15:00,1,B-CUT,M01,Medium,2026-09-23 17:30:00,2026-09-23 19:30:00,0,120,120,31680.0,8,1020.0,earliest,0,23,144.0,31680.0,8,66.024,64.8,0
J064,B,153,2,2026-09-24 19:15:00,2,B-HT,M03,Maximum,2026-09-24 12:30:00,2026-09-24 16:30:00,0,240,240,81200.0,0,0.0,earliest,0,23,580.0,81200.0,0,265.93,348.0,0
J064,B,153,2,2026-09-24 19:15:00,3,B-ASM,M02,Medium,2026-09-24 16:30:00,2026-09-24 19:15:00,0,165,165,31075.0,9,0.0,earliest,0,23,151.25,31075.0,9,69.348,68.062,0
J038,A,62,1,2026-09-24 21:15:00,1,A-CUT,M01,Medium,2026-09-23 19:30:00,2026-09-23 20:50:00,20,60,80,11664.0,2,1335.0,earliest,0,24,76.8,12096.0,2,35.213,34.56,0
J038,A,62,1,2026-09-24 21:15:00,2,A-PRS,M04,Maximum,2026-09-24 06:00:00,2026-09-24 07:15:00,0,75,75,14062.5,0,795.0,energy_shift,0,24,156.25,14062.5,0,71.641,93.75,0
J038,A,62,1,2026-09-24 21:15:00,3,A-INS,M05,Light,2026-09-24 11:00:00,2026-09-24 11:55:00,10,45,55,5632.0,4,555.0,earliest,0,24,25.067,5514.67,4,11.493,8.773,0
J071,A,255,1,2026-09-25 02:45:00,1,A-CUT,M01,Medium,2026-09-24 06:00:00,2026-09-24 09:15:00,0,195,195,25560.0,0,570.0,earliest,0,25,234.0,25560.0,0,107.289,105.3,0
J071,A,255,1,2026-09-25 02:45:00,2,A-PRS,M04,Maximum,2026-09-24 11:45:00,2026-09-24 17:00:00,0,315,315,94375.0,1,570.0,energy_shift,150,25,656.25,94375.0,1,300.891,393.75,0
J071,A,255,1,2026-09-25 02:45:00,3,A-INS,M05,Light,2026-09-24 17:00:00,2026-09-24 19:45:00,0,165,165,19360.0,11,420.0,earliest,0,25,88.0,19360.0,11,40.348,30.8,0
J026,B,113,2,2026-09-25 04:00:00,1,B-CUT,M01,Medium,2026-09-24 09:15:00,2026-09-24 11:05:00,20,90,110,23328.0,5,705.0,earliest,0,26,112.8,22032.0,5,51.719,50.76,0
J026,B,113,2,2026-09-25 04:00:00,2,B-HT,M03,Maximum,2026-09-24 20:00:00,2026-09-24 23:00:00,0,180,180,53650.0,0,180.0,earliest,0,26,435.0,53650.0,0,199.448,261.0,0
J026,B,113,2,2026-09-25 04:00:00,3,B-ASM,M02,Medium,2026-09-25 06:00:00,2026-09-25 08:00:00,0,120,120,9900.0,0,-240.0,earliest,0,26,110.0,9900.0,0,50.435,49.5,0
J080,B,149,3,2026-09-25 02:45:00,1,B-CUT,M01,Medium,2026-09-24 11:15:00,2026-09-24 13:15:00,0,120,120,24480.0,3,435.0,earliest,0,27,144.0,24480.0,3,66.024,64.8,0
J080,B,149,3,2026-09-25 02:45:00,2,B-HT,M03,Maximum,2026-09-24 23:00:00,2026-09-25 02:45:00,0,225,225,48937.5,0,-150.0,earliest,0,27,543.75,48937.5,0,249.309,326.25,0
J080,B,149,3,2026-09-25 02:45:00,3,B-ASM,M02,Medium,2026-09-25 08:00:00,2026-09-25 10:30:00,0,150,150,21450.0,2,-465.0,earliest,0,27,137.5,21450.0,2,63.044,61.875,0
J078,B,281,3,2026-09-25 02:45:00,1,B-CUT,M01,Medium,2026-09-24 13:15:00,2026-09-24 17:00:00,0,225,225,37800.0,0,-135.0,earliest,0,28,270.0,37800.0,0,123.795,121.5,0
J078,B,281,3,2026-09-25 02:45:00,2,B-HT,M03,Maximum,2026-09-25 02:45:00,2026-09-25 10:00:00,0,435,435,109112.5,0,-720.0,earliest,0,28,1051.25,109112.5,0,481.998,630.75,0
J078,B,281,3,2026-09-25 02:45:00,3,B-ASM,M02,Medium,2026-09-25 10:30:00,2026-09-25 15:15:00,0,285,285,43175.0,6,-750.0,earliest,0,28,261.25,43175.0,6,119.783,117.562,0
J067,A,171,2,2026-09-25 05:00:00,1,A-CUT,M01,Medium,2026-09-24 17:00:00,2026-09-24 19:35:00,20,135,155,37224.0,11,240.0,earliest,0,29,166.8,36696.0,11,76.478,75.06,0
J067,A,171,2,2026-09-25 05:00:00,2,A-PRS,M04,Maximum,2026-09-25 06:00:00,2026-09-25 09:30:00,0,210,210,48750.0,0,-375.0,earliest,0,29,437.5,48750.0,0,200.594,262.5,0
J067,A,171,2,2026-09-25 05:00:00,3,A-INS,M05,Light,2026-09-25 09:30:00,2026-09-25 11:15:00,0,105,105,11040.0,5,-375.0,earliest,0,29,56.0,11040.0,5,25.676,19.6,0
J004,B,257,2,2026-09-25 05:15:00,1,B-CUT,M01,Medium,2026-09-25 06:00:00,2026-09-25 09:35:00,20,195,215,28008.0,0,-930.0,earliest,0,30,238.8,27192.0,0,109.49,107.46,0
J004,B,257,2,2026-09-25 05:15:00,2,B-HT,M03,Maximum,2026-09-25 10:00:00,2026-09-25 16:30:00,0,390,390,155150.0,8,-945.0,earliest,0,30,942.5,155150.0,8,432.136,565.5,0
J004,B,257,2,2026-09-25 05:15:00,3,B-ASM,M02,Medium,2026-09-25 16:30:00,2026-09-25 21:00:00,0,270,270,47850.0,12,-945.0,earliest,0,30,247.5,47850.0,12,113.479,111.375,0
J035,B,271,1,2026-09-25 09:00:00,1,B-CUT,M01,Medium,2026-09-25 09:45:00,2026-09-25 13:15:00,0,210,210,46800.0,8,-960.0,earliest,0,31,252.0,46800.0,8,115.542,113.4,0
J035,B,271,1,2026-09-25 09:00:00,2,B-HT,M03,Maximum,2026-09-25 16:30:00,2026-09-25 23:30:00,0,420,420,166025.0,12,-1155.0,earliest,0,31,1015.0,166025.0,12,465.378,609.0,0
J035,B,271,1,2026-09-25 09:00:00,3,B-ASM,M02,Medium,2026-09-26 06:00:00,2026-09-26 10:45:00,0,285,285,29163.75,3,-1545.0,earliest,0,31,261.25,29163.75,3,119.783,117.562,0
J054,C,275,3,2026-09-25 09:00:00,1,C-ASM,M02,Medium,2026-09-26 10:45:00,2026-09-26 15:45:00,15,285,300,35343.0,5,-2430.0,earliest,0,32,264.0,35343.0,5,121.044,118.8,0
J054,C,275,3,2026-09-25 09:00:00,2,C-HT,M03,Maximum,2026-09-26 15:45:00,2026-09-26 23:20:00,35,420,455,143600.75,12,-2475.0,earliest,0,32,1031.917,144064.75,12,473.134,619.15,0
J054,C,275,3,2026-09-25 09:00:00,3,C-INS,M05,Light,2026-09-27 08:00:00,2026-09-27 10:55:00,10,165,175,12838.4,4,-3000.0,earliest,0,32,89.067,12593.6,4,40.837,31.173,0
J039,A,202,3,2026-09-25 09:15:00,1,A-CUT,M01,Medium,2026-09-21 11:00:00,2026-09-21 13:45:00,0,165,165,33480.0,4,5100.0,earliest,0,33,198.0,33480.0,4,90.783,89.1,0
J039,A,202,3,2026-09-25 09:15:00,2,A-PRS,M04,Maximum,2026-09-21 17:45:00,2026-09-21 22:00:00,0,255,255,96875.0,9,4935.0,energy_shift,75,33,531.25,96875.0,9,243.578,318.75,0
J039,A,202,3,2026-09-25 09:15:00,3,A-INS,M05,Light,2026-09-24 12:00:00,2026-09-24 14:15:00,0,135,135,10080.0,0,1140.0,earliest,0,33,72.0,10080.0,0,33.012,25.2,0
J044,A,67,2,2026-09-25 09:30:00,1,A-CUT,M01,Medium,2026-09-23 21:00:00,2026-09-23 22:00:00,0,60,60,10080.0,0,1995.0,earliest,0,34,72.0,10080.0,0,33.012,32.4,0
J044,A,67,2,2026-09-25 09:30:00,2,A-PRS,M04,Maximum,2026-09-24 07:15:00,2026-09-24 08:45:00,0,90,90,21562.5,0,1440.0,energy_shift,0,34,187.5,21562.5,0,85.969,112.5,0
J044,A,67,2,2026-09-25 09:30:00,3,A-INS,M05,Light,2026-09-24 14:15:00,2026-09-24 15:00:00,0,45,45,3360.0,0,1110.0,earliest,0,34,24.0,3360.0,0,11.004,8.4,0
J048,C,266,1,2026-09-25 10:00:00,1,C-ASM,M02,Medium,2026-09-26 15:45:00,2026-09-26 20:15:00,0,270,270,40672.5,12,-2625.0,earliest,0,35,247.5,40672.5,12,113.479,111.375,0
J048,C,266,1,2026-09-25 10:00:00,2,C-HT,M03,Maximum,2026-09-26 23:30:00,2026-09-27 06:15:00,0,405,405,74385.0,0,-2820.0,earliest,0,35,978.75,74385.0,0,448.757,587.25,0
J048,C,266,1,2026-09-25 10:00:00,3,C-INS,M05,Light,2026-09-27 11:00:00,2026-09-27 13:45:00,0,165,165,12648.0,4,-3105.0,earliest,0,35,88.0,12648.0,4,40.348,30.8,0
J069,A,171,3,2026-09-25 12:45:00,1,A-CUT,M01,Medium,2026-09-21 15:15:00,2026-09-21 17:30:00,0,135,135,25560.0,2,5160.0,earliest,0,36,162.0,25560.0,2,74.277,72.9,0
J069,A,171,3,2026-09-25 12:45:00,2,A-PRS,M04,Maximum,2026-09-23 06:00:00,2026-09-23 09:30:00,0,210,210,48750.0,0,4215.0,energy_shift,1245,36,437.5,48750.0,0,200.594,262.5,0
J069,A,171,3,2026-09-25 12:45:00,3,A-INS,M05,Light,2026-09-24 15:00:00,2026-09-24 16:45:00,0,105,105,7840.0,0,1200.0,earliest,0,36,56.0,7840.0,0,25.676,19.6,0
J015,C,159,2,2026-09-25 05:30:00,1,C-ASM,M02,Medium,2026-09-24 06:00:00,2026-09-24 09:00:00,15,165,180,16610.0,0,885.0,earliest,0,37,154.0,16610.0,0,70.609,69.3,0
J015,C,159,2,2026-09-25 05:30:00,2,C-HT,M03,Maximum,2026-09-25 23:30:00,2026-09-26 04:05:00,35,240,275,45936.0,0,-1470.0,earliest,0,37,596.917,45568.67,0,273.686,358.15,0
J015,C,159,2,2026-09-25 05:30:00,3,C-INS,M05,Light,2026-09-26 08:00:00,2026-09-26 09:55:00,10,105,115,6854.4,0,-1710.0,earliest,0,37,57.067,6790.93,0,26.165,19.973,0
J053,B,193,3,2026-09-25 06:15:00,1,B-CUT,M01,Medium,2026-09-25 13:15:00,2026-09-25 15:45:00,0,150,150,25200.0,0,-1065.0,earliest,0,38,180.0,25200.0,0,82.53,81.0,0
J053,B,193,3,2026-09-25 06:15:00,2,B-HT,M03,Maximum,2026-09-26 04:15:00,2026-09-26 09:50:00,35,300,335,69223.0,0,-1860.0,earliest,0,38,741.917,67816.5,0,340.169,445.15,0
J053,B,193,3,2026-09-25 06:15:00,3,B-ASM,M02,Medium,2026-09-27 06:00:00,2026-09-27 09:30:00,15,195,210,17341.5,0,-3075.0,earliest,0,38,181.5,17341.5,0,83.218,81.675,0
J040,B,198,2,2026-09-25 13:00:00,1,B-CUT,M01,Medium,2026-09-25 15:45:00,2026-09-25 18:15:00,0,150,150,32400.0,5,-825.0,earliest,0,39,180.0,32400.0,5,82.53,81.0,0
J040,B,198,2,2026-09-25 13:00:00,2,B-HT,M03,Maximum,2026-09-26 10:00:00,2026-09-26 15:00:00,0,300,300,105995.0,8,-1770.0,earliest,0,39,725.0,105995.0,8,332.413,435.0,0
J040,B,198,2,2026-09-25 13:00:00,3,B-ASM,M02,Medium,2026-09-27 09:30:00,2026-09-27 13:00:00,0,210,210,30387.5,8,-2880.0,earliest,0,39,192.5,30387.5,8,88.261,86.625,0
J020,A,213,3,2026-09-25 21:15:00,1,A-CUT,M01,Medium,2026-09-25 18:15:00,2026-09-25 21:20:00,20,165,185,36504.0,7,-420.0,earliest,0,40,202.8,36936.0,7,92.984,91.26,0
J020,A,213,3,2026-09-25 21:15:00,2,A-PRS,M04,Maximum,2026-09-26 06:00:00,2026-09-26 10:30:00,0,270,270,60437.5,2,-930.0,earliest,0,40,562.5,60437.5,2,257.906,337.5,0
J020,A,213,3,2026-09-25 21:15:00,3,A-INS,M05,Light,2026-09-26 10:30:00,2026-09-26 12:55:00,10,135,145,11587.2,6,-945.0,earliest,0,40,73.067,11668.8,6,33.501,25.573,0
J031,A,217,3,2026-09-25 17:00:00,1,A-CUT,M01,Medium,2026-09-21 17:30:00,2026-09-21 20:15:00,0,165,165,42120.0,10,5160.0,earliest,0,41,198.0,42120.0,10,90.783,89.1,0
J031,A,217,3,2026-09-25 17:00:00,2,A-PRS,M04,Maximum,2026-09-22 09:15:00,2026-09-22 13:45:00,0,270,270,98750.0,8,4380.0,energy_shift,0,41,562.5,98750.0,8,257.906,337.5,0
J031,A,217,3,2026-09-25 17:00:00,3,A-INS,M05,Light,2026-09-25 11:15:00,2026-09-25 13:30:00,0,135,135,12000.0,3,210.0,earliest,0,41,72.0,12000.0,3,33.012,25.2,0
J075,A,69,2,2026-09-25 17:15:00,1,A-CUT,M01,Medium,2026-09-24 19:45:00,2026-09-24 20:45:00,0,60,60,11520.0,1,1095.0,earliest,0,42,72.0,11520.0,1,33.012,32.4,0
J075,A,69,2,2026-09-25 17:15:00,2,A-PRS,M04,Maximum,2026-09-25 09:30:00,2026-09-25 11:00:00,0,90,90,36250.0,4,330.0,earliest,0,42,187.5,36250.0,4,85.969,112.5,0
J075,A,69,2,2026-09-25 17:15:00,3,A-INS,M05,Light,2026-09-25 13:30:00,2026-09-25 14:15:00,0,45,45,3360.0,0,180.0,earliest,0,42,24.0,3360.0,0,11.004,8.4,0
J061,C,79,3,2026-09-26 01:15:00,1,C-ASM,M02,Medium,2026-09-26 20:15:00,2026-09-26 21:45:00,0,90,90,9817.5,0,-1410.0,earliest,0,43,82.5,9817.5,0,37.826,37.125,0
J061,C,79,3,2026-09-26 01:15:00,2,C-HT,M03,Maximum,2026-09-27 06:15:00,2026-09-27 08:15:00,0,120,120,23598.75,0,-1920.0,earliest,0,43,290.0,23598.75,0,132.965,174.0,0
J061,C,79,3,2026-09-26 01:15:00,3,C-INS,M05,Light,2026-09-27 13:45:00,2026-09-27 14:45:00,0,60,60,3808.0,0,-2250.0,earliest,0,43,32.0,3808.0,0,14.672,11.2,0
J076,B,85,3,2026-09-25 21:15:00,1,B-CUT,M01,Medium,2026-09-26 06:00:00,2026-09-26 07:35:00,20,75,95,7387.2,0,-855.0,earliest,0,44,94.8,7204.8,0,43.466,42.66,0
J076,B,85,3,2026-09-25 21:15:00,2,B-HT,M03,Maximum,2026-09-27 08:15:00,2026-09-27 11:05:00,35,135,170,53737.0,5,-2370.0,earliest,0,44,343.167,51518.5,5,157.342,205.9,0
J076,B,85,3,2026-09-25 21:15:00,3,B-ASM,M02,Medium,2026-09-27 13:00:00,2026-09-27 14:30:00,0,90,90,9817.5,0,-2475.0,earliest,0,44,82.5,9817.5,0,37.826,37.125,0
J041,A,221,1,2026-09-25 22:15:00,1,A-CUT,M01,Medium,2026-09-26 07:45:00,2026-09-26 11:05:00,20,180,200,32526.0,5,-1185.0,earliest,0,45,220.8,31424.4,5,101.237,99.36,0
J041,A,221,1,2026-09-25 22:15:00,2,A-PRS,M04,Maximum,2026-09-26 11:15:00,2026-09-26 15:45:00,0,270,270,73312.5,3,-1185.0,earliest,0,45,562.5,73312.5,3,257.906,337.5,0
J041,A,221,1,2026-09-25 22:15:00,3,A-INS,M05,Light,2026-09-26 15:45:00,2026-09-26 18:00:00,0,135,135,10744.0,4,-1185.0,earliest,0,45,72.0,10744.0,4,33.012,25.2,0
J063,B,134,2,2026-09-26 00:00:00,1,B-CUT,M01,Medium,2026-09-26 11:15:00,2026-09-26 13:20:00,20,105,125,17564.4,3,-1155.0,earliest,0,46,130.8,17931.6,3,59.972,58.86,0
J063,B,134,2,2026-09-26 00:00:00,2,B-HT,M03,Maximum,2026-09-27 11:15:00,2026-09-27 14:45:00,0,210,210,67787.5,3,-2460.0,earliest,0,46,507.5,67787.5,3,232.689,304.5,0
J063,B,134,2,2026-09-26 00:00:00,3,B-ASM,M02,Medium,2026-09-27 14:45:00,2026-09-27 17:00:00,0,135,135,14726.25,0,-2460.0,earliest,0,46,123.75,14726.25,0,56.739,55.688,0
J009,B,166,1,2026-09-26 03:15:00,1,B-CUT,M01,Medium,2026-09-26 13:30:00,2026-09-26 15:45:00,0,135,135,19278.0,0,-1185.0,earliest,0,47,162.0,19278.0,0,74.277,72.9,0
J009,B,166,1,2026-09-26 03:15:00,2,B-HT,M03,Maximum,2026-09-27 14:45:00,2026-09-27 19:00:00,0,255,255,93053.75,8,-2565.0,earliest,0,47,616.25,93053.75,8,282.551,369.75,0
J009,B,166,1,2026-09-26 03:15:00,3,B-ASM,M02,Medium,2026-09-27 19:00:00,2026-09-27 22:00:00,0,180,180,23375.0,4,-2565.0,earliest,0,47,165.0,23375.0,4,75.652,74.25,0
J065,B,241,3,2026-09-26 06:30:00,1,B-CUT,M01,Medium,2026-09-26 15:45:00,2026-09-26 19:00:00,0,195,195,37638.0,8,-1380.0,earliest,0,48,234.0,37638.0,8,107.289,105.3,0
J065,B,241,3,2026-09-26 06:30:00,2,B-HT,M03,Maximum,2026-09-27 19:00:00,2026-09-28 01:15:00,0,375,375,99977.5,4,-2820.0,earliest,0,48,906.25,99977.5,4,415.516,543.75,0
J065,B,241,3,2026-09-26 06:30:00,3,B-ASM,M02,Medium,2026-09-28 06:00:00,2026-09-28 10:15:00,0,255,255,28325.0,1,-3105.0,earliest,0,48,233.75,28325.0,1,107.174,105.188,0
J056,A,170,2,2026-09-26 09:15:00,1,A-CUT,M01,Medium,2026-09-26 19:00:00,2026-09-26 21:35:00,20,135,155,23072.4,4,-1065.0,earliest,0,49,166.8,23439.6,4,76.478,75.06,0
J056,A,170,2,2026-09-26 09:15:00,2,A-PRS,M04,Maximum,2026-09-27 06:00:00,2026-09-27 09:30:00,0,210,210,41312.5,0,-1560.0,earliest,0,49,437.5,41312.5,0,200.594,262.5,0
J056,A,170,2,2026-09-26 09:15:00,3,A-INS,M05,Light,2026-09-27 14:45:00,2026-09-27 16:40:00,10,105,115,6854.4,0,-1890.0,earliest,0,49,57.067,6790.93,0,26.165,19.973,0
J003,A,179,1,2026-09-26 09:15:00,1,A-CUT,M01,Medium,2026-09-27 06:00:00,2026-09-27 08:15:00,0,135,135,13086.0,0,-1725.0,earliest,0,50,162.0,13086.0,0,74.277,72.9,0
J003,A,179,1,2026-09-26 09:15:00,2,A-PRS,M04,Maximum,2026-09-27 09:30:00,2026-09-27 13:15:00,0,225,225,72781.25,8,-1800.0,earliest,0,50,468.75,72781.25,8,214.922,281.25,0
J003,A,179,1,2026-09-26 09:15:00,3,A-INS,M05,Light,2026-09-27 16:45:00,2026-09-27 18:45:00,0,120,120,11424.0,7,-2010.0,earliest,0,50,64.0,11424.0,7,29.344,22.4,0
J010,A,289,1,2026-09-26 12:15:00,1,A-CUT,M01,Medium,2026-09-27 08:15:00,2026-09-27 12:00:00,0,225,225,41922.0,8,-1965.0,earliest,0,51,270.0,41922.0,8,123.795,121.5,0
J010,A,289,1,2026-09-26 12:15:00,2,A-PRS,M04,Maximum,2026-09-27 13:15:00,2026-09-27 19:15:00,0,360,360,108375.0,9,-2040.0,earliest,0,51,750.0,108375.0,9,343.875,450.0,0
J010,A,289,1,2026-09-26 12:15:00,3,A-INS,M05,Light,2026-09-28 08:00:00,2026-09-28 11:00:00,0,180,180,16000.0,4,-2805.0,earliest,0,51,96.0,16000.0,4,44.016,33.6,0
J050,B,78,3,2026-09-26 09:15:00,1,B-CUT,M01,Medium,2026-09-27 12:00:00,2026-09-27 13:20:00,20,60,80,9424.8,0,-1905.0,earliest,0,52,76.8,9139.2,0,35.213,34.56,0
J050,B,78,3,2026-09-26 09:15:00,2,B-HT,M03,Maximum,2026-09-28 01:15:00,2026-09-28 03:15:00,0,120,120,26100.0,0,-2610.0,earliest,0,52,290.0,26100.0,0,132.965,174.0,0
J050,B,78,3,2026-09-26 09:15:00,3,B-ASM,M02,Medium,2026-09-28 10:15:00,2026-09-28 11:45:00,0,90,90,18150.0,6,-3030.0,earliest,0,52,82.5,18150.0,6,37.826,37.125,0
J046,C,117,2,2026-09-26 16:00:00,1,C-ASM,M02,Medium,2026-09-21 18:45:00,2026-09-21 20:45:00,0,120,120,20900.0,5,6660.0,earliest,0,53,110.0,20900.0,5,50.435,49.5,0
J046,C,117,2,2026-09-26 16:00:00,2,C-HT,M03,Maximum,2026-09-22 06:15:00,2026-09-22 09:15:00,0,180,180,48212.5,0,6090.0,bottleneck_limited,0,53,435.0,48212.5,0,199.448,261.0,0
J046,C,117,2,2026-09-26 16:00:00,3,C-INS,M05,Light,2026-09-22 17:45:00,2026-09-22 19:00:00,0,75,75,8800.0,5,5580.0,earliest,0,53,40.0,8800.0,5,18.34,14.0,0
J025,B,232,3,2026-09-25 22:45:00,1,B-CUT,M01,Medium,2026-09-27 13:30:00,2026-09-27 16:30:00,0,180,180,25704.0,0,-3105.0,earliest,0,54,216.0,25704.0,0,99.036,97.2,0
J025,B,232,3,2026-09-25 22:45:00,2,B-HT,M03,Maximum,2026-09-28 03:15:00,2026-09-28 09:15:00,0,360,360,87362.5,0,-3750.0,earliest,0,54,870.0,87362.5,0,398.895,522.0,0
J025,B,232,3,2026-09-25 22:45:00,3,B-ASM,M02,Medium,2026-09-28 11:45:00,2026-09-28 15:45:00,0,240,240,31900.0,1,-3900.0,earliest,0,54,220.0,31900.0,1,100.87,99.0,0
J047,B,233,2,2026-09-26 03:15:00,1,B-CUT,M01,Medium,2026-09-27 16:30:00,2026-09-27 19:30:00,0,180,180,37944.0,10,-3015.0,earliest,0,55,216.0,37944.0,10,99.036,97.2,0
J047,B,233,2,2026-09-26 03:15:00,2,B-HT,M03,Maximum,2026-09-28 09:15:00,2026-09-28 15:15:00,0,360,360,145000.0,8,-3840.0,earliest,0,55,870.0,145000.0,8,398.895,522.0,0
J047,B,233,2,2026-09-26 03:15:00,3,B-ASM,M02,Medium,2026-09-28 15:45:00,2026-09-28 19:45:00,0,240,240,42900.0,11,-3870.0,earliest,0,55,220.0,42900.0,11,100.87,99.0,0
J077,A,154,1,2026-09-26 18:45:00,1,A-CUT,M01,Medium,2026-09-27 19:30:00,2026-09-27 21:50:00,20,120,140,18482.4,2,-1935.0,earliest,0,56,148.8,18849.6,2,68.225,66.96,0
J077,A,154,1,2026-09-26 18:45:00,2,A-PRS,M04,Maximum,2026-09-28 06:00:00,2026-09-28 09:15:00,0,195,195,44375.0,0,-2415.0,earliest,0,56,406.25,44375.0,0,186.266,243.75,0
J077,A,154,1,2026-09-26 18:45:00,3,A-INS,M05,Light,2026-09-28 11:00:00,2026-09-28 12:45:00,0,105,105,10400.0,4,-2520.0,earliest,0,56,56.0,10400.0,4,25.676,19.6,0
J062,A,286,1,2026-09-27 02:15:00,1,A-CUT,M01,Medium,2026-09-28 06:00:00,2026-09-28 09:45:00,0,225,225,30600.0,0,-2415.0,earliest,0,57,270.0,30600.0,0,123.795,121.5,0
J062,A,286,1,2026-09-27 02:15:00,2,A-PRS,M04,Maximum,2026-09-28 09:45:00,2026-09-28 15:30:00,0,345,345,120625.0,8,-2415.0,earliest,0,57,718.75,120625.0,8,329.547,431.25,0
J062,A,286,1,2026-09-27 02:15:00,3,A-INS,M05,Light,2026-09-28 15:30:00,2026-09-28 18:30:00,0,180,180,17280.0,6,-2415.0,earliest,0,57,96.0,17280.0,6,44.016,33.6,0
J074,B,116,2,2026-09-27 14:30:00,1,B-CUT,M01,Medium,2026-09-28 09:45:00,2026-09-28 11:35:00,20,90,110,25056.0,7,-1575.0,earliest,0,58,112.8,24528.0,7,51.719,50.76,0
J074,B,116,2,2026-09-27 14:30:00,2,B-HT,M03,Maximum,2026-09-28 15:15:00,2026-09-28 18:15:00,0,180,180,75400.0,5,-1785.0,earliest,0,58,435.0,75400.0,5,199.448,261.0,0
J074,B,116,2,2026-09-27 14:30:00,3,B-ASM,M02,Medium,2026-09-28 19:45:00,2026-09-28 21:45:00,0,120,120,16500.0,1,-1875.0,earliest,0,58,110.0,16500.0,1,50.435,49.5,0
J033,B,273,1,2026-09-26 10:45:00,1,B-CUT,M01,Medium,2026-09-28 11:45:00,2026-09-28 15:15:00,0,210,210,36720.0,1,-3855.0,earliest,0,59,252.0,36720.0,1,115.542,113.4,0
J033,B,273,1,2026-09-26 10:45:00,2,B-HT,M03,Maximum,2026-09-28 18:15:00,2026-09-29 01:15:00,0,420,420,138837.5,7,-4035.0,earliest,0,59,1015.0,138837.5,7,465.378,609.0,0
J033,B,273,1,2026-09-26 10:45:00,3,B-ASM,M02,Medium,2026-09-29 06:00:00,2026-09-29 10:45:00,0,285,285,34375.0,3,-4320.0,earliest,0,59,261.25,34375.0,3,119.783,117.562,0
J006,C,204,1,2026-09-26 17:00:00,1,C-ASM,M02,Medium,2026-09-29 10:45:00,2026-09-29 14:30:00,15,210,225,31955.0,5,-4620.0,earliest,0,60,195.25,31955.0,5,89.522,87.862,0
J006,C,204,1,2026-09-26 17:00:00,2,C-HT,M03,Maximum,2026-09-29 14:30:00,2026-09-29 20:20:00,35,315,350,144420.0,12,-4665.0,earliest,0,60,778.167,143743.33,12,356.789,466.9,0
J006,C,204,1,2026-09-26 17:00:00,3,C-INS,M05,Light,2026-09-30 08:00:00,2026-09-30 10:25:00,10,135,145,11584.0,2,-5370.0,earliest,0,60,73.067,11296.0,2,33.501,25.573,0
J043,B,75,1,2026-09-26 13:15:00,1,B-CUT,M01,Medium,2026-09-28 15:15:00,2026-09-28 16:15:00,0,60,60,10080.0,0,-3255.0,earliest,0,61,72.0,10080.0,0,33.012,32.4,0
J043,B,75,1,2026-09-26 13:15:00,2,B-HT,M03,Maximum,2026-09-29 01:15:00,2026-09-29 03:15:00,0,120,120,26100.0,0,-3795.0,earliest,0,61,290.0,26100.0,0,132.965,174.0,0
J043,B,75,1,2026-09-26 13:15:00,3,B-ASM,M02,Medium,2026-09-29 14:30:00,2026-09-29 16:00:00,15,75,90,10010.0,0,-4485.0,earliest,0,61,71.5,10010.0,0,32.783,32.175,0
J011,B,286,1,2026-09-26 23:15:00,1,B-CUT,M01,Medium,2026-09-28 16:15:00,2026-09-28 20:00:00,0,225,225,55080.0,12,-3420.0,earliest,0,62,270.0,55080.0,12,123.795,121.5,0
J011,B,286,1,2026-09-26 23:15:00,2,B-HT,M03,Maximum,2026-09-29 03:15:00,2026-09-29 10:30:00,0,435,435,118537.5,2,-3855.0,earliest,0,62,1051.25,118537.5,2,481.998,630.75,0
J011,B,286,1,2026-09-26 23:15:00,3,B-ASM,M02,Medium,2026-09-29 16:00:00,2026-09-29 21:00:00,0,300,300,51700.0,12,-4185.0,earliest,0,62,275.0,51700.0,12,126.088,123.75,0
J030,A,160,3,2026-09-27 04:45:00,1,A-CUT,M01,Medium,2026-09-29 06:00:00,2026-09-29 08:20:00,20,120,140,15408.0,0,-3405.0,earliest,0,63,148.8,14592.0,0,68.225,66.96,0
J030,A,160,3,2026-09-27 04:45:00,2,A-PRS,M04,Maximum,2026-09-29 08:30:00,2026-09-29 11:45:00,0,195,195,74375.0,7,-3405.0,earliest,0,63,406.25,74375.0,7,186.266,243.75,0
J030,A,160,3,2026-09-27 04:45:00,3,A-INS,M05,Light,2026-09-29 11:45:00,2026-09-29 13:30:00,0,105,105,8480.0,1,-3405.0,earliest,0,63,56.0,8480.0,1,25.676,19.6,0
J079,A,149,2,2026-09-27 08:15:00,1,A-CUT,M01,Medium,2026-09-29 08:30:00,2026-09-29 10:30:00,0,120,120,23040.0,2,-3285.0,earliest,0,64,144.0,23040.0,2,66.024,64.8,0
J079,A,149,2,2026-09-27 08:15:00,2,A-PRS,M04,Maximum,2026-09-29 11:45:00,2026-09-29 14:45:00,0,180,180,55000.0,1,-3360.0,earliest,0,64,375.0,55000.0,1,171.938,225.0,0
J079,A,149,2,2026-09-27 08:15:00,3,A-INS,M05,Light,2026-09-29 14:45:00,2026-09-29 16:15:00,0,90,90,6720.0,0,-3360.0,earliest,0,64,48.0,6720.0,0,22.008,16.8,0
J049,A,83,3,2026-09-26 17:15:00,1,A-CUT,M01,Medium,2026-09-24 20:45:00,2026-09-24 22:00:00,0,75,75,12600.0,0,2430.0,earliest,0,65,90.0,12600.0,0,41.265,40.5,0
J049,A,83,3,2026-09-26 17:15:00,2,A-PRS,M04,Maximum,2026-09-25 12:00:00,2026-09-25 13:45:00,0,105,105,30625.0,0,1650.0,energy_shift,60,65,218.75,30625.0,0,100.297,131.25,0
J049,A,83,3,2026-09-26 17:15:00,3,A-INS,M05,Light,2026-09-25 14:15:00,2026-09-25 15:15:00,0,60,60,4480.0,0,1560.0,earliest,0,65,32.0,4480.0,0,14.672,11.2,0
J072,C,166,2,2026-09-27 01:45:00,1,C-ASM,M02,Medium,2026-09-22 11:30:00,2026-09-22 14:30:00,0,180,180,25300.0,2,6075.0,earliest,0,66,165.0,25300.0,2,75.652,74.25,0
J072,C,166,2,2026-09-27 01:45:00,2,C-HT,M03,Maximum,2026-09-23 12:00:00,2026-09-23 16:15:00,0,255,255,86275.0,0,4785.0,bottleneck_limited,0,66,616.25,86275.0,0,282.551,369.75,0
J072,C,166,2,2026-09-27 01:45:00,3,C-INS,M05,Light,2026-09-25 15:15:00,2026-09-25 17:10:00,10,105,115,8704.0,1,1950.0,earliest,0,66,57.067,8416.0,1,26.165,19.973,0
J019,B,294,3,2026-09-27 10:15:00,1,B-CUT,M01,Medium,2026-09-29 10:30:00,2026-09-29 14:35:00,20,225,245,45144.0,6,-3900.0,earliest,0,67,274.8,45576.0,6,125.996,123.66,0
J019,B,294,3,2026-09-27 10:15:00,2,B-HT,M03,Maximum,2026-09-29 20:30:00,2026-09-30 04:35:00,35,450,485,106357.5,0,-4290.0,earliest,0,67,1104.417,106889.17,0,506.375,662.65,0
J019,B,294,3,2026-09-27 10:15:00,3,B-ASM,M02,Medium,2026-09-30 06:00:00,2026-09-30 11:00:00,0,300,300,37400.0,4,-4365.0,earliest,0,67,275.0,37400.0,4,126.088,123.75,0
J013,B,233,3,2026-09-26 22:15:00,1,B-CUT,M01,Medium,2026-09-29 14:45:00,2026-09-29 17:45:00,0,180,180,34560.0,3,-4650.0,earliest,0,68,216.0,34560.0,3,99.036,97.2,0
J013,B,233,3,2026-09-26 22:15:00,2,B-HT,M03,Maximum,2026-09-30 04:45:00,2026-09-30 10:45:00,0,360,360,106937.5,3,-5310.0,earliest,0,68,870.0,106937.5,3,398.895,522.0,0
J013,B,233,3,2026-09-26 22:15:00,3,B-ASM,M02,Medium,2026-09-30 11:00:00,2026-09-30 15:00:00,0,240,240,35200.0,4,-5325.0,earliest,0,68,220.0,35200.0,4,100.87,99.0,0
J029,A,289,1,2026-09-27 18:15:00,1,A-CUT,M01,Medium,2026-09-29 17:45:00,2026-09-29 21:50:00,20,225,245,49464.0,9,-3645.0,earliest,0,69,274.8,49896.0,9,125.996,123.66,0
J029,A,289,1,2026-09-27 18:15:00,2,A-PRS,M04,Maximum,2026-09-30 06:00:00,2026-09-30 12:00:00,0,360,360,112500.0,8,-4125.0,earliest,0,69,750.0,112500.0,8,343.875,450.0,0
J029,A,289,1,2026-09-27 18:15:00,3,A-INS,M05,Light,2026-09-30 12:00:00,2026-09-30 15:10:00,10,180,190,13664.0,0,-4140.0,earliest,0,69,97.067,13589.33,0,44.505,33.973,0
J066,A,103,2,2026-09-27 14:30:00,1,A-CUT,M01,Medium,2026-09-28 20:00:00,2026-09-28 21:50:00,20,90,110,16128.0,0,-2100.0,earliest,0,70,112.8,15792.0,0,51.719,50.76,0
J066,A,103,2,2026-09-27 14:30:00,2,A-PRS,M04,Maximum,2026-09-29 06:00:00,2026-09-29 08:15:00,0,135,135,26875.0,0,-2580.0,earliest,0,70,281.25,26875.0,0,128.953,168.75,0
J066,A,103,2,2026-09-27 14:30:00,3,A-INS,M05,Light,2026-09-29 08:15:00,2026-09-29 09:30:00,0,75,75,5600.0,0,-2580.0,earliest,0,70,40.0,5600.0,0,18.34,14.0,0
J007,C,70,1,2026-09-27 13:00:00,1,C-ASM,M02,Medium,2026-09-24 09:00:00,2026-09-24 10:15:00,0,75,75,10725.0,1,4335.0,earliest,0,71,68.75,10725.0,1,31.522,30.938,0
J007,C,70,1,2026-09-27 13:00:00,2,C-HT,M03,Maximum,2026-09-29 10:30:00,2026-09-29 12:50:00,35,105,140,49010.0,6,-2925.0,earliest,0,71,270.667,49880.0,6,124.101,162.4,0
J007,C,70,1,2026-09-27 13:00:00,3,C-INS,M05,Light,2026-09-29 16:15:00,2026-09-29 17:10:00,10,45,55,4224.0,1,-3135.0,earliest,0,71,25.067,3936.0,1,11.493,8.773,0
J045,B,127,1,2026-09-27 12:00:00,1,B-CUT,M01,Medium,2026-09-30 06:00:00,2026-09-30 08:05:00,20,105,125,12888.0,0,-4425.0,earliest,0,72,130.8,12072.0,0,59.972,58.86,0
J045,B,127,1,2026-09-27 12:00:00,2,B-HT,M03,Maximum,2026-09-30 10:45:00,2026-09-30 14:00:00,0,195,195,80475.0,5,-4575.0,earliest,0,72,471.25,80475.0,5,216.068,282.75,0
J045,B,127,1,2026-09-27 12:00:00,3,B-ASM,M02,Medium,2026-09-30 15:00:00,2026-09-30 17:15:00,0,135,135,18425.0,1,-4635.0,earliest,0,72,123.75,18425.0,1,56.739,55.688,0
J017,B,202,3,2026-09-27 12:00:00,1,B-CUT,M01,Medium,2026-09-30 08:15:00,2026-09-30 11:00:00,0,165,165,33480.0,4,-4785.0,earliest,0,73,198.0,33480.0,4,90.783,89.1,0
J017,B,202,3,2026-09-27 12:00:00,2,B-HT,M03,Maximum,2026-09-30 14:00:00,2026-09-30 19:15:00,0,315,315,132675.0,9,-4965.0,earliest,0,73,761.25,132675.0,9,349.033,456.75,0
J017,B,202,3,2026-09-27 12:00:00,3,B-ASM,M02,Medium,2026-10-01 06:00:00,2026-10-01 09:30:00,0,210,210,21450.0,0,-5610.0,earliest,0,73,192.5,21450.0,0,88.261,86.625,0
J023,C,71,2,2026-09-27 20:00:00,1,C-ASM,M02,Medium,2026-10-01 09:30:00,2026-10-01 11:00:00,15,75,90,14410.0,4,-5385.0,earliest,0,74,71.5,14410.0,4,32.783,32.175,0
J023,C,71,2,2026-09-27 20:00:00,2,C-HT,M03,Maximum,2026-10-01 11:00:00,2026-10-01 13:35:00,35,120,155,48285.0,4,-5430.0,earliest,0,74,306.917,49155.0,4,140.721,184.15,0
J023,C,71,2,2026-09-27 20:00:00,3,C-INS,M05,Light,2026-10-01 13:45:00,2026-10-01 14:40:00,10,45,55,3584.0,0,-5445.0,earliest,0,74,25.067,3509.33,0,11.493,8.773,0
J021,B,249,1,2026-09-27 15:00:00,1,B-CUT,M01,Medium,2026-09-30 11:00:00,2026-09-30 14:15:00,0,195,195,38520.0,4,-4905.0,earliest,0,75,234.0,38520.0,4,107.289,105.3,0
J021,B,249,1,2026-09-27 15:00:00,2,B-HT,M03,Maximum,2026-09-30 19:15:00,2026-10-01 01:30:00,0,375,375,110200.0,3,-5205.0,earliest,0,75,906.25,110200.0,3,415.516,543.75,0
J021,B,249,1,2026-09-27 15:00:00,3,B-ASM,M02,Medium,2026-10-01 11:00:00,2026-10-01 15:30:00,15,255,270,36630.0,4,-5790.0,earliest,0,75,236.5,36630.0,4,108.435,106.425,0
J073,C,278,3,2026-09-27 20:00:00,1,C-ASM,M02,Medium,2026-10-01 15:30:00,2026-10-01 20:30:00,15,285,300,50160.0,12,-6390.0,earliest,0,76,264.0,50160.0,12,121.044,118.8,0
J073,C,278,3,2026-09-27 20:00:00,2,C-HT,M03,Maximum,2026-10-01 20:30:00,2026-10-02 03:30:00,0,420,420,102225.0,0,-6390.0,earliest,0,76,1015.0,102225.0,0,465.378,609.0,0
J073,C,278,3,2026-09-27 20:00:00,3,C-INS,M05,Light,2026-10-02 08:00:00,2026-10-02 11:00:00,0,180,180,16000.0,4,-6660.0,earliest,0,76,96.0,16000.0,4,44.016,33.6,0
J002,B,278,1,2026-09-27 22:00:00,1,B-CUT,M01,Medium,2026-09-30 14:15:00,2026-09-30 17:45:00,0,210,210,39600.0,3,-4770.0,earliest,0,77,252.0,39600.0,3,115.542,113.4,0
J002,B,278,1,2026-09-27 22:00:00,2,B-HT,M03,Maximum,2026-10-01 01:30:00,2026-10-01 08:30:00,0,420,420,94975.0,0,-5235.0,earliest,0,77,1015.0,94975.0,0,465.378,609.0,0
J002,B,278,1,2026-09-27 22:00:00,3,B-ASM,M02,Medium,2026-10-02 06:00:00,2026-10-02 11:00:00,15,285,300,36410.0,4,-6540.0,earliest,0,77,264.0,36410.0,4,121.044,118.8,0
J036,B,287,2,2026-09-27 18:30:00,1,B-CUT,M01,Medium,2026-09-30 17:45:00,2026-09-30 21:30:00,0,225,225,50760.0,9,-5235.0,earliest,0,78,270.0,50760.0,9,123.795,121.5,0
J036,B,287,2,2026-09-27 18:30:00,2,B-HT,M03,Maximum,2026-10-02 03:30:00,2026-10-02 11:20:00,35,435,470,139345.0,6,-7080.0,earliest,0,78,1068.167,135768.33,6,489.754,640.9,0
J036,B,287,2,2026-09-27 18:30:00,3,B-ASM,M02,Medium,2026-10-02 11:30:00,2026-10-02 16:30:00,0,300,300,40700.0,2,-7080.0,earliest,0,78,275.0,40700.0,2,126.088,123.75,0
J058,C,297,2,2026-09-27 17:30:00,1,C-ASM,M02,Medium,2026-10-02 16:30:00,2026-10-02 21:45:00,15,300,315,52085.0,12,-8085.0,earliest,0,79,277.75,52085.0,12,127.348,124.988,0
J058,C,297,2,2026-09-27 17:30:00,2,C-HT,M03,Maximum,2026-10-02 21:45:00,2026-10-03 05:50:00,35,450,485,88015.0,0,-8130.0,earliest,0,79,1104.417,87918.33,0,506.375,662.65,0
J058,C,297,2,2026-09-27 17:30:00,3,C-INS,M05,Light,2026-10-03 08:00:00,2026-10-03 11:00:00,0,180,180,13600.0,4,-8250.0,earliest,0,79,96.0,13600.0,4,44.016,33.6,0
